chart,bucket_label,raw_level,num_events,chart_span_seconds,events_per_second,mean_density_500ms,p90_density_500ms,touch_ratio,compound_ratio,cross_zone_ratio,inner_add_ge2_ratio,inner_count_ge2_ratio,slide_active_ratio,hold_active_ratio,slide_conflict_ratio,mean_outer_move_dist,mean_slide_span,max_slide_span,outer_move_p90,outer_move_p95,outer_move_ge_0_25_ratio,outer_move_ge_0_375_ratio,outer_move_ge_0_5_ratio,busy_ratio,busy_outer_move_mean,busy_outer_move_p90,busy_compound_ratio,busy_cross_zone_ratio,busy_inner_add_ge2_ratio,busy_density_mean,busy_density_p90,dual_outer_ratio,dual_outer_span_mean,dual_outer_span_p90,dual_outer_wide_ratio,span_jump_mean,span_jump_p90,span_jump_ge_0_5_ratio,active_to_tap_ratio,active_to_compound_ratio,slide_conflict_when_busy_ratio,hold_only_ratio,slide_only_ratio,compound_with_slide_ratio,interval_cv,interval_entropy,rhythm_switch_ratio,short_long_alternation_ratio,low_density_rhythm_switch_ratio,nonburst_rhythm_switch_ratio,slide_density_mean,slide_density_p90,slide_outer_move_p90,slide_compound_ratio,slide_span_p90,long_slide_ratio,slide_span_jump_p90,slide_conflict_active_ratio,slide_tap_interrupt_ratio
10030_master,13+,13.7,374.0,87.719298,4.2636,3.018716,4.999997,0.013369,0.090909,0.013369,0.024064,0.024064,0.31016,0.026738,0.042781,0.170455,1.165775,6.0,0.375,0.5,0.315508,0.122995,0.064171,0.336898,0.188492,0.5,0.246032,0.015873,0.031746,2.531745,2.999999,0.278075,0.600962,1.0,0.769231,0.228155,0.5,0.262136,0.933333,0.05,0.126984,0.026738,0.31016,0.082888,0.933658,1.211121,0.344086,0.088949,0.370482,0.344086,2.525861,2.999999,0.5,0.267241,5.0,0.172414,2.0,0.137931,0.112069
10070_master,14+,14.6,578.0,91.0125,6.350776,5.153979,8.000004,0.16609,0.053633,0.00519,0.083045,0.086505,0.103806,0.297578,0.020761,0.141869,0.411765,6.0,0.375,0.375,0.314879,0.133218,0.015571,0.401384,0.190733,0.375,0.12069,0.0,0.025862,4.37931,7.000004,0.15917,0.774457,1.0,0.978261,0.082418,0.25,0.098901,1.0,0.0,0.051724,0.297578,0.103806,0.044983,1.198118,2.064206,0.442708,0.344348,0.575342,0.392097,2.766666,4.0,0.25,0.433333,6.0,0.2,1.2,0.2,0.066667
100_remaster,13,13.2,357.0,119.8,2.979967,2.20168,2.999999,0.0,0.028011,0.0,0.0,0.0,0.285714,0.170868,0.114846,0.170868,1.212885,7.0,0.375,0.5,0.35014,0.201681,0.098039,0.448179,0.148438,0.5,0.0625,0.0,0.0,2.031249,2.999999,0.131653,0.643617,1.0,0.787234,0.211957,0.5,0.304348,1.0,0.0,0.25625,0.162465,0.277311,0.028011,0.648706,1.069376,0.470423,0.29661,0.470423,0.470423,2.07843,2.999999,0.5,0.098039,6.0,0.441176,1.0,0.401961,0.382353
10117_master,13,13.2,359.0,120.0,2.991667,2.225626,4.0,0.038997,0.094708,0.022284,0.0,0.0,0.342618,0.167131,0.133705,0.155641,1.181058,7.0,0.375,0.5,0.261838,0.10585,0.05571,0.481894,0.145231,0.25,0.150289,0.0,0.0,2.242774,2.999999,0.21727,0.503205,1.0,0.653846,0.168831,0.5,0.233766,1.0,0.0,0.277457,0.139276,0.314763,0.064067,0.926443,1.220805,0.319328,0.117978,0.31831,0.322034,2.317072,2.999999,0.25,0.186992,5.0,0.186992,2.0,0.390244,0.317073
10122_master,13,13.0,308.0,101.833334,3.02455,2.308441,2.999999,0.038961,0.094156,0.061688,0.045455,0.045455,0.327922,0.188312,0.061688,0.145698,1.37013,7.0,0.375,0.5,0.301948,0.155844,0.074675,0.49026,0.154801,0.375,0.119205,0.05298,0.006623,2.337747,2.999999,0.230519,0.605634,1.0,0.676056,0.235714,0.75,0.328571,0.944444,0.027778,0.125828,0.162338,0.301948,0.019481,0.772525,1.348772,0.620915,0.416393,0.622951,0.627063,2.316831,2.999999,0.375,0.059406,6.0,0.287129,2.0,0.188119,0.118812
10145_master,13,13.4,279.0,75.46875,3.696894,2.806451,4.0,0.02509,0.107527,0.021505,0.003584,0.003584,0.25448,0.086022,0.02509,0.165323,0.831541,5.0,0.375,0.5,0.326165,0.197133,0.086022,0.333333,0.182796,0.475,0.311828,0.053763,0.0,2.698924,2.999999,0.265233,0.601351,1.0,0.72973,0.212329,0.5,0.232877,0.960784,0.0,0.075269,0.078853,0.247312,0.075269,0.579973,1.259465,0.396364,0.234432,0.399267,0.396364,2.760562,2.999999,0.5,0.295775,4.0,0.056338,2.0,0.098592,0.098592
10187_master,13,13.3,427.0,117.692308,3.628105,2.882903,4.0,0.032787,0.093677,0.0,0.028103,0.028103,0.266979,0.119438,0.032787,0.166862,1.063232,7.0,0.375,0.5,0.334895,0.166276,0.088993,0.370023,0.196994,0.5,0.253165,0.0,0.0,2.481012,2.999999,0.302108,0.585271,1.0,0.728682,0.203125,0.5,0.273438,0.928571,0.0,0.088608,0.103044,0.250585,0.093677,0.839524,1.313868,0.472941,0.275943,0.483791,0.496259,2.499999,2.999999,0.5,0.350877,6.0,0.27193,3.0,0.122807,0.087719
10190_master,13,13.1,496.0,135.517242,3.660051,2.893144,4.999997,0.022177,0.106855,0.0,0.0,0.0,0.227823,0.15121,0.046371,0.167843,0.758065,5.0,0.375,0.5,0.318548,0.153226,0.066532,0.370968,0.16712,0.375,0.288043,0.0,0.0,2.418477,2.999999,0.262097,0.590385,1.0,0.807692,0.199612,0.5,0.217054,1.0,0.0,0.125,0.143145,0.219758,0.080645,0.883663,1.349459,0.206478,0.06288,0.235023,0.206478,2.663716,2.999999,0.5,0.353982,4.0,0.088496,2.0,0.20354,0.168142
10193_master,13,13.4,567.0,109.706896,5.168317,3.477953,4.999997,0.031746,0.024691,0.0,0.0194,0.0194,0.104056,0.056437,0.026455,0.197972,0.363316,6.0,0.375,0.5,0.409171,0.202822,0.084656,0.156966,0.245787,0.5,0.157303,0.0,0.0,3.07865,4.999997,0.246914,0.5,0.75,0.55,0.215827,0.5,0.323741,0.829787,0.0,0.168539,0.05291,0.100529,0.010582,0.693103,1.322278,0.345133,0.134752,0.397917,0.363128,3.101694,4.999997,0.5,0.101695,4.2,0.101695,2.0,0.254237,0.220339
10199_master,13,13.0,484.0,120.342857,4.021842,2.787189,4.0,0.10124,0.008264,0.0,0.0,0.0,0.204545,0.080579,0.014463,0.13688,0.747934,6.0,0.375,0.5,0.272727,0.136364,0.092975,0.280992,0.214154,0.5,0.029412,0.0,0.0,2.257352,2.999999,0.206612,0.4875,0.75,0.54,0.143939,0.5,0.191919,0.946667,0.0,0.051471,0.076446,0.200413,0.008264,0.793363,1.22939,0.288382,0.110187,0.303097,0.288382,2.31313,2.999999,0.5,0.040404,5.0,0.181818,2.0,0.070707,0.060606
101_master,13+,13.6,441.0,89.2,4.943946,3.160997,4.0,0.0,0.002268,0.0,0.0,0.0,0.020408,0.145125,0.004535,0.193594,0.06576,4.0,0.375,0.5,0.362812,0.219955,0.070295,0.165533,0.188356,0.375,0.013699,0.0,0.0,2.931505,2.999999,0.111111,0.44898,0.75,0.44898,0.208333,0.5,0.3125,1.0,0.0,0.027397,0.145125,0.020408,0.002268,0.56422,1.066945,0.275626,0.079909,0.291566,0.275626,2.888888,3.199999,0.375,0.111111,4.0,0.0,1.0,0.222222,0.222222
10202_master,13,13.4,582.0,133.3125,4.365682,3.185566,5.999999,0.034364,0.116838,0.060137,0.032646,0.032646,0.19244,0.070447,0.015464,0.154424,0.647766,5.0,0.375,0.5,0.254296,0.139175,0.065292,0.256014,0.13255,0.375,0.234899,0.013423,0.013423,2.724831,4.0,0.24055,0.580357,1.0,0.642857,0.264388,0.5,0.374101,0.922078,0.012987,0.060403,0.063574,0.185567,0.053265,0.650377,1.35511,0.303448,0.153713,0.363636,0.303448,2.705356,4.0,0.375,0.276786,4.0,0.026786,2.0,0.080357,0.044643
10204_master,13,13.5,487.0,106.666667,4.565625,3.289527,4.999997,0.051335,0.030801,0.0,0.002053,0.002053,0.25462,0.094456,0.032854,0.175308,0.934292,6.0,0.375,0.5,0.402464,0.13963,0.088296,0.349076,0.184559,0.5,0.088235,0.0,0.0,2.85294,4.0,0.158111,0.649351,1.0,0.688312,0.220395,0.625,0.302632,1.0,0.0,0.094118,0.094456,0.25462,0.030801,0.815285,1.172839,0.31134,0.059917,0.305361,0.31134,2.806451,4.0,0.5,0.120968,5.0,0.201613,2.0,0.129032,0.056452
1020_master,13+,13.8,557.0,116.363636,4.786719,3.416516,4.999997,0.0,0.017953,0.0,0.0,0.0,0.210054,0.08079,0.068223,0.204892,0.67325,5.0,0.5,0.5,0.456014,0.217235,0.109515,0.263914,0.238946,0.5,0.068027,0.0,0.0,2.544217,4.999997,0.253142,0.542553,0.75,0.64539,0.192857,0.5,0.228571,1.0,0.0,0.258503,0.05386,0.183124,0.010772,0.732223,1.407392,0.407207,0.238267,0.449244,0.410163,2.504273,4.399999,0.5,0.051282,5.0,0.196581,2.0,0.324786,0.205128
10225_master,13,13.4,524.0,122.468857,4.278639,3.122137,4.999997,0.038168,0.040076,0.001908,0.0,0.0,0.299618,0.104962,0.04771,0.187261,1.25,7.0,0.375,0.5,0.366412,0.196565,0.082061,0.40458,0.221698,0.5,0.099057,0.004717,0.0,2.632075,4.0,0.198473,0.560096,1.0,0.769231,0.218447,0.5,0.223301,0.877358,0.0,0.117925,0.104962,0.299618,0.038168,0.619987,1.852925,0.264368,0.088292,0.287257,0.275449,2.452228,2.999999,0.5,0.127389,6.0,0.273885,2.0,0.159236,0.146497
10235_master,14,14.1,586.0,106.388889,5.508094,4.808874,8.000004,0.303754,0.083618,0.081911,0.039249,0.039249,0.196246,0.030717,0.090444,0.106442,0.783276,7.0,0.375,0.5,0.18942,0.104096,0.066553,0.226962,0.160714,0.5,0.007519,0.0,0.0,2.270676,2.999999,0.056314,0.507576,0.75,0.727273,0.148438,0.475,0.125,0.788462,0.038462,0.398496,0.030717,0.196246,0.001706,1.146757,1.99163,0.393836,0.243568,0.559441,0.517134,2.286956,2.999999,0.5,0.008696,5.0,0.113043,0.7,0.46087,0.452174
10242_master,13,13.3,441.0,121.263158,3.636719,2.823128,4.0,0.031746,0.0839,0.0,0.006803,0.006803,0.326531,0.097506,0.077098,0.191327,1.231293,7.0,0.375,0.5,0.419501,0.174603,0.07483,0.401361,0.219633,0.5,0.20904,0.0,0.00565,2.644067,4.0,0.238095,0.540476,1.0,0.571429,0.266827,0.5,0.365385,0.921053,0.0,0.19209,0.07483,0.303855,0.07483,0.869226,1.288919,0.47836,0.262557,0.48951,0.480549,2.499999,4.0,0.5,0.229167,5.0,0.201389,2.0,0.236111,0.166667
10251_master,13,13.3,441.0,104.08667,4.236854,3.276643,4.0,0.054422,0.058957,0.0,0.020408,0.020408,0.213152,0.102041,0.047619,0.172336,0.85941,6.0,0.375,0.5,0.31746,0.160998,0.077098,0.312925,0.194746,0.5,0.188406,0.0,0.0,3.05797,4.0,0.217687,0.546875,1.0,0.6875,0.223684,0.5,0.252632,0.974684,0.0,0.152174,0.099773,0.210884,0.052154,0.655519,1.404373,0.373576,0.182648,0.366995,0.381395,3.234042,4.0,0.5,0.244681,5.0,0.308511,2.0,0.223404,0.212766
10288_master,13+,13.8,500.0,103.742273,4.819636,3.753999,5.999999,0.084,0.066,0.0,0.022,0.022,0.078,0.088,0.006,0.15,0.288,6.0,0.375,0.375,0.288,0.114,0.042,0.164,0.140244,0.375,0.402439,0.0,0.02439,2.939023,4.0,0.284,0.507042,1.0,0.591549,0.200355,0.5,0.234043,0.886792,0.0,0.036585,0.086,0.076,0.034,0.940129,1.490946,0.369478,0.124748,0.346995,0.369478,2.871794,4.4,0.375,0.435897,5.0,0.153846,2.0,0.076923,0.076923
10301_master,13,13.5,485.0,105.6,4.592803,3.676288,4.999997,0.152577,0.028866,0.006186,0.043299,0.043299,0.220619,0.072165,0.010309,0.140206,0.808247,6.0,0.375,0.5,0.290722,0.162887,0.053608,0.286598,0.18795,0.5,0.079137,0.0,0.007194,3.093525,4.0,0.131959,0.589844,1.0,0.578125,0.210317,0.7,0.301587,0.921053,0.0,0.035971,0.065979,0.214433,0.020619,1.070512,1.404632,0.306418,0.128631,0.298795,0.345324,2.981308,4.0,0.5,0.093458,5.0,0.261682,2.0,0.046729,0.037383
10302_master,13,13.4,489.0,119.825581,4.080932,2.862984,4.999997,0.067485,0.051125,0.0,0.014315,0.02454,0.220859,0.175869,0.08589,0.147751,0.985685,7.0,0.375,0.375,0.296524,0.114519,0.0409,0.390593,0.16623,0.375,0.13089,0.0,0.0,2.497381,2.999999,0.208589,0.632353,1.0,0.784314,0.227723,0.5,0.257426,0.906667,0.0,0.219895,0.169734,0.214724,0.0409,0.984967,1.531303,0.254658,0.202083,0.273942,0.254658,2.49074,2.999999,0.375,0.185185,7.0,0.361111,2.4,0.388889,0.37963
10303_master,13,13.3,467.0,117.454546,3.976006,2.946466,4.999997,0.017131,0.053533,0.002141,0.002141,0.002141,0.211991,0.111349,0.042827,0.178533,0.852248,6.0,0.375,0.5,0.379015,0.143469,0.053533,0.314775,0.17602,0.375,0.163265,0.0,0.0,2.353741,2.999999,0.33833,0.607595,1.0,0.696203,0.242038,0.5,0.312102,1.0,0.0,0.136054,0.102784,0.203426,0.049251,0.860092,1.298064,0.434409,0.159483,0.460808,0.441048,2.505049,3.199999,0.375,0.232323,6.0,0.232323,2.0,0.20202,0.20202
10315_master,13,13.0,479.0,129.416058,3.701241,2.797494,4.0,0.035491,0.087683,0.014614,0.014614,0.014614,0.212944,0.100209,0.031315,0.151096,0.778706,6.0,0.375,0.375,0.271399,0.106472,0.045929,0.290188,0.169964,0.375,0.251799,0.0,0.0,2.568344,2.999999,0.263048,0.561508,1.0,0.587302,0.196,0.5,0.248,0.96,0.0,0.107914,0.077244,0.189979,0.056367,0.706002,1.329387,0.431866,0.180672,0.450766,0.43129,2.607842,2.999999,0.375,0.264706,5.0,0.254902,2.0,0.147059,0.127451
10319_master,13,13.5,512.0,129.130434,3.964983,2.855468,4.0,0.21875,0.013672,0.0,0.068359,0.070312,0.185547,0.136719,0.025391,0.139404,0.689453,6.0,0.375,0.5,0.3125,0.144531,0.064453,0.320312,0.200457,0.5,0.042683,0.0,0.0,2.57317,4.0,0.107422,0.590909,1.0,0.654545,0.277778,0.5,0.388889,0.858974,0.0,0.079268,0.134766,0.183594,0.001953,1.186726,1.511764,0.301961,0.129666,0.304348,0.30315,2.631578,4.0,0.5,0.010526,5.0,0.126316,2.0,0.136842,0.105263
10363_master,13+,13.6,753.0,119.68421,6.291557,5.018592,8.000004,0.069057,0.017264,0.002656,0.027888,0.027888,0.065073,0.039841,0.002656,0.165007,0.249668,6.0,0.375,0.5,0.245684,0.162019,0.071713,0.104914,0.148734,0.375,0.164557,0.025316,0.0,3.405062,4.999997,0.217795,0.61128,0.75,0.756098,0.171779,0.5,0.245399,0.756098,0.0,0.025316,0.039841,0.065073,0.011952,1.370363,1.752365,0.343708,0.121253,0.347044,0.492986,3.306122,4.999997,0.4,0.183673,5.0,0.142857,2.0,0.040816,0.040816
10366_master,13+,13.7,476.0,111.085714,4.284979,3.210083,4.999997,0.115546,0.048319,0.0,0.031513,0.031513,0.264706,0.195378,0.128151,0.142595,0.968487,5.0,0.375,0.5,0.296218,0.153361,0.065126,0.457983,0.143922,0.5,0.105505,0.0,0.004587,2.848623,4.999997,0.182773,0.468391,0.85,0.482759,0.22093,0.75,0.290698,0.838235,0.0,0.279817,0.193277,0.262605,0.027311,0.919959,1.718728,0.383966,0.112051,0.397129,0.423256,3.166666,4.999997,0.5,0.103175,5.0,0.293651,2.0,0.484127,0.452381
10367_master,13+,13.7,454.0,115.114286,3.943907,3.074889,4.999997,0.066079,0.068282,0.015419,0.017621,0.017621,0.255507,0.077093,0.039648,0.169328,0.951542,6.0,0.375,0.5,0.374449,0.169604,0.079295,0.321586,0.185788,0.5,0.205479,0.041096,0.0,2.28767,2.999999,0.257709,0.574786,1.0,0.649573,0.1875,0.5,0.206897,0.916667,0.016667,0.123288,0.066079,0.244493,0.057269,1.179307,1.69284,0.413717,0.190687,0.481481,0.420225,2.232758,2.999999,0.5,0.224138,5.0,0.172414,2.0,0.155172,0.155172
10375_master,13,13.2,398.0,116.129032,3.427222,2.839195,4.0,0.025126,0.082915,0.002513,0.012563,0.012563,0.298995,0.188442,0.057789,0.17902,1.113065,7.0,0.375,0.5,0.41206,0.178392,0.067839,0.477387,0.206579,0.375,0.173684,0.005263,0.005263,2.805262,4.0,0.319095,0.588583,1.0,0.614173,0.242063,0.75,0.325397,0.948718,0.0,0.121053,0.178392,0.288945,0.057789,1.23927,1.344076,0.498721,0.251928,0.501299,0.501285,2.756302,4.0,0.375,0.193277,4.0,0.058824,1.3,0.193277,0.109244
10404_master,13,13.4,471.0,117.333333,4.014205,2.864118,4.0,0.016985,0.070064,0.0,0.002123,0.002123,0.214437,0.131635,0.046709,0.187898,0.692144,6.0,0.375,0.5,0.426752,0.14862,0.063694,0.333333,0.192675,0.375,0.210191,0.0,0.0,2.726114,4.0,0.305732,0.583333,1.0,0.673611,0.269231,0.75,0.384615,1.0,0.0,0.140127,0.118896,0.201699,0.059448,0.69168,1.261915,0.383795,0.200855,0.379691,0.383795,2.900989,4.999997,0.375,0.277228,5.0,0.108911,2.0,0.217822,0.178218
10411_master,14,14.5,837.0,132.4375,6.319962,5.223417,8.999999,0.010753,0.019116,0.0,0.004779,0.004779,0.142174,0.072879,0.032258,0.212963,0.531661,6.0,0.5,0.5,0.485066,0.27957,0.120669,0.213859,0.201117,0.5,0.089385,0.0,0.0,3.782122,7.000004,0.105137,0.465909,0.75,0.5,0.204023,0.5,0.287356,0.97619,0.0,0.150838,0.071685,0.14098,0.019116,1.20996,1.577747,0.221557,0.11271,0.345088,0.267153,3.899159,7.000004,0.5,0.134454,5.0,0.210084,2.0,0.226891,0.210084
10422_master,13+,13.9,615.0,123.076923,4.996875,3.590243,5.999999,0.058537,0.058537,0.004878,0.004878,0.004878,0.16748,0.128455,0.04878,0.173984,0.59187,6.0,0.375,0.5,0.396748,0.143089,0.055285,0.295935,0.162088,0.375,0.197802,0.016484,0.016484,3.15934,4.999997,0.258537,0.586478,1.0,0.786164,0.189873,0.5,0.265823,0.978261,0.0,0.164835,0.128455,0.16748,0.04065,0.818226,1.361573,0.368679,0.173203,0.409736,0.366723,3.058251,4.999997,0.375,0.242718,4.0,0.087379,2.0,0.291262,0.23301
10493_master,13+,13.9,573.0,111.62069,5.133457,3.78534,5.999999,0.057592,0.038394,0.010471,0.020942,0.020942,0.148342,0.17103,0.062827,0.181501,0.47993,5.0,0.375,0.375,0.455497,0.157068,0.033159,0.315881,0.189227,0.375,0.099448,0.01105,0.01105,3.049723,4.0,0.141361,0.62963,1.0,0.82716,0.240625,0.525,0.35,0.907895,0.013158,0.198895,0.167539,0.144852,0.008726,1.017107,1.56575,0.394046,0.178947,0.483645,0.443787,3.082352,4.0,0.375,0.058824,4.0,0.070588,1.0,0.423529,0.305882
1051_master,14,14.2,644.0,149.333333,4.3125,3.987577,7.000004,0.0,0.069876,0.0,0.0,0.0,0.164596,0.113354,0.055901,0.21021,0.639752,6.0,0.5,0.5,0.420807,0.23913,0.10559,0.26087,0.231399,0.5,0.267857,0.0,0.0,3.107142,5.999999,0.262422,0.531065,1.0,0.585799,0.241071,0.5,0.345238,1.0,0.0,0.214286,0.096273,0.147516,0.048137,1.592159,1.729421,0.349606,0.146919,0.482599,0.396429,3.688678,7.000004,0.5,0.292453,6.0,0.264151,2.0,0.339623,0.330189
10552_master,13,13.2,489.0,129.571429,3.77398,2.689161,4.0,0.05317,0.03272,0.0,0.002045,0.00818,0.278119,0.224949,0.06544,0.174847,1.04499,6.0,0.5,0.5,0.388548,0.171779,0.110429,0.468303,0.212336,0.5,0.069869,0.0,0.0,2.537117,4.0,0.151329,0.584459,1.0,0.797297,0.263699,0.75,0.328767,0.985714,0.0,0.139738,0.190184,0.243354,0.03272,0.671994,1.164414,0.439425,0.271605,0.439425,0.439425,2.55147,4.0,0.5,0.117647,5.0,0.294118,2.0,0.235294,0.044118
10572_master,13,13.5,677.0,140.775862,4.809063,3.129984,4.999997,0.119645,0.069424,0.0,0.035451,0.035451,0.153619,0.159527,0.029542,0.168205,0.490399,6.0,0.375,0.5,0.311669,0.181684,0.078287,0.311669,0.203791,0.375,0.222749,0.0,0.033175,2.867297,4.999997,0.255539,0.650289,1.0,0.809249,0.231105,0.5,0.313953,0.974138,0.0,0.094787,0.15805,0.152142,0.033973,0.646384,1.2662,0.325926,0.130564,0.333333,0.325926,2.807691,2.999999,0.375,0.221154,4.0,0.028846,2.0,0.192308,0.153846
10574_master,13+,13.9,686.0,124.864864,5.493939,4.018949,5.999999,0.043732,0.023324,0.005831,0.005831,0.005831,0.03207,0.134111,0.010204,0.182945,0.122449,5.0,0.375,0.5,0.389213,0.185131,0.067055,0.16035,0.155682,0.375,0.118182,0.009091,0.036364,3.127272,4.999997,0.161808,0.445946,0.75,0.486486,0.188636,0.5,0.2,0.945455,0.018182,0.063636,0.12828,0.026239,0.008746,1.083551,1.457928,0.330409,0.187408,0.467391,0.376667,4.090908,4.999997,0.5,0.272727,5.0,0.363636,2.0,0.318182,0.318182
10593_master,13,13.5,637.0,132.375,4.812087,3.643641,4.999997,0.161695,0.039246,0.0,0.059655,0.059655,0.145997,0.178964,0.054945,0.146389,0.475667,5.0,0.375,0.375,0.342229,0.124019,0.040816,0.324961,0.092391,0.25,0.120773,0.0,0.05314,3.323671,4.999997,0.197802,0.595238,1.0,0.674603,0.192,0.5,0.192,0.904762,0.0,0.169082,0.178964,0.145997,0.026688,0.862717,1.73108,0.451969,0.253943,0.50478,0.488095,3.010752,4.0,0.35,0.182796,4.0,0.043011,2.0,0.376344,0.247312
10602_master,14,14.0,716.0,137.0,5.226277,4.216479,5.999999,0.051676,0.041899,0.015363,0.005587,0.005587,0.157821,0.152235,0.048883,0.166725,0.594972,7.0,0.375,0.5,0.349162,0.148045,0.065642,0.308659,0.164027,0.375,0.095023,0.00905,0.0,3.285067,4.999997,0.153631,0.638636,1.0,0.809091,0.18578,0.5,0.275229,0.928,0.008,0.158371,0.150838,0.156425,0.023743,1.357941,1.44419,0.303922,0.110799,0.320158,0.332822,3.38938,4.999997,0.375,0.150442,5.0,0.176991,2.0,0.309735,0.221239
10625_master,13+,13.8,567.0,114.0,4.973684,3.62081,5.399998,0.061728,0.065256,0.024691,0.029982,0.029982,0.201058,0.098765,0.075838,0.154762,0.664903,5.0,0.375,0.5,0.306878,0.132275,0.063492,0.299824,0.165441,0.375,0.158824,0.023529,0.0,3.25294,4.999997,0.239859,0.652574,1.0,0.838235,0.196296,0.5,0.266667,0.857143,0.0,0.252941,0.098765,0.201058,0.022928,0.757571,1.343271,0.302655,0.117021,0.299335,0.306452,3.526315,4.999997,0.5,0.114035,4.0,0.078947,2.0,0.377193,0.307018
10641_master,13+,13.6,675.0,128.4,5.257009,3.955555,5.999999,0.117037,0.037037,0.001481,0.041481,0.041481,0.127407,0.124444,0.026667,0.15963,0.557037,7.0,0.375,0.5,0.277037,0.143704,0.056296,0.251852,0.180882,0.375,0.147059,0.005882,0.0,3.123529,4.0,0.21037,0.547535,0.75,0.725352,0.198582,0.5,0.219858,0.969231,0.0,0.105882,0.124444,0.127407,0.032593,0.912064,1.41233,0.273403,0.087798,0.263158,0.309441,2.790697,4.0,0.375,0.255814,7.0,0.313953,2.0,0.209302,0.209302
10699_master,13+,13.7,528.0,132.0,4.0,3.348484,5.999999,0.018939,0.041667,0.003788,0.005682,0.005682,0.253788,0.094697,0.068182,0.183712,0.973485,6.0,0.375,0.5,0.407197,0.174242,0.054924,0.337121,0.175562,0.375,0.11236,0.0,0.0,2.88764,4.999997,0.189394,0.6125,1.0,0.74,0.227273,0.5,0.30303,0.955882,0.0,0.202247,0.083333,0.242424,0.018939,1.111447,1.887264,0.385496,0.17433,0.446224,0.388462,3.082089,4.999997,0.375,0.074627,5.0,0.223881,2.0,0.268657,0.261194
106_master,13,13.5,367.0,93.823529,3.911599,2.757492,4.0,0.0,0.016349,0.0,0.0,0.0,0.168937,0.111717,0.008174,0.178474,0.577657,4.0,0.375,0.5,0.310627,0.182561,0.084469,0.280654,0.201456,0.5,0.058252,0.0,0.0,1.999999,2.999999,0.185286,0.650735,1.0,0.75,0.160448,0.35,0.104478,1.0,0.0,0.029126,0.111717,0.168937,0.002725,0.531424,1.285902,0.416438,0.343407,0.427729,0.416438,1.887096,1.999999,0.5,0.016129,4.0,0.0,1.0,0.048387,0.048387
10734_master,13,13.5,610.0,122.8125,4.966921,3.981966,5.999999,0.242623,0.022951,0.004918,0.045902,0.045902,0.059016,0.063934,0.0,0.137705,0.24918,6.0,0.375,0.5,0.280328,0.122951,0.063934,0.118033,0.152778,0.375,0.152778,0.0,0.0,2.680555,4.0,0.240984,0.513605,1.0,0.557823,0.184932,0.5,0.219178,0.947368,0.0,0.0,0.059016,0.054098,0.018033,1.021194,1.582772,0.363487,0.172982,0.443723,0.391844,2.333333,4.0,0.375,0.305556,6.0,0.416667,2.0,0.0,0.0
107_remaster,13,13.3,460.0,97.411765,4.722222,2.915216,4.0,0.0,0.03913,0.0,0.0,0.0,0.141304,0.104348,0.032609,0.183967,0.536957,4.0,0.375,0.5,0.295652,0.169565,0.078261,0.243478,0.1875,0.375,0.160714,0.0,0.0,2.955356,4.0,0.234783,0.592593,0.75,0.805556,0.133178,0.5,0.158879,1.0,0.0,0.133929,0.102174,0.13913,0.034783,0.611407,1.135096,0.362445,0.157549,0.371824,0.368071,3.246153,5.599998,0.45,0.246154,4.0,0.0,1.0,0.230769,0.215385
1081_master,13,13.2,300.0,118.181818,2.538462,2.373333,4.0,0.0,0.22,0.0,0.0,0.0,0.613333,0.033333,0.156667,0.164583,2.426667,6.0,0.375,0.5,0.38,0.12,0.056667,0.633333,0.170395,0.375,0.347368,0.0,0.0,2.247368,4.0,0.453333,0.773897,1.0,0.845588,0.111111,0.25,0.074074,1.0,0.0,0.247368,0.02,0.6,0.22,0.716025,1.413251,0.255034,0.114478,0.255034,0.255034,2.277173,4.0,0.375,0.358696,5.7,0.184783,2.0,0.255435,0.11413
10835_master,13,13.0,297.0,138.496241,2.144463,3.074073,7.000004,0.195286,0.084175,0.026936,0.053872,0.053872,0.367003,0.080808,0.057239,0.127946,1.451178,14.0,0.375,0.5,0.252525,0.13468,0.057239,0.43771,0.161538,0.5,0.192308,0.061538,0.0,2.076922,2.999999,0.225589,0.570896,1.0,0.731343,0.155303,0.5,0.136364,0.72,0.0,0.130769,0.070707,0.356902,0.074074,2.102411,2.151387,0.351536,0.185567,0.404858,0.426778,2.128439,2.999999,0.375,0.201835,5.0,0.229358,2.0,0.155963,0.082569
1085_master,14,14.3,807.0,147.305295,5.478418,4.560099,7.000004,0.0,0.054523,0.0,0.0,0.0,0.194548,0.114002,0.061958,0.188507,0.768278,6.0,0.375,0.375,0.403965,0.156134,0.049566,0.303594,0.190816,0.375,0.179592,0.0,0.0,3.759183,7.000004,0.194548,0.652866,1.0,0.77707,0.203526,0.5,0.275641,1.0,0.0,0.204082,0.109046,0.189591,0.048327,1.282468,1.642624,0.28323,0.09204,0.348837,0.470067,3.808917,7.000004,0.375,0.248408,6.0,0.178344,1.0,0.318471,0.305732
109_master,13+,13.7,405.0,114.461538,3.538306,2.906172,4.0,0.0,0.148148,0.0,0.0,0.0,0.192593,0.22716,0.061728,0.193827,0.703704,4.0,0.45,0.5,0.353086,0.182716,0.101235,0.395062,0.191406,0.375,0.375,0.0,0.0,2.756249,2.999999,0.323457,0.524809,0.75,0.70229,0.201923,0.5,0.238462,1.0,0.0,0.15625,0.202469,0.167901,0.083951,0.939657,1.198607,0.297767,0.174129,0.300771,0.304569,2.615383,2.999999,0.375,0.435897,4.0,0.0,1.0,0.320513,0.320513
11002_master,13,13.3,556.0,126.666667,4.389474,3.401078,4.999997,0.115108,0.008993,0.0,0.016187,0.016187,0.165468,0.210432,0.021583,0.149505,0.661871,6.0,0.375,0.40625,0.296763,0.113309,0.05036,0.361511,0.119403,0.25,0.024876,0.0,0.0199,2.940297,4.0,0.113309,0.515873,0.75,0.714286,0.209677,0.5,0.225806,0.72449,0.0,0.059701,0.196043,0.151079,0.003597,0.904978,1.372681,0.402527,0.298373,0.383698,0.414498,2.739129,2.999999,0.25,0.021739,6.0,0.282609,2.0,0.130435,0.043478
11002_remaster,13+,13.8,699.0,120.833333,5.784828,4.371959,5.999999,0.04578,0.02432,0.0,0.001431,0.001431,0.174535,0.072961,0.082976,0.167203,0.500715,6.0,0.375,0.5,0.359084,0.197425,0.097282,0.247496,0.198699,0.5,0.098266,0.0,0.0,2.999999,2.999999,0.131617,0.657609,1.0,0.891304,0.167582,0.5,0.252747,0.966667,0.0,0.33526,0.072961,0.174535,0.002861,1.489321,1.356354,0.457676,0.397989,0.143695,0.513688,3.024589,2.999999,0.5,0.016393,4.0,0.07377,2.0,0.47541,0.098361
11004_master,13+,13.8,631.0,129.72973,4.863958,3.759112,7.000004,0.101426,0.022187,0.0,0.066561,0.066561,0.147385,0.038035,0.001585,0.181062,0.55309,5.0,0.375,0.5,0.37401,0.213946,0.091918,0.18225,0.195652,0.5,0.121739,0.0,0.0,2.669565,4.0,0.237718,0.6,1.0,0.68,0.176174,0.5,0.161074,0.84375,0.0,0.008696,0.034865,0.144216,0.022187,0.906832,1.463651,0.265501,0.106688,0.273486,0.33004,2.795698,4.999997,0.475,0.150538,4.8,0.107527,1.0,0.010753,0.010753
11004_remaster,14,14.2,708.0,129.72973,5.4575,4.330508,7.000004,0.026836,0.042373,0.002825,0.008475,0.016949,0.125706,0.155367,0.026836,0.189795,0.399718,5.0,0.375,0.5,0.402542,0.199153,0.090395,0.275424,0.186538,0.375,0.153846,0.010256,0.015385,3.061538,5.999999,0.214689,0.550987,1.0,0.671053,0.245033,0.5,0.350993,0.986111,0.0,0.097436,0.149718,0.120056,0.021186,1.287518,1.645545,0.327195,0.130496,0.311111,0.435361,3.30337,4.999997,0.375,0.168539,4.0,0.078652,2.0,0.213483,0.191011
11005_master,13+,13.6,619.0,128.285714,4.825167,3.6042,5.999999,0.155089,0.069467,0.019386,0.038772,0.038772,0.148627,0.087237,0.022617,0.174677,0.534733,5.0,0.5,0.5,0.355412,0.264943,0.177706,0.227787,0.26773,0.5,0.304965,0.085106,0.0,2.382978,4.0,0.243942,0.400662,0.75,0.417219,0.173333,0.5,0.173333,0.830769,0.0,0.099291,0.07916,0.140549,0.043619,0.624241,1.492764,0.168558,0.056818,0.175676,0.185586,2.369565,4.0,0.5,0.293478,5.0,0.326087,1.0,0.152174,0.065217
11005_remaster,14,14.4,713.0,128.285714,5.557906,3.963534,5.999999,0.074334,0.058906,0.049088,0.019635,0.029453,0.221599,0.204769,0.058906,0.185133,0.809257,6.0,0.5,0.5,0.399719,0.253857,0.102384,0.412342,0.201105,0.5,0.081633,0.057823,0.017007,3.207482,4.0,0.120617,0.517442,1.0,0.627907,0.197059,0.65,0.258824,0.881579,0.092105,0.142857,0.190743,0.207574,0.004208,0.674209,1.647023,0.236287,0.091549,0.272031,0.263502,3.031645,4.0,0.5,0.018987,5.0,0.259494,2.0,0.265823,0.208861
11006_master,13,13.2,550.0,125.485714,4.382969,3.223635,5.999999,0.138182,0.065455,0.0,0.049091,0.049091,0.136364,0.165455,0.0,0.154545,0.494545,6.0,0.375,0.5,0.274545,0.129091,0.085455,0.301818,0.149849,0.25,0.216867,0.0,0.006024,2.771083,4.999997,0.36,0.587121,1.0,0.636364,0.185279,0.5,0.309645,0.72043,0.0,0.0,0.165455,0.136364,0.009091,0.70305,1.526838,0.313869,0.106033,0.349892,0.333333,2.186666,2.999999,0.375,0.066667,4.0,0.026667,2.0,0.0,0.0
11007_remaster,13+,13.8,726.0,138.602528,5.238,3.803029,4.999997,0.099174,0.03168,0.004132,0.020661,0.020661,0.155647,0.144628,0.044077,0.176653,0.61708,6.0,0.5,0.5,0.378788,0.205234,0.106061,0.297521,0.199653,0.5,0.092593,0.0,0.0,2.689814,2.999999,0.252066,0.613388,1.0,0.699454,0.146978,0.5,0.225275,0.940299,0.0,0.148148,0.141873,0.152893,0.026171,1.210822,1.901449,0.3241,0.153953,0.369888,0.349776,2.566371,3.8,0.5,0.168142,6.0,0.292035,2.0,0.283186,0.088496
11009_remaster,13,13.3,464.0,141.550706,3.277977,2.743534,4.0,0.068966,0.077586,0.002155,0.015086,0.015086,0.275862,0.068966,0.071121,0.184537,0.931034,6.0,0.375,0.5,0.420259,0.1875,0.092672,0.338362,0.228503,0.5,0.22293,0.0,0.0,2.426751,2.999999,0.310345,0.532986,1.0,0.638889,0.227273,0.5,0.265734,0.985507,0.0,0.210191,0.0625,0.269397,0.060345,1.258617,1.616206,0.452381,0.221258,0.47235,0.48046,2.453124,2.999999,0.5,0.21875,4.0,0.023438,1.4,0.257812,0.203125
11015_remaster,14,14.0,590.0,121.22449,4.867003,3.345762,4.999997,0.09661,0.09322,0.001695,0.008475,0.008475,0.266102,0.233898,0.055932,0.172881,0.89322,6.0,0.375,0.375,0.411864,0.189831,0.044068,0.498305,0.164116,0.375,0.183673,0.0,0.0,3.367346,5.699998,0.305085,0.605556,1.0,0.777778,0.251397,0.75,0.340782,0.936364,0.009091,0.112245,0.232203,0.264407,0.061017,0.53446,1.462711,0.387755,0.240204,0.391635,0.426168,2.980891,4.0,0.375,0.229299,4.0,0.070064,2.0,0.210191,0.197452
11016_master,13,13.4,608.0,134.732143,4.512657,3.296052,4.999997,0.036184,0.034539,0.006579,0.009868,0.009868,0.182566,0.103618,0.052632,0.163035,0.713816,7.0,0.375,0.5,0.309211,0.138158,0.072368,0.266447,0.134259,0.375,0.104938,0.0,0.012346,2.74074,4.0,0.241776,0.646259,1.0,0.734694,0.219178,0.5,0.315068,0.861538,0.061538,0.197531,0.083882,0.162829,0.021382,0.876141,1.405529,0.475248,0.247934,0.526902,0.475248,2.432432,2.999999,0.375,0.117117,7.0,0.144144,3.0,0.288288,0.234234
11017_master,13,13.0,574.0,137.407408,4.177358,3.263065,5.999999,0.235192,0.06446,0.0,0.047038,0.047038,0.15331,0.146341,0.017422,0.133929,0.550523,6.0,0.375,0.5,0.290941,0.116725,0.052265,0.290941,0.190868,0.375,0.221557,0.0,0.0,2.628742,4.0,0.252613,0.637931,1.0,0.737931,0.262153,0.5,0.381944,0.959596,0.0,0.05988,0.137631,0.144599,0.050523,0.996949,1.464406,0.379371,0.154116,0.447034,0.382042,2.738635,4.0,0.5,0.329545,5.0,0.125,2.0,0.113636,0.068182
11018_master,13,13.5,644.0,134.220297,4.798082,3.470496,4.999997,0.113354,0.055901,0.0,0.026398,0.026398,0.201863,0.049689,0.012422,0.15955,0.714286,5.0,0.5,0.5,0.354037,0.186335,0.110248,0.246894,0.146226,0.375,0.226415,0.0,0.025157,2.880502,4.0,0.299689,0.668394,1.0,0.715026,0.158854,0.5,0.213542,0.945055,0.0,0.050314,0.045031,0.197205,0.051242,0.706592,1.293493,0.366044,0.174727,0.387931,0.397906,2.938461,4.0,0.5,0.253846,4.0,0.015385,1.0,0.061538,0.053846
11018_remaster,14,14.1,635.0,134.108911,4.734958,3.629921,5.999999,0.037795,0.103937,0.0,0.00315,0.00315,0.228346,0.125984,0.034646,0.164567,0.809449,6.0,0.375,0.5,0.319685,0.135433,0.059843,0.338583,0.17093,0.375,0.306977,0.0,0.0,2.827906,4.0,0.340157,0.626157,1.0,0.699074,0.210465,0.5,0.306977,0.964286,0.0,0.102326,0.110236,0.212598,0.080315,1.148107,1.495394,0.362179,0.164251,0.391969,0.416667,2.793102,4.0,0.45,0.351724,4.0,0.096552,2.0,0.151724,0.068966
11020_master,13,13.4,622.0,116.363636,5.345313,3.635047,5.999999,0.155949,0.016077,0.0,0.038585,0.038585,0.051447,0.081994,0.014469,0.163384,0.217042,7.0,0.375,0.5,0.360129,0.167203,0.078778,0.12701,0.134494,0.375,0.126582,0.0,0.088608,2.772151,4.0,0.278135,0.476879,0.75,0.601156,0.213663,0.5,0.25,1.0,0.0,0.113924,0.075563,0.045016,0.012862,0.896971,1.305668,0.396774,0.211632,0.456349,0.398703,3.437499,5.999999,0.375,0.25,6.8,0.1875,2.0,0.28125,0.1875
11021_master,13+,13.7,434.0,135.789473,3.196124,2.940091,4.999997,0.170507,0.071429,0.004608,0.032258,0.039171,0.152074,0.202765,0.039171,0.118664,0.59447,7.0,0.375,0.5,0.239631,0.103687,0.062212,0.336406,0.115582,0.25,0.212329,0.013699,0.013699,2.226027,2.999999,0.313364,0.613971,1.0,0.75,0.207407,0.5,0.251852,0.807018,0.0,0.116438,0.184332,0.133641,0.029954,1.152305,1.596166,0.381944,0.106729,0.393701,0.424479,2.257575,2.999999,0.375,0.19697,5.0,0.136364,1.0,0.257576,0.121212
11022_master,13+,13.7,595.0,122.1,4.873055,4.22689,7.000004,0.147899,0.055462,0.0,0.065546,0.065546,0.09916,0.090756,0.011765,0.137395,0.394958,6.0,0.375,0.5,0.248739,0.117647,0.060504,0.188235,0.126116,0.25,0.294643,0.0,0.026786,3.107142,4.899998,0.245378,0.575342,0.75,0.760274,0.222414,0.5,0.310345,0.984127,0.0,0.0625,0.089076,0.097479,0.036975,1.122684,1.571579,0.342327,0.146959,0.402655,0.432314,2.949152,4.999997,0.375,0.372881,5.2,0.152542,1.3,0.118644,0.118644
11023_master,13+,13.8,587.0,130.604651,4.49448,3.100511,4.0,0.277683,0.182283,0.086882,0.059625,0.061329,0.231687,0.045997,0.039182,0.083049,0.712095,5.0,0.375,0.5,0.175468,0.105622,0.081772,0.27598,0.121914,0.5,0.345679,0.0,0.012346,2.932098,4.0,0.303237,0.532303,1.0,0.5,0.131356,0.5,0.20339,0.427184,0.466019,0.141975,0.044293,0.229983,0.0954,1.071181,1.346532,0.374359,0.121575,0.375,0.41635,3.132352,4.0,0.5,0.411765,4.0,0.088235,2.0,0.169118,0.058824
11023_remaster,14,14.3,643.0,130.627907,4.922378,3.751166,7.000004,0.041991,0.111975,0.001555,0.013997,0.013997,0.172628,0.180404,0.017107,0.162519,0.612753,5.0,0.375,0.5,0.357698,0.195956,0.082426,0.346812,0.192265,0.5,0.32287,0.004484,0.0,3.38565,5.999999,0.37325,0.545833,1.0,0.6125,0.189331,0.5,0.205021,1.0,0.0,0.049327,0.174184,0.166407,0.066874,0.990866,1.643794,0.287097,0.089141,0.288934,0.301587,3.567567,5.999999,0.5,0.387387,5.0,0.144144,2.0,0.099099,0.072072
11025_master,13+,13.8,722.0,143.333333,5.037209,4.465374,7.000004,0.041551,0.029086,0.0,0.00831,0.00831,0.112188,0.083102,0.023546,0.188193,0.468144,7.0,0.375,0.5,0.353186,0.185596,0.074792,0.182825,0.199811,0.5,0.159091,0.0,0.0,2.60606,4.0,0.1759,0.523622,0.75,0.582677,0.236111,0.5,0.365079,0.921875,0.0,0.128788,0.070637,0.099723,0.026316,1.626833,1.633235,0.266667,0.132128,0.421182,0.283604,2.407407,2.999999,0.5,0.234568,6.0,0.246914,2.0,0.209877,0.098765
11026_master,14+,14.7,891.0,136.5,6.527473,5.059483,8.999999,0.124579,0.040404,0.007856,0.028058,0.028058,0.062851,0.114478,0.023569,0.161897,0.209877,5.0,0.375,0.5,0.332211,0.14927,0.057239,0.177329,0.224684,0.5,0.189873,0.006329,0.0,4.20886,5.999999,0.166105,0.606419,1.0,0.628378,0.178571,0.5,0.244898,0.945205,0.0,0.132911,0.114478,0.062851,0.010101,1.514783,1.714224,0.311586,0.135135,0.418033,0.397695,4.785713,8.999999,0.375,0.160714,4.0,0.053571,1.0,0.375,0.321429
11027_master,14,14.5,825.0,138.671171,5.949326,4.90909,8.999999,0.072727,0.069091,0.030303,0.014545,0.014545,0.117576,0.089697,0.025455,0.148182,0.407273,6.0,0.375,0.5,0.295758,0.122424,0.055758,0.207273,0.209795,0.5,0.19883,0.011696,0.0,3.801169,5.999999,0.163636,0.577778,1.0,0.711111,0.302239,0.5,0.410448,0.963855,0.0,0.122807,0.089697,0.117576,0.027879,1.185322,2.005362,0.244228,0.094891,0.322245,0.345955,3.639175,8.000004,0.375,0.237113,4.0,0.030928,1.0,0.216495,0.216495
11028_expert,13,13.3,469.0,148.153846,3.165628,2.684434,4.0,0.100213,0.049041,0.0,0.0,0.0,0.345416,0.392324,0.211087,0.154051,1.428571,6.0,0.375,0.45,0.302772,0.132196,0.051173,0.635394,0.132131,0.25,0.077181,0.0,0.0,2.493288,2.999999,0.157783,0.557432,1.0,0.743243,0.19863,0.5,0.232877,0.928571,0.0,0.332215,0.289979,0.24307,0.040512,0.914672,1.391031,0.291221,0.103004,0.296296,0.291221,2.320987,2.999999,0.25,0.117284,5.0,0.234568,1.0,0.611111,0.234568
11028_master,13+,13.9,637.0,148.153846,4.299585,3.215069,4.999997,0.084772,0.098901,0.012559,0.047096,0.047096,0.185243,0.166405,0.089482,0.140895,0.715856,6.0,0.375,0.375,0.309262,0.102041,0.031397,0.33281,0.15566,0.375,0.268868,0.009434,0.004717,2.76415,4.0,0.249608,0.610063,1.0,0.72327,0.167722,0.5,0.227848,0.8,0.075,0.268868,0.147567,0.166405,0.058085,0.872092,1.503816,0.335433,0.152997,0.344203,0.353638,2.457626,2.999999,0.375,0.313559,5.0,0.228814,1.0,0.483051,0.271186
11029_master,14+,14.6,753.0,130.896227,5.752649,4.916335,8.000004,0.051793,0.02656,0.0,0.011952,0.011952,0.096946,0.088977,0.015936,0.160359,0.393094,6.0,0.375,0.5,0.262948,0.130146,0.065073,0.176627,0.179511,0.375,0.150376,0.0,0.0,3.586466,7.000004,0.256308,0.654145,1.0,0.797927,0.141927,0.5,0.15625,0.877551,0.0,0.090226,0.079681,0.087649,0.01992,1.441432,1.839583,0.327563,0.138667,0.392771,0.493927,3.821917,8.000004,0.5,0.205479,5.8,0.164384,1.0,0.164384,0.054795
11030_master,13,13.4,661.0,145.37234,4.546945,3.364598,4.999997,0.118003,0.087746,0.0,0.037821,0.037821,0.155825,0.246596,0.012103,0.155257,0.588502,6.0,0.375,0.5,0.33888,0.15885,0.054463,0.394856,0.167625,0.375,0.222222,0.0,0.08046,3.371647,4.999997,0.282905,0.606952,1.0,0.657754,0.248656,0.75,0.317204,0.97,0.0,0.030651,0.239032,0.14826,0.057489,0.708759,1.561219,0.382398,0.153495,0.376689,0.371841,3.058252,4.0,0.375,0.368932,5.0,0.184466,2.0,0.07767,0.07767
11031_master,13+,13.8,656.0,141.52381,4.635262,3.396341,4.999997,0.057927,0.030488,0.0,0.004573,0.004573,0.21189,0.065549,0.027439,0.130907,0.727134,6.0,0.375,0.5,0.268293,0.144817,0.056402,0.268293,0.210938,0.375,0.113636,0.0,0.0,2.829545,4.0,0.248476,0.607362,1.0,0.822086,0.20679,0.5,0.246914,0.97479,0.0,0.102273,0.056402,0.202744,0.021341,1.518819,1.42225,0.227787,0.08804,0.188679,0.219388,2.884891,4.0,0.375,0.100719,5.0,0.122302,2.0,0.129496,0.064748
11032_master,13+,13.7,574.0,123.789473,4.636905,3.700348,5.999999,0.121951,0.076655,0.0,0.031359,0.031359,0.116725,0.214286,0.020906,0.162239,0.461672,5.0,0.375,0.5,0.329268,0.184669,0.057491,0.33101,0.15,0.375,0.231579,0.0,0.010526,3.294736,4.999997,0.228223,0.515267,0.75,0.656489,0.215385,0.5,0.276923,0.72973,0.0,0.063158,0.214286,0.116725,0.019164,0.78254,1.663135,0.293706,0.1331,0.285088,0.323591,3.940297,9.999997,0.425,0.164179,5.0,0.313433,1.5,0.179104,0.179104
1103_master,14,14.3,606.0,143.697479,4.217193,3.30033,8.000004,0.0,0.085809,0.0,0.0,0.0,0.270627,0.10066,0.028053,0.165017,0.991749,7.0,0.375,0.5,0.341584,0.133663,0.067657,0.348185,0.17654,0.5,0.246445,0.0,0.0,2.540284,4.0,0.273927,0.634036,1.0,0.879518,0.169697,0.5,0.236364,1.0,0.0,0.080569,0.077558,0.247525,0.070957,0.96858,1.522856,0.316225,0.167496,0.371951,0.392197,2.615853,4.0,0.5,0.262195,5.0,0.121951,2.0,0.103659,0.091463
11048_master,13,13.2,585.0,134.666667,4.344059,3.403418,4.999997,0.128205,0.037607,0.0,0.052991,0.052991,0.071795,0.075214,0.008547,0.135043,0.25812,6.0,0.375,0.5,0.266667,0.117949,0.052991,0.147009,0.113372,0.3125,0.255814,0.0,0.05814,2.290697,4.0,0.211966,0.493952,1.0,0.443548,0.156504,0.5,0.235772,0.72549,0.0,0.05814,0.075214,0.071795,0.005128,1.293722,1.216798,0.301887,0.04811,0.285433,0.301887,2.523809,4.0,0.375,0.071429,5.0,0.214286,2.0,0.119048,0.0
11057_master,13,13.5,487.0,87.833334,5.544592,5.16427,11.999995,0.11499,0.075975,0.004107,0.024641,0.024641,0.137577,0.12115,0.049281,0.121407,0.521561,5.0,0.25,0.3375,0.205339,0.051335,0.024641,0.25462,0.143145,0.25,0.282258,0.0,0.008065,3.249999,4.999997,0.279261,0.568015,1.0,0.676471,0.227778,0.5,0.281481,0.944444,0.0,0.193548,0.117043,0.13347,0.045175,0.945403,1.845692,0.335484,0.145022,0.422581,0.471299,3.805969,4.999997,0.25,0.328358,4.0,0.089552,1.0,0.358209,0.134328
11058_master,13,13.3,504.0,137.931818,3.653979,3.017856,4.999997,0.146825,0.043651,0.031746,0.06746,0.06746,0.142857,0.275794,0.021825,0.127232,0.488095,5.0,0.375,0.5,0.259921,0.130952,0.077381,0.418651,0.126185,0.375,0.066351,0.037915,0.009479,3.156397,5.999999,0.299603,0.466887,0.75,0.503311,0.126667,0.5,0.173333,0.944444,0.0,0.052133,0.275794,0.142857,0.001984,1.634955,1.36563,0.450199,0.253493,0.454545,0.473795,2.98611,4.0,0.4875,0.013889,4.0,0.055556,1.0,0.152778,0.097222
11059_master,13,13.4,490.0,121.730769,4.025276,2.963264,4.0,0.063265,0.1,0.0,0.020408,0.020408,0.144898,0.240816,0.018367,0.154337,0.573469,6.0,0.375,0.5,0.326531,0.114286,0.069388,0.363265,0.162921,0.375,0.275281,0.0,0.011236,2.853932,4.0,0.312245,0.594771,1.0,0.764706,0.217105,0.5,0.276316,0.901235,0.0,0.050562,0.218367,0.122449,0.073469,0.671388,1.280865,0.331967,0.209446,0.344828,0.331942,2.845069,2.999999,0.5,0.507042,5.0,0.239437,1.0,0.126761,0.126761
11064_master,13+,13.8,657.0,138.810811,4.733061,3.531202,4.999997,0.050228,0.048706,0.041096,0.009132,0.009132,0.138508,0.065449,0.006088,0.161149,0.479452,6.0,0.375,0.375,0.374429,0.149163,0.035008,0.203957,0.190299,0.375,0.067164,0.029851,0.0,3.485074,4.999997,0.118721,0.451923,0.75,0.461538,0.175325,0.5,0.311688,0.92,0.0,0.029851,0.065449,0.138508,0.006088,1.120623,1.418154,0.396947,0.206422,0.384743,0.411392,3.516483,4.999997,0.375,0.043956,5.0,0.208791,2.0,0.043956,0.043956
11065_master,13+,13.9,829.0,119.278075,6.950146,4.998794,7.000004,0.117008,0.014475,0.0,0.014475,0.014475,0.050663,0.115802,0.013269,0.165259,0.165259,5.0,0.375,0.5,0.306393,0.159228,0.069964,0.154403,0.168945,0.4125,0.09375,0.0,0.0,4.476562,6.3,0.180941,0.596667,1.0,0.633333,0.214765,0.5,0.295302,0.890625,0.0,0.085938,0.103739,0.038601,0.006031,0.783937,1.414217,0.315599,0.110169,0.35177,0.34252,4.380952,4.999997,0.5,0.119048,4.0,0.071429,1.0,0.261905,0.190476
11075_master,13+,13.8,546.0,126.413746,4.319151,3.56227,4.999997,0.177656,0.02381,0.001832,0.031136,0.031136,0.197802,0.075092,0.016484,0.147436,0.710623,6.0,0.375,0.5,0.315018,0.164835,0.071429,0.25641,0.230357,0.5,0.092857,0.007143,0.0,2.657142,4.0,0.175824,0.575521,1.0,0.604167,0.255263,0.5,0.357895,0.918919,0.0,0.064286,0.058608,0.181319,0.009158,0.83389,1.708277,0.210425,0.078278,0.272959,0.219758,2.796295,4.0,0.5,0.046296,5.0,0.203704,1.4,0.083333,0.027778
11085_master,13,13.5,760.0,147.305295,5.159353,4.248684,7.000004,0.125,0.027632,0.0,0.032895,0.032895,0.126316,0.188158,0.025,0.155592,0.525,7.0,0.375,0.5,0.322368,0.165789,0.056579,0.313158,0.149685,0.375,0.088235,0.0,0.037815,3.096638,4.999997,0.138158,0.530952,1.0,0.590476,0.185096,0.5,0.259615,0.981818,0.0,0.079832,0.186842,0.125,0.026316,1.038896,1.613757,0.312997,0.113032,0.36961,0.481172,3.499999,7.000004,0.375,0.208333,6.0,0.1875,1.0,0.197917,0.177083
11089_expert,13,13.0,521.0,128.135594,4.066005,2.992322,4.0,0.001919,0.026871,0.0,0.001919,0.001919,0.059501,0.234165,0.0,0.15619,0.211132,4.0,0.375,0.5,0.31286,0.136276,0.069098,0.293666,0.151144,0.375,0.091503,0.0,0.0,2.281045,2.999999,0.285988,0.444631,0.75,0.516779,0.222973,0.5,0.297297,0.982759,0.0,0.0,0.234165,0.059501,0.019194,1.730736,1.408011,0.258189,0.092664,0.272727,0.278586,1.903225,2.999999,0.375,0.322581,4.0,0.0,1.0,0.0,0.0
11089_master,14,14.3,715.0,129.40678,5.525213,4.278321,8.000004,0.065734,0.051748,0.011189,0.016783,0.025175,0.11049,0.13007,0.00979,0.17535,0.393007,5.0,0.45,0.5,0.369231,0.198601,0.100699,0.237762,0.189706,0.375,0.211765,0.041176,0.017647,3.305881,4.999997,0.240559,0.574128,1.0,0.668605,0.204678,0.5,0.22807,0.925234,0.0,0.041176,0.127273,0.107692,0.018182,2.086622,1.750259,0.339678,0.147929,0.391129,0.429658,3.594936,4.999997,0.375,0.164557,4.2,0.101266,2.0,0.088608,0.063291
11090_master,13,13.2,488.0,131.657143,3.706597,3.010245,4.999997,0.096311,0.067623,0.0,0.053279,0.053279,0.168033,0.192623,0.020492,0.191086,0.528689,6.0,0.5,0.5,0.381148,0.233607,0.137295,0.331967,0.198302,0.375,0.203704,0.0,0.0,2.308641,2.999999,0.348361,0.498529,1.0,0.523529,0.195266,0.5,0.260355,0.850746,0.0,0.061728,0.163934,0.139344,0.05123,1.237873,1.671301,0.283951,0.125773,0.300459,0.297414,2.353658,2.999999,0.5,0.304878,4.0,0.060976,2.0,0.121951,0.04878
11091_master,13,13.0,424.0,130.666667,3.244898,2.919811,4.999997,0.103774,0.091981,0.009434,0.037736,0.037736,0.195755,0.235849,0.070755,0.148585,0.792453,6.0,0.375,0.5,0.278302,0.127358,0.054245,0.424528,0.166667,0.375,0.216667,0.022222,0.077778,2.522222,4.0,0.391509,0.638554,1.0,0.813253,0.20303,0.5,0.187879,0.944444,0.0,0.166667,0.228774,0.188679,0.042453,1.189043,1.709298,0.331754,0.15677,0.364116,0.331754,2.722891,4.999997,0.375,0.216867,5.0,0.26506,2.0,0.361446,0.120482
11092_master,13+,13.7,565.0,117.942857,4.790455,3.38761,5.999999,0.072566,0.060177,0.00177,0.017699,0.017699,0.109735,0.150442,0.012389,0.192478,0.428319,7.0,0.375,0.5,0.423009,0.230088,0.084956,0.253097,0.181818,0.5,0.230769,0.0,0.0,2.664335,4.999997,0.283186,0.645312,1.0,0.84375,0.143082,0.5,0.194969,0.855422,0.0,0.048951,0.143363,0.102655,0.023009,0.985583,1.389521,0.262877,0.096085,0.299771,0.262877,2.82258,4.899998,0.4875,0.209677,5.0,0.145161,2.0,0.112903,0.080645
11093_master,14,14.4,892.0,149.085366,5.983149,4.295964,7.000004,0.025785,0.052691,0.0,0.015695,0.015695,0.17713,0.115471,0.068386,0.165919,0.637892,7.0,0.375,0.5,0.329596,0.179372,0.061659,0.284753,0.182579,0.375,0.185039,0.0,0.007874,3.413385,5.999999,0.169283,0.587748,1.0,0.788079,0.193333,0.5,0.226667,0.980583,0.0,0.240157,0.107623,0.169283,0.030269,1.195082,1.775811,0.266292,0.104612,0.338358,0.331378,3.246835,5.999999,0.5,0.170886,6.0,0.170886,2.0,0.386076,0.272152
11094_master,13,13.4,459.0,125.934066,3.644764,2.941176,4.999997,0.084967,0.03268,0.0,0.041394,0.041394,0.124183,0.163399,0.037037,0.15768,0.494553,7.0,0.375,0.5,0.318083,0.148148,0.076253,0.285403,0.169847,0.375,0.114504,0.0,0.015267,2.61832,4.0,0.248366,0.45614,0.75,0.482456,0.185841,0.5,0.300885,0.833333,0.0,0.129771,0.16122,0.122004,0.017429,0.901368,1.647249,0.356674,0.140351,0.368293,0.360619,2.245613,2.999999,0.25,0.140351,5.0,0.140351,1.5,0.298246,0.298246
11096_master,13+,13.9,600.0,129.886364,4.619423,3.553332,4.999997,0.071667,0.051667,0.0,0.043333,0.043333,0.203333,0.088333,0.05,0.1675,0.706667,6.0,0.375,0.5,0.38,0.183333,0.083333,0.291667,0.215,0.5,0.177143,0.0,0.005714,2.994285,4.0,0.241667,0.536207,1.0,0.586207,0.222222,0.5,0.25,0.947917,0.0,0.171429,0.088333,0.203333,0.033333,0.880526,1.491479,0.292437,0.104553,0.332665,0.321495,2.967212,4.0,0.5,0.163934,5.0,0.114754,2.0,0.245902,0.196721
11097_master,13,13.3,624.0,141.176471,4.42,3.009615,4.0,0.048077,0.052885,0.0,0.0,0.0,0.201923,0.147436,0.012821,0.171875,0.658654,5.0,0.375,0.5,0.389423,0.184295,0.092949,0.344551,0.184884,0.5,0.153488,0.0,0.0,2.823255,4.0,0.391026,0.661885,1.0,0.807377,0.166667,0.5,0.246914,0.943182,0.0,0.037209,0.142628,0.197115,0.033654,0.66459,1.478467,0.406752,0.219002,0.395586,0.433962,2.76984,4.0,0.5,0.166667,5.0,0.111111,2.0,0.063492,0.02381
11098_master,13,13.2,449.0,135.086207,3.323803,2.7706,4.999997,0.100223,0.071269,0.0,0.01559,0.01559,0.229399,0.135857,0.069042,0.172606,0.904232,6.0,0.375,0.5,0.376392,0.158129,0.095768,0.35412,0.167453,0.4,0.201258,0.0,0.0,2.1761,2.999999,0.280624,0.628968,1.0,0.777778,0.242,0.5,0.32,0.921053,0.0,0.194969,0.124722,0.218263,0.033408,1.118964,1.675568,0.485459,0.242152,0.533333,0.498851,2.368931,2.999999,0.5,0.145631,5.0,0.23301,2.0,0.300971,0.165049
110_master,13,13.0,431.0,122.080292,3.530463,2.754059,4.999997,0.0,0.0,0.0,0.0,0.0,0.085847,0.278422,0.006961,0.153712,0.310905,4.0,0.375,0.375,0.280742,0.106729,0.039443,0.357309,0.159903,0.375,0.0,0.0,0.0,2.110389,2.999999,0.083527,0.493056,0.75,0.666667,0.1,0.4,0.114286,1.0,0.0,0.019481,0.271462,0.078886,0.0,0.7595,1.652843,0.403263,0.28972,0.462366,0.409953,1.972972,2.399999,0.25,0.0,4.0,0.0,1.0,0.081081,0.0
11100_remaster,13+,13.7,189.0,122.0,1.54918,1.539682,1.999999,0.005291,0.0,0.0,0.0,0.0,0.989418,0.005291,0.058201,0.199074,3.619048,7.0,0.5,0.5,0.465608,0.386243,0.15873,0.994709,0.200133,0.5,0.0,0.0,0.0,1.542553,1.999999,0.095238,0.666667,1.0,0.666667,0.205882,0.25,0.058824,0.0,0.0,0.058511,0.005291,0.989418,0.0,0.756214,1.563824,0.40107,0.209677,0.40107,0.40107,1.545454,1.999999,0.5,0.0,5.0,0.203209,2.0,0.058824,0.0
11101_master,13+,13.9,545.0,138.167629,3.944484,3.25688,4.999997,0.159633,0.053211,0.001835,0.06055,0.06055,0.20367,0.075229,0.007339,0.169954,0.686239,6.0,0.375,0.5,0.412844,0.198165,0.053211,0.27156,0.17652,0.375,0.195946,0.006757,0.040541,2.783783,4.0,0.19633,0.665888,1.0,0.728972,0.257075,0.5,0.349057,0.97561,0.0,0.027027,0.06789,0.19633,0.047706,1.028393,1.443462,0.349908,0.180812,0.40257,0.355805,2.99099,4.0,0.375,0.234234,4.0,0.054054,2.0,0.036036,0.018018
11102_master,14+,14.8,803.0,129.440625,6.203617,4.997509,8.000004,0.031133,0.059776,0.004981,0.003736,0.003736,0.113325,0.113325,0.03736,0.16345,0.409714,6.0,0.375,0.375,0.331258,0.13325,0.044832,0.222914,0.125,0.25,0.256983,0.011173,0.01676,4.407821,9.199999,0.247821,0.751256,1.0,0.889447,0.175505,0.5,0.222222,0.95122,0.012195,0.167598,0.109589,0.109589,0.039851,1.711148,1.740964,0.287179,0.100775,0.306452,0.415289,3.912088,7.000004,0.375,0.351648,5.0,0.120879,1.0,0.32967,0.263736
11103_master,14+,14.6,915.0,143.792017,6.363357,4.586885,7.000004,0.190164,0.087432,0.054645,0.010929,0.010929,0.068852,0.168306,0.008743,0.147404,0.28306,6.0,0.375,0.5,0.26776,0.15847,0.076503,0.23388,0.128505,0.375,0.168224,0.028037,0.0,3.771028,7.000004,0.184699,0.58432,1.0,0.721893,0.16369,0.5,0.196429,0.883333,0.033333,0.037383,0.165027,0.065574,0.022951,1.145464,1.909085,0.267251,0.111842,0.353635,0.339367,3.555555,6.800003,0.375,0.333333,6.0,0.428571,2.0,0.126984,0.079365
11105_master,13,13.4,626.0,134.452555,4.655917,3.001596,4.0,0.0623,0.095847,0.003195,0.033546,0.033546,0.095847,0.113419,0.009585,0.134585,0.373802,6.0,0.25,0.375,0.209265,0.084665,0.031949,0.207668,0.131731,0.2625,0.446154,0.0,0.046154,2.776922,2.999999,0.279553,0.501429,0.75,0.582857,0.221264,0.5,0.304598,0.797872,0.0,0.046154,0.111821,0.094249,0.073482,0.602283,1.11618,0.389423,0.269663,0.399671,0.393204,2.866665,2.999999,0.2625,0.766667,5.0,0.15,1.0,0.1,0.083333
11106_expert,13,13.0,661.0,149.2,4.430295,3.588501,4.999997,0.046899,0.013616,0.0,0.028744,0.028744,0.110439,0.118003,0.016641,0.176248,0.405446,4.0,0.375,0.5,0.376702,0.187595,0.089259,0.225416,0.216443,0.5,0.060403,0.0,0.0,2.932885,2.999999,0.167927,0.502252,0.75,0.612613,0.163636,0.5,0.2,0.984127,0.0,0.073826,0.114977,0.107413,0.007564,0.968521,1.449667,0.333839,0.259878,0.229039,0.348101,2.739725,2.999999,0.5,0.068493,4.0,0.0,0.9,0.150685,0.136986
11106_master,14+,14.7,864.0,149.24,5.789333,4.313657,7.000004,0.081019,0.083333,0.018519,0.041667,0.041667,0.163194,0.064815,0.06713,0.166522,0.642361,6.0,0.375,0.5,0.34838,0.138889,0.068287,0.225694,0.172436,0.375,0.307692,0.020513,0.05641,3.528204,4.999997,0.202546,0.562857,1.0,0.668571,0.192529,0.5,0.247126,0.845238,0.0,0.297436,0.0625,0.16088,0.060185,1.338813,1.608614,0.453693,0.31338,0.45057,0.575075,3.624112,4.999997,0.375,0.368794,6.0,0.241135,2.0,0.411348,0.340426
11111_master,13,13.2,447.0,132.66283,3.369444,2.724831,4.0,0.116331,0.136465,0.0,0.017897,0.017897,0.174497,0.259508,0.053691,0.128915,0.565996,5.0,0.25,0.375,0.239374,0.098434,0.04698,0.389262,0.107759,0.25,0.350575,0.0,0.028736,2.563217,2.999999,0.302013,0.455556,0.75,0.511111,0.199627,0.5,0.246269,0.597403,0.0,0.137931,0.214765,0.129754,0.071588,0.753948,2.045736,0.323596,0.195946,0.31713,0.331797,2.320512,2.999999,0.25,0.410256,4.0,0.038462,2.0,0.307692,0.089744
11126_master,13,13.2,493.0,135.771683,3.631096,2.841784,4.0,0.028398,0.081136,0.002028,0.024341,0.024341,0.192698,0.117647,0.01217,0.159736,0.705882,6.0,0.375,0.5,0.332657,0.172414,0.087221,0.294118,0.153448,0.375,0.275862,0.006897,0.0,2.641379,4.0,0.438134,0.577546,1.0,0.759259,0.237209,0.5,0.288372,0.917647,0.0,0.041379,0.10142,0.176471,0.073022,0.993268,1.186026,0.395492,0.162551,0.390295,0.403766,2.894736,4.0,0.5,0.378947,5.0,0.115789,2.0,0.063158,0.052632
11129_master,13,13.2,568.0,133.894737,4.242138,3.198943,4.999997,0.035211,0.044014,0.0,0.019366,0.019366,0.15669,0.098592,0.003521,0.177597,0.575704,6.0,0.375,0.5,0.378521,0.191901,0.089789,0.25,0.228873,0.5,0.176056,0.0,0.007042,2.69014,4.0,0.352113,0.5,1.0,0.57,0.149497,0.5,0.180905,0.951807,0.0,0.014085,0.09331,0.151408,0.033451,0.816609,1.469918,0.371025,0.125664,0.383877,0.424242,2.999999,4.2,0.5,0.213483,4.2,0.101124,2.0,0.022472,0.0
11130_master,13,13.0,519.0,140.435429,3.695649,3.032754,4.999997,0.042389,0.036609,0.0,0.007707,0.007707,0.179191,0.115607,0.042389,0.180636,0.674374,5.0,0.375,0.5,0.39499,0.186898,0.080925,0.27553,0.152972,0.375,0.132867,0.0,0.020979,2.412587,2.999999,0.306358,0.544025,1.0,0.597484,0.243671,0.575,0.329114,0.944444,0.0,0.153846,0.096339,0.159923,0.034682,0.96,1.915993,0.348162,0.156977,0.37355,0.365112,2.344085,2.999999,0.375,0.193548,5.0,0.11828,1.0,0.236559,0.107527
11134_master,13,13.4,498.0,123.783784,4.023144,2.751003,4.0,0.024096,0.038153,0.0,0.018072,0.018072,0.293173,0.140562,0.064257,0.196034,1.210843,7.0,0.5,0.5,0.409639,0.220884,0.12249,0.405622,0.207302,0.5,0.094059,0.0,0.0,2.603959,2.999999,0.194779,0.46134,0.75,0.494845,0.226562,0.5,0.333333,0.9625,0.0,0.158416,0.11245,0.26506,0.028112,0.718039,1.19473,0.489919,0.288889,0.495902,0.494867,2.671232,2.999999,0.5,0.09589,5.0,0.219178,2.0,0.219178,0.109589
11140_master,13+,13.8,584.0,141.0,4.141844,3.270547,5.999999,0.063356,0.070205,0.003425,0.02911,0.02911,0.14726,0.219178,0.041096,0.168878,0.530822,7.0,0.375,0.5,0.309932,0.143836,0.068493,0.347603,0.169951,0.375,0.192118,0.0,0.029557,2.536945,4.0,0.275685,0.56677,1.0,0.645963,0.248438,0.75,0.325,0.864407,0.0,0.118227,0.200342,0.128425,0.042808,0.874023,1.715901,0.431271,0.232358,0.479592,0.45073,2.895348,4.999997,0.5,0.290698,5.0,0.127907,1.6,0.27907,0.116279
11141_master,13+,13.8,651.0,135.0,4.822222,3.883256,5.999999,0.082949,0.058372,0.001536,0.026114,0.029186,0.082949,0.124424,0.018433,0.142857,0.301075,5.0,0.375,0.5,0.301075,0.130568,0.061444,0.196621,0.12793,0.2875,0.296875,0.007812,0.023438,2.804687,4.299999,0.273425,0.476124,0.75,0.516854,0.224576,0.5,0.310734,0.927273,0.0,0.09375,0.113671,0.072197,0.038402,1.141015,1.552065,0.356143,0.189062,0.405622,0.376254,2.722221,4.0,0.4625,0.462963,5.0,0.240741,2.0,0.222222,0.037037
11142_master,13+,13.9,735.0,143.875,5.108601,3.92517,7.000004,0.254422,0.043537,0.0,0.034014,0.034014,0.002721,0.185034,0.001361,0.129592,0.013605,5.0,0.375,0.375,0.345578,0.14966,0.042177,0.186395,0.169708,0.375,0.233577,0.0,0.0,3.240875,4.999997,0.136054,0.625,1.0,0.79,0.083333,0.25,0.070707,1.0,0.0,0.007299,0.183673,0.001361,0.0,1.128039,1.975291,0.367273,0.129524,0.382479,0.34763,1.499999,1.899999,0.225,0.0,5.0,1.0,0.0,0.5,0.0
11143_master,13+,13.7,601.0,152.086957,3.951687,3.196339,5.999999,0.081531,0.071547,0.0,0.018303,0.018303,0.184692,0.156406,0.051581,0.173253,0.723794,6.0,0.375,0.5,0.324459,0.183028,0.073211,0.334443,0.172886,0.375,0.21393,0.0,0.0,2.616915,4.0,0.183028,0.65,1.0,0.854545,0.240826,0.5,0.311927,0.947368,0.0,0.154229,0.14975,0.178037,0.046589,1.349251,1.689377,0.337229,0.165552,0.355556,0.386233,2.396396,4.0,0.375,0.252252,5.0,0.324324,1.1,0.279279,0.243243
11145_master,13+,13.7,565.0,96.0,5.885417,4.522123,8.000004,0.051327,0.017699,0.00354,0.049558,0.049558,0.106195,0.116814,0.047788,0.188938,0.506195,7.0,0.375,0.5,0.433628,0.19646,0.083186,0.219469,0.208669,0.4625,0.072581,0.008065,0.0,2.596773,4.0,0.083186,0.632979,1.0,0.659574,0.201087,0.625,0.304348,0.973684,0.0,0.217742,0.113274,0.102655,0.00354,0.76646,1.500453,0.193606,0.081851,0.317164,0.230932,2.349999,4.0,0.5,0.033333,6.0,0.65,2.2,0.45,0.35
11146_master,13+,13.8,644.0,136.727273,4.710106,3.866459,5.999999,0.076087,0.043478,0.0,0.026398,0.026398,0.170807,0.131988,0.074534,0.18847,0.647516,7.0,0.375,0.5,0.406832,0.204969,0.074534,0.28882,0.213038,0.375,0.150538,0.0,0.021505,2.752687,4.999997,0.226708,0.686644,1.0,0.821918,0.215517,0.5,0.268966,1.0,0.0,0.258065,0.118012,0.156832,0.031056,0.882714,1.398388,0.325545,0.129485,0.410959,0.336013,2.627272,4.1,0.375,0.181818,6.0,0.245455,2.0,0.436364,0.318182
11148_master,13+,13.9,611.0,145.4,4.202201,3.738133,5.999999,0.130933,0.075286,0.022913,0.006547,0.006547,0.12766,0.11784,0.045827,0.147095,0.492635,7.0,0.375,0.5,0.261866,0.150573,0.07365,0.240589,0.167517,0.5,0.217687,0.0,0.006803,2.47619,2.999999,0.207856,0.566929,1.0,0.653543,0.186508,0.5,0.198413,0.92,0.0,0.190476,0.11293,0.12275,0.042553,1.211867,1.620475,0.292282,0.144737,0.378855,0.318426,2.653845,3.299999,0.375,0.333333,5.3,0.307692,2.0,0.358974,0.076923
11149_master,14,14.2,701.0,150.473684,4.658622,4.300998,7.000004,0.146933,0.03281,0.017118,0.017118,0.017118,0.14408,0.10271,0.054208,0.163338,0.614836,6.0,0.375,0.5,0.323823,0.152639,0.059914,0.238231,0.184132,0.375,0.095808,0.02994,0.017964,3.958083,5.999999,0.201141,0.448582,0.75,0.48227,0.223214,0.5,0.285714,0.616438,0.0,0.227545,0.094151,0.135521,0.017118,1.7048,1.834015,0.41917,0.174785,0.478747,0.529557,4.079207,5.999999,0.375,0.118812,6.0,0.39604,3.0,0.376238,0.277228
11152_master,13,13.0,469.0,110.909091,4.228689,3.042643,4.2,0.204691,0.025586,0.002132,0.049041,0.049041,0.098081,0.136461,0.017058,0.147388,0.4371,6.0,0.375,0.5,0.385928,0.117271,0.055437,0.234542,0.165909,0.375,0.109091,0.009091,0.0,3.136363,4.2,0.432836,0.519704,1.0,0.46798,0.195545,0.5,0.316832,0.833333,0.0,0.072727,0.136461,0.098081,0.010661,0.794324,1.577716,0.449679,0.261803,0.47235,0.487047,3.347826,7.000004,0.375,0.108696,5.0,0.586957,2.0,0.173913,0.173913
11152_remaster,13+,13.8,549.0,111.287879,4.933152,3.604735,5.999999,0.01275,0.060109,0.003643,0.005464,0.005464,0.196721,0.136612,0.061931,0.152095,0.701275,7.0,0.25,0.5,0.234973,0.094718,0.054645,0.331512,0.129808,0.25,0.17033,0.0,0.016484,3.972527,5.999999,0.233151,0.447266,0.75,0.640625,0.100394,0.25,0.094488,0.96875,0.0,0.186813,0.134791,0.1949,0.054645,0.95241,1.336175,0.299065,0.143126,0.302961,0.347826,3.36111,4.0,0.25,0.277778,6.0,0.231481,2.0,0.314815,0.305556
11153_master,13,13.1,557.0,125.725191,4.430298,3.488329,4.999997,0.127469,0.059246,0.05386,0.048474,0.048474,0.021544,0.132855,0.0,0.16158,0.091562,6.0,0.375,0.5,0.319569,0.140036,0.059246,0.154399,0.097384,0.375,0.034884,0.0,0.093023,4.313953,7.000004,0.253142,0.578014,1.0,0.822695,0.189286,0.5,0.242857,0.9,0.0,0.0,0.132855,0.021544,0.005386,1.357352,1.305167,0.23964,0.039711,0.268559,0.235656,2.749999,3.9,0.4875,0.25,5.9,0.333333,2.0,0.0,0.0
11155_master,14,14.4,800.0,130.166667,6.145967,4.66125,7.000004,0.03625,0.03375,0.00625,0.02125,0.02125,0.1,0.04375,0.0375,0.176719,0.36125,6.0,0.375,0.5,0.34125,0.195,0.05625,0.1425,0.166667,0.375,0.192982,0.0,0.0,3.605263,6.700002,0.145,0.5625,1.0,0.75,0.228261,0.5,0.26087,1.0,0.0,0.263158,0.0425,0.09875,0.02375,1.499385,1.402063,0.216792,0.087829,0.296053,0.229443,3.8,7.000004,0.375,0.2375,4.1,0.1,2.0,0.375,0.35
11157_master,13,13.4,543.0,122.926829,4.417262,3.77348,5.999999,0.143646,0.044199,0.001842,0.027624,0.027624,0.123389,0.145488,0.003683,0.153545,0.451197,6.0,0.375,0.5,0.324125,0.151013,0.077348,0.263352,0.177448,0.5,0.160839,0.0,0.013986,2.510489,2.999999,0.176796,0.536458,1.0,0.708333,0.207895,0.5,0.242105,0.932432,0.0,0.013986,0.139963,0.117864,0.040516,1.273443,1.484688,0.358595,0.153704,0.37694,0.404348,2.656716,4.0,0.5,0.328358,5.0,0.238806,2.0,0.029851,0.0
11158_master,13+,13.7,573.0,130.772727,4.381648,3.804537,5.999999,0.052356,0.071553,0.0,0.008726,0.008726,0.102967,0.176265,0.020942,0.197644,0.383944,6.0,0.375,0.5,0.472949,0.179756,0.075044,0.275742,0.203323,0.5,0.259494,0.0,0.018987,2.594936,4.0,0.291449,0.655689,1.0,0.814371,0.206325,0.5,0.222892,0.971831,0.0,0.075949,0.172775,0.099476,0.013962,1.246013,1.853493,0.274165,0.095238,0.341837,0.29434,2.898305,5.199998,0.25,0.135593,5.0,0.186441,2.0,0.20339,0.152542
11159_master,13+,13.7,584.0,133.255813,4.382548,3.488013,5.999999,0.056507,0.056507,0.0,0.0,0.0,0.142123,0.219178,0.034247,0.158818,0.594178,7.0,0.375,0.5,0.335616,0.131849,0.063356,0.357877,0.173445,0.375,0.157895,0.0,0.0,2.459329,4.0,0.296233,0.682081,1.0,0.82659,0.228198,0.5,0.284884,0.87931,0.0,0.095694,0.215753,0.138699,0.049658,0.824113,1.710635,0.315331,0.166375,0.350515,0.350097,2.819276,4.0,0.375,0.349398,5.0,0.385542,1.0,0.240964,0.156627
11160_master,14,14.0,747.0,137.806452,5.420646,4.224899,7.000004,0.096386,0.037483,0.006693,0.005355,0.005355,0.073628,0.128514,0.028112,0.174197,0.307898,6.0,0.375,0.5,0.381526,0.180723,0.053548,0.200803,0.261667,0.625,0.153333,0.0,0.0,3.659999,5.999999,0.251673,0.597074,1.0,0.648936,0.217914,0.5,0.28877,0.836364,0.018182,0.14,0.127175,0.072289,0.016064,1.23161,1.531189,0.422819,0.185484,0.481766,0.471229,4.127272,7.000004,0.375,0.218182,5.6,0.381818,2.0,0.381818,0.218182
11162_master,13,13.4,480.0,118.013245,4.06734,3.135416,4.999997,0.14375,0.039583,0.0,0.054167,0.054167,0.160417,0.122917,0.029167,0.153125,0.595833,5.0,0.375,0.5,0.28125,0.160417,0.08125,0.260417,0.178,0.375,0.152,0.0,0.032,2.495999,2.999999,0.277083,0.599624,1.0,0.736842,0.164773,0.5,0.212121,0.859649,0.0,0.112,0.1,0.1375,0.0375,0.713401,1.505455,0.495816,0.174004,0.487624,0.512195,2.571428,2.999999,0.425,0.233766,4.0,0.090909,2.0,0.181818,0.12987
11164_master,13+,13.8,642.0,155.195313,4.136723,3.278815,4.999997,0.056075,0.102804,0.004673,0.009346,0.009346,0.23053,0.113707,0.049844,0.189642,0.819315,5.0,0.5,0.5,0.412773,0.221184,0.113707,0.323988,0.212139,0.5,0.302885,0.0,0.0,2.83173,4.0,0.286604,0.558424,1.0,0.75,0.217213,0.5,0.262295,0.949495,0.0,0.153846,0.093458,0.21028,0.063863,1.152491,1.682102,0.347484,0.151659,0.375,0.370748,2.81081,4.0,0.5,0.277027,5.0,0.135135,2.0,0.216216,0.094595
11165_master,14+,14.7,662.0,126.863207,5.218219,4.172205,7.000004,0.086103,0.037764,0.006042,0.039275,0.039275,0.21148,0.057402,0.089124,0.155589,0.746224,5.0,0.375,0.5,0.312689,0.114804,0.069486,0.261329,0.145231,0.375,0.121387,0.0,0.104046,3.387282,4.999997,0.296073,0.690051,1.0,0.719388,0.135897,0.5,0.189744,0.868852,0.0,0.34104,0.049849,0.203927,0.022659,1.246663,1.841577,0.334375,0.127559,0.395887,0.455914,3.521428,5.099997,0.375,0.107143,5.0,0.171429,1.0,0.421429,0.257143
11166_master,14,14.1,503.0,118.588235,4.241567,3.202782,5.999999,0.105368,0.121272,0.0,0.011928,0.011928,0.316103,0.178926,0.083499,0.170229,1.135189,6.0,0.375,0.5,0.355865,0.190855,0.079523,0.477137,0.171354,0.375,0.254167,0.0,0.008333,2.570832,4.0,0.238569,0.56875,0.775,0.758333,0.197479,0.5,0.277311,0.882353,0.0,0.175,0.161034,0.298211,0.109344,0.795499,1.748436,0.331337,0.128,0.394608,0.350951,2.591194,4.0,0.375,0.345912,4.0,0.08805,2.0,0.264151,0.201258
11167_master,14,14.5,700.0,128.622159,5.442297,4.161428,5.999999,0.015714,0.022857,0.0,0.001429,0.001429,0.151429,0.078571,0.04,0.199286,0.515714,6.0,0.375,0.5,0.455714,0.192857,0.075714,0.225714,0.169304,0.375,0.101266,0.0,0.006329,2.468353,4.0,0.122857,0.741279,1.0,0.918605,0.223529,0.5,0.294118,1.0,0.0,0.177215,0.074286,0.147143,0.02,0.990383,1.667602,0.289665,0.108029,0.414286,0.309969,2.320754,2.999999,0.5,0.132075,5.0,0.160377,2.6,0.264151,0.122642
11170_master,13,13.1,480.0,150.0,3.2,2.481249,2.999999,0.041667,0.052083,0.0,0.004167,0.004167,0.233333,0.25625,0.04375,0.167708,0.833333,5.0,0.375,0.5,0.291667,0.202083,0.070833,0.470833,0.17865,0.375,0.110619,0.0,0.0,2.252211,2.999999,0.158333,0.559211,0.75,0.802632,0.18,0.5,0.186667,0.954545,0.0,0.09292,0.2375,0.214583,0.035417,0.935202,1.827051,0.374477,0.249476,0.379828,0.386609,2.196428,2.999999,0.5,0.151786,5.0,0.205357,2.0,0.1875,0.160714
11171_master,14,14.4,844.0,136.891203,6.16548,4.414691,7.000004,0.03673,0.03673,0.008294,0.0,0.0,0.124408,0.154028,0.014218,0.170616,0.444313,6.0,0.375,0.5,0.32109,0.168246,0.066351,0.278436,0.182447,0.375,0.102128,0.0,0.0,3.859573,5.599998,0.129147,0.529817,0.75,0.633028,0.224537,0.5,0.333333,0.936508,0.007937,0.051064,0.154028,0.124408,0.017773,0.797379,1.886157,0.353151,0.210714,0.328185,0.378995,4.219046,4.999997,0.5,0.142857,5.0,0.190476,2.0,0.114286,0.114286
11172_master,13,13.2,484.0,145.714286,3.321569,2.997933,4.0,0.167355,0.03719,0.0,0.059917,0.059917,0.134298,0.225207,0.033058,0.148502,0.592975,6.0,0.4625,0.5,0.322314,0.163223,0.10124,0.35124,0.138235,0.5,0.105882,0.0,0.047059,2.758822,4.0,0.328512,0.47327,0.75,0.515723,0.207278,0.5,0.316456,0.887324,0.0,0.094118,0.216942,0.126033,0.030992,0.909358,1.767832,0.402128,0.192719,0.424036,0.4375,2.53846,2.999999,0.5,0.230769,6.0,0.4,2.0,0.246154,0.2
11173_master,13,13.2,569.0,139.783783,4.070572,3.054481,4.0,0.031634,0.093146,0.001757,0.02109,0.02109,0.182777,0.261863,0.02109,0.16674,0.72232,7.0,0.375,0.5,0.358524,0.189807,0.061511,0.43058,0.167857,0.375,0.212245,0.0,0.016327,2.808162,4.0,0.311072,0.528249,1.0,0.542373,0.167614,0.5,0.221591,0.968085,0.010638,0.04898,0.247803,0.168717,0.059754,0.64535,1.702096,0.326279,0.121908,0.33829,0.326279,2.759614,4.0,0.375,0.326923,4.0,0.086538,1.0,0.115385,0.096154
11174_master,14,14.2,830.0,132.906976,6.244969,4.306023,5.999999,0.040964,0.025301,0.003614,0.018072,0.018072,0.06747,0.133735,0.022892,0.190512,0.266265,6.0,0.375,0.5,0.357831,0.192771,0.092771,0.201205,0.191617,0.375,0.125749,0.017964,0.0,3.616766,5.999999,0.249398,0.614734,1.0,0.826087,0.163835,0.5,0.194175,1.0,0.0,0.113772,0.133735,0.06747,0.010843,1.500582,1.689969,0.305556,0.140266,0.38918,0.351389,3.589285,4.999997,0.25,0.160714,6.0,0.232143,2.0,0.339286,0.339286
11175_master,13+,13.8,1014.0,167.551648,6.051865,4.977316,8.999999,0.224852,0.067061,0.005917,0.031558,0.031558,0.065089,0.205128,0.019724,0.124507,0.18146,5.0,0.25,0.375,0.226824,0.080868,0.023669,0.266272,0.100926,0.25,0.22963,0.0,0.048148,5.237036,8.999999,0.155819,0.59019,1.0,0.664557,0.232484,0.5,0.292994,0.7,0.011111,0.074074,0.201183,0.061144,0.029586,1.28307,2.141585,0.258603,0.102618,0.326226,0.313054,2.742423,4.999997,0.5,0.454545,4.0,0.030303,2.0,0.30303,0.060606
11176_master,14,14.3,758.0,151.578947,5.000694,3.988126,7.000004,0.042216,0.073879,0.0,0.014512,0.014512,0.199208,0.10686,0.034301,0.17843,0.689974,5.0,0.375,0.5,0.32058,0.186016,0.094987,0.30343,0.219565,0.5,0.243478,0.0,0.0,3.269565,4.0,0.298153,0.643805,1.0,0.792035,0.205556,0.5,0.24,0.959677,0.0,0.113043,0.104222,0.19657,0.058047,0.958272,1.514691,0.234127,0.084768,0.252033,0.290323,3.403973,4.0,0.5,0.291391,4.0,0.07947,2.0,0.172185,0.13245
11177_master,13,13.2,566.0,139.946808,4.044394,3.077738,4.0,0.067138,0.042403,0.0,0.024735,0.024735,0.20318,0.159011,0.04417,0.197659,0.779152,6.0,0.5,0.5,0.5,0.238516,0.120141,0.355124,0.210199,0.5,0.119403,0.0,0.0,2.960198,4.999997,0.325088,0.672554,1.0,0.788043,0.206284,0.5,0.295082,0.974359,0.0,0.124378,0.151943,0.196113,0.031802,0.65398,1.45573,0.388298,0.188277,0.392381,0.42278,2.47826,2.999999,0.5,0.156522,5.0,0.191304,1.0,0.217391,0.173913
11177_remaster,13+,13.7,652.0,140.026595,4.656258,3.630368,7.000004,0.078221,0.059816,0.003067,0.023006,0.023006,0.223926,0.148773,0.038344,0.159701,0.826687,6.0,0.375,0.5,0.302147,0.130368,0.056748,0.368098,0.1625,0.375,0.1625,0.008333,0.008333,3.466666,5.999999,0.27454,0.649441,1.0,0.882682,0.15309,0.5,0.202247,0.941176,0.0,0.104167,0.144172,0.219325,0.029141,0.732411,1.807912,0.390769,0.214176,0.434866,0.502075,2.986301,4.0,0.375,0.130137,5.0,0.150685,2.0,0.171233,0.150685
11180_remaster,13,13.0,458.0,149.111111,3.071535,2.83406,4.999997,0.043668,0.113537,0.024017,0.021834,0.021834,0.237991,0.229258,0.058952,0.195688,0.879913,7.0,0.5,0.5,0.379913,0.235808,0.126638,0.427948,0.184949,0.375,0.229592,0.020408,0.02551,2.244897,2.999999,0.277293,0.612205,1.0,0.748031,0.18254,0.5,0.18254,0.884058,0.057971,0.137755,0.189956,0.19869,0.067686,0.884839,1.865202,0.343681,0.149554,0.375,0.355294,2.220183,2.999999,0.5,0.284404,5.0,0.183486,2.0,0.247706,0.100917
11186_master,13,13.2,594.0,141.404495,4.200715,2.627945,4.0,0.015152,0.070707,0.003367,0.013468,0.013468,0.244108,0.114478,0.016835,0.20202,0.929293,7.0,0.5,0.5,0.459596,0.234007,0.104377,0.335017,0.206658,0.4,0.201005,0.0,0.0,2.402009,2.999999,0.228956,0.617647,1.0,0.845588,0.185185,0.5,0.251852,0.981132,0.0,0.050251,0.090909,0.220539,0.053872,0.590168,1.212495,0.400338,0.19797,0.412186,0.400338,2.468964,2.999999,0.5,0.22069,5.0,0.131034,2.0,0.068966,0.034483
11188_master,13,13.4,388.0,135.12,2.871522,2.762886,2.999999,0.090206,0.195876,0.002577,0.0,0.0,0.280928,0.149485,0.054124,0.147229,1.059278,6.0,0.2875,0.5,0.252577,0.100515,0.056701,0.420103,0.168712,0.375,0.466258,0.006135,0.0,2.404907,2.999999,0.381443,0.657095,1.0,0.844595,0.232993,0.5,0.265306,0.908163,0.0,0.128834,0.139175,0.270619,0.14433,1.514444,1.273305,0.30829,0.153247,0.323288,0.327824,2.486237,2.999999,0.375,0.513761,4.2,0.100917,2.0,0.192661,0.06422
11189_master,13,13.0,454.0,129.032258,3.5185,2.579294,4.0,0.198238,0.046256,0.0,0.004405,0.004405,0.193833,0.123348,0.046256,0.141795,0.65859,5.0,0.375,0.375,0.303965,0.145374,0.037445,0.317181,0.09809,0.25,0.145833,0.0,0.0,2.270832,2.999999,0.196035,0.685393,1.0,0.775281,0.198864,0.5,0.272727,0.980392,0.0,0.145833,0.123348,0.193833,0.046256,0.706615,1.450467,0.634956,0.54102,0.643498,0.634956,2.522726,4.0,0.375,0.238636,4.0,0.090909,1.0,0.238636,0.227273
11193_master,13,13.1,668.0,150.947368,4.425384,3.287425,4.0,0.076347,0.035928,0.0,0.023952,0.023952,0.163174,0.103293,0.01497,0.15363,0.609281,6.0,0.375,0.5,0.314371,0.128743,0.061377,0.266467,0.14677,0.375,0.134831,0.0,0.02809,2.966291,4.0,0.288922,0.507772,0.75,0.647668,0.18099,0.5,0.192708,0.951456,0.0,0.05618,0.103293,0.163174,0.031437,0.723772,1.284487,0.318318,0.166917,0.319355,0.342488,2.880733,4.0,0.375,0.192661,5.0,0.12844,2.0,0.091743,0.06422
11195_master,13+,13.7,559.0,117.336134,4.764091,3.288014,4.999997,0.033989,0.073345,0.012522,0.010733,0.010733,0.225403,0.053667,0.003578,0.181574,0.828265,5.0,0.375,0.5,0.418605,0.18068,0.06619,0.27907,0.226763,0.375,0.224359,0.00641,0.0,2.929487,4.0,0.218247,0.668033,1.0,0.844262,0.192149,0.5,0.181818,0.959596,0.0,0.012821,0.053667,0.225403,0.057245,0.735968,1.299933,0.330341,0.109712,0.349206,0.347992,2.999999,4.0,0.4375,0.253968,5.0,0.142857,1.0,0.015873,0.015873
11197_master,13,13.2,323.0,91.132812,3.544278,2.563466,2.999999,0.055728,0.123839,0.0,0.03096,0.03096,0.256966,0.089783,0.027864,0.160217,0.931889,5.0,0.375,0.5,0.306502,0.123839,0.058824,0.337461,0.162844,0.5,0.366972,0.0,0.055046,2.348623,2.999999,0.371517,0.55,1.0,0.683333,0.191176,0.5,0.226891,0.898551,0.0,0.082569,0.080495,0.247678,0.114551,0.789259,1.17803,0.344828,0.141509,0.348243,0.350318,2.45783,2.999999,0.5,0.445783,5.0,0.168675,2.0,0.108434,0.036145
11200_master,13,13.0,526.0,132.8,3.960843,2.874524,4.0,0.030418,0.032319,0.003802,0.028517,0.030418,0.184411,0.188213,0.041825,0.154705,0.769962,7.0,0.375,0.5,0.290875,0.161597,0.060837,0.365019,0.169922,0.4875,0.088542,0.010417,0.005208,2.583332,2.999999,0.21673,0.631579,1.0,0.780702,0.170354,0.5,0.185841,0.967213,0.0,0.114583,0.180608,0.176806,0.01711,0.655818,1.076065,0.395038,0.206501,0.399614,0.395038,2.525772,4.0,0.5,0.092784,6.0,0.371134,2.0,0.226804,0.216495
11202_master,13,13.4,513.0,128.410405,3.995003,3.181285,4.999997,0.101365,0.083821,0.005848,0.021442,0.021442,0.202729,0.161793,0.042885,0.175926,0.699805,6.0,0.375,0.5,0.415205,0.17154,0.052632,0.335283,0.18532,0.375,0.238372,0.005814,0.017442,2.674418,4.0,0.278752,0.629371,1.0,0.678322,0.258803,0.75,0.359155,0.92,0.0,0.127907,0.132554,0.173489,0.05848,1.115287,1.728947,0.42126,0.183432,0.482353,0.422091,2.682691,4.999997,0.375,0.288462,4.0,0.048077,1.0,0.211538,0.163462
11204_master,13+,13.7,696.0,117.473684,5.924731,4.640804,7.000004,0.038793,0.014368,0.001437,0.020115,0.020115,0.063218,0.050287,0.010057,0.167744,0.252874,5.0,0.375,0.5,0.314655,0.142241,0.074713,0.113506,0.175633,0.5,0.113924,0.0,0.0,2.670885,4.0,0.208333,0.622414,1.0,0.731034,0.206597,0.5,0.291667,0.921053,0.0,0.088608,0.050287,0.063218,0.011494,1.008601,1.667997,0.201729,0.079365,0.280397,0.286902,2.75,4.0,0.5,0.181818,5.0,0.318182,2.0,0.159091,0.159091
11205_master,13,13.0,595.0,129.454545,4.596208,3.357982,4.999997,0.053782,0.02521,0.013445,0.008403,0.008403,0.087395,0.089076,0.006723,0.181303,0.357983,7.0,0.375,0.5,0.364706,0.159664,0.082353,0.17479,0.229567,0.5,0.067308,0.0,0.0,2.874999,4.0,0.184874,0.525,1.0,0.572727,0.233945,0.5,0.311927,0.944444,0.0,0.038462,0.087395,0.085714,0.011765,0.902778,1.433994,0.379427,0.131757,0.418367,0.379427,3.26923,4.899998,0.4875,0.134615,5.9,0.307692,2.0,0.076923,0.0
11206_master,14,14.5,772.0,127.0125,6.078142,4.207253,7.000004,0.080311,0.066062,0.012953,0.027202,0.028497,0.164508,0.07772,0.047927,0.180861,0.606218,5.0,0.375,0.5,0.370466,0.194301,0.098446,0.242228,0.197193,0.425,0.229947,0.010695,0.0,4.026738,5.999999,0.32772,0.573123,1.0,0.675889,0.198413,0.5,0.242063,0.895238,0.0,0.197861,0.07772,0.164508,0.041451,0.669039,1.586221,0.293194,0.098555,0.310646,0.347905,4.102362,7.000004,0.5,0.251969,5.0,0.110236,2.0,0.291339,0.251969
11207_master,13+,13.9,618.0,135.384615,4.564773,4.231391,5.999999,0.021036,0.072816,0.004854,0.0,0.003236,0.245955,0.118123,0.124595,0.209345,0.972492,7.0,0.375,0.5,0.493528,0.202265,0.085761,0.352751,0.216743,0.5,0.201835,0.009174,0.0,3.688073,5.999999,0.200647,0.814516,1.0,0.927419,0.158537,0.5,0.186992,0.965517,0.0,0.353211,0.106796,0.234628,0.011327,1.475871,1.952423,0.402597,0.23252,0.480818,0.438938,4.315789,9.999997,0.375,0.046053,5.0,0.315789,2.0,0.506579,0.421053
11208_master,13+,13.8,639.0,134.4,4.754464,3.510172,4.0,0.035994,0.062598,0.0,0.00626,0.00626,0.175274,0.134585,0.0,0.155125,0.552426,5.0,0.375,0.5,0.328638,0.147105,0.054773,0.309859,0.186869,0.375,0.20202,0.0,0.005051,2.787878,4.0,0.283255,0.600829,1.0,0.646409,0.190278,0.5,0.211111,0.973684,0.0,0.0,0.134585,0.175274,0.054773,0.719778,1.227681,0.22449,0.061321,0.228041,0.234188,3.232142,4.0,0.5,0.3125,4.0,0.053571,2.0,0.0,0.0
11209_master,14,14.2,671.0,132.577381,5.061195,4.074515,5.999999,0.052161,0.089419,0.002981,0.010432,0.010432,0.138599,0.168405,0.025335,0.193368,0.496274,5.0,0.375,0.5,0.378539,0.171386,0.099851,0.298063,0.199375,0.5,0.29,0.0,0.0,3.679999,7.000004,0.33234,0.550448,1.0,0.713004,0.226351,0.5,0.27027,0.904762,0.0,0.085,0.159463,0.129657,0.068554,0.998256,1.597437,0.390719,0.130435,0.418136,0.495183,4.172042,7.800004,0.5,0.494624,5.0,0.11828,2.0,0.182796,0.139785
11210_master,13+,13.8,615.0,121.379311,5.066761,4.099186,5.999999,0.065041,0.02439,0.0,0.01626,0.01626,0.113821,0.250407,0.006504,0.189431,0.409756,7.0,0.375,0.5,0.43252,0.221138,0.078049,0.360976,0.189189,0.5,0.067568,0.0,0.0,3.139639,5.999999,0.203252,0.594,1.0,0.688,0.185484,0.5,0.217742,0.945205,0.0,0.018018,0.247154,0.110569,0.006504,1.149515,1.603616,0.228385,0.088235,0.275943,0.250896,3.128571,3.299999,0.5,0.057143,5.0,0.157143,2.0,0.057143,0.028571
11211_master,13+,13.7,545.0,141.17647,3.860417,3.244036,5.999999,0.062385,0.111927,0.022018,0.0,0.0,0.174312,0.099083,0.045872,0.174083,0.649541,6.0,0.375,0.5,0.350459,0.170642,0.06422,0.245872,0.192164,0.375,0.38806,0.022388,0.0,2.014925,2.999999,0.319266,0.533046,0.75,0.609195,0.215318,0.5,0.312139,0.90566,0.018868,0.186567,0.07156,0.146789,0.075229,1.262449,1.77501,0.333333,0.119926,0.395294,0.350775,2.147368,2.999999,0.375,0.431579,5.0,0.136842,2.0,0.263158,0.063158
11212_master,13+,13.7,704.0,132.206897,5.324987,3.727271,4.999997,0.171875,0.042614,0.0,0.014205,0.014205,0.164773,0.076705,0.083807,0.142756,0.609375,5.0,0.375,0.375,0.303977,0.15767,0.048295,0.232955,0.162348,0.375,0.182927,0.0,0.02439,2.963414,4.0,0.132102,0.537634,0.75,0.709677,0.192935,0.5,0.25,0.95,0.0,0.359756,0.068182,0.15625,0.03267,1.420436,1.403095,0.306268,0.118402,0.393195,0.322137,3.146551,4.0,0.5,0.198276,5.0,0.232759,2.0,0.508621,0.508621
11213_master,13+,13.9,602.0,111.666667,5.391045,3.659468,4.999997,0.019934,0.036545,0.0,0.006645,0.006645,0.10299,0.121262,0.016611,0.146179,0.305648,5.0,0.375,0.375,0.303987,0.107973,0.048173,0.224252,0.166667,0.25,0.162963,0.0,0.0,3.392591,4.999997,0.227575,0.547445,0.75,0.773723,0.222426,0.5,0.220588,0.949367,0.0,0.074074,0.121262,0.10299,0.011628,0.687538,1.203354,0.301667,0.09182,0.298539,0.301667,3.467741,4.999997,0.25,0.112903,4.0,0.032258,2.0,0.16129,0.145161
11214_master,13+,13.6,606.0,147.346939,4.112742,2.876237,4.0,0.094059,0.029703,0.0,0.024752,0.024752,0.158416,0.087459,0.057756,0.16646,0.59901,5.0,0.375,0.375,0.407591,0.127063,0.047855,0.245875,0.146812,0.375,0.120805,0.0,0.0,2.510066,4.0,0.191419,0.644397,1.0,0.75,0.182609,0.5,0.182609,0.84375,0.0,0.234899,0.087459,0.158416,0.023102,0.865793,1.378598,0.524834,0.40796,0.563055,0.524834,2.583333,4.0,0.375,0.145833,4.0,0.072917,1.0,0.364583,0.364583
11215_master,14,14.5,842.0,162.077922,5.195032,4.192398,5.999999,0.070071,0.032067,0.004751,0.028504,0.033254,0.077197,0.103325,0.017815,0.187797,0.292162,5.0,0.5,0.5,0.374109,0.192399,0.104513,0.178147,0.235833,0.5,0.153333,0.0,0.0,3.519999,5.999999,0.288599,0.457819,0.95,0.45679,0.168388,0.5,0.219008,0.918919,0.0,0.1,0.10095,0.074822,0.021378,1.199736,1.84296,0.364286,0.175209,0.44964,0.435897,3.246153,4.999997,0.5,0.276923,5.0,0.323077,2.0,0.230769,0.2
11216_master,14,14.4,847.0,152.666666,5.548035,4.454545,5.999999,0.027155,0.024793,0.0,0.0,0.0,0.14758,0.081464,0.047226,0.179309,0.5183,6.0,0.375,0.5,0.317591,0.14758,0.05549,0.213695,0.171271,0.375,0.116022,0.0,0.0,3.331491,5.999999,0.173554,0.639456,1.0,0.693878,0.232877,0.625,0.363014,0.953125,0.0,0.220994,0.066116,0.132231,0.020071,1.990735,1.333829,0.27929,0.126777,0.382096,0.283313,3.591999,5.999999,0.375,0.136,5.0,0.168,2.0,0.32,0.152
11221_master,14,14.4,836.0,140.540541,5.948462,5.072966,8.000004,0.077751,0.035885,0.002392,0.028708,0.028708,0.098086,0.07177,0.020335,0.173894,0.349282,6.0,0.375,0.5,0.315789,0.179426,0.074163,0.162679,0.144301,0.375,0.205882,0.0,0.036765,3.147058,4.999997,0.181818,0.485197,0.75,0.572368,0.147351,0.5,0.15894,0.918919,0.0,0.125,0.064593,0.090909,0.022727,1.01266,1.820974,0.285372,0.104442,0.394572,0.430684,3.414633,5.899999,0.375,0.231707,5.0,0.231707,2.0,0.207317,0.146341
11222_master,14+,14.6,847.0,139.82197,6.057703,4.635182,8.000004,0.050767,0.033058,0.0,0.012987,0.012987,0.172373,0.082645,0.049587,0.191706,0.652893,7.0,0.375,0.5,0.452184,0.191263,0.061393,0.249115,0.179502,0.375,0.132701,0.0,0.0,3.763033,5.999999,0.140496,0.684874,1.0,0.823529,0.226695,0.5,0.262712,0.957983,0.0,0.199052,0.076741,0.16647,0.027155,1.501162,1.504197,0.35545,0.177936,0.480687,0.402439,3.726027,5.999999,0.375,0.157534,5.0,0.171233,2.0,0.287671,0.246575
11223_master,14+,14.8,925.0,131.431624,7.03788,5.292973,8.000004,0.033514,0.021622,0.0,0.012973,0.012973,0.078919,0.097297,0.00973,0.155676,0.261622,5.0,0.375,0.5,0.284324,0.16,0.051892,0.171892,0.184748,0.375,0.125786,0.0,0.006289,3.559748,5.999999,0.171892,0.734277,1.0,0.823899,0.161392,0.5,0.202532,0.923077,0.0,0.056604,0.092973,0.074595,0.010811,1.520127,1.885804,0.351087,0.222222,0.528155,0.561151,3.49315,4.999997,0.375,0.136986,5.0,0.150685,1.9,0.123288,0.068493
11224_master,13,13.1,544.0,142.666666,3.813084,3.242646,4.999997,0.152574,0.040441,0.0,0.016544,0.016544,0.172794,0.148897,0.022059,0.150965,0.619485,6.0,0.375,0.5,0.319853,0.159926,0.069853,0.321691,0.15,0.5,0.125714,0.0,0.0,3.039999,4.999997,0.213235,0.637931,1.0,0.724138,0.206522,0.5,0.252174,0.844156,0.0,0.068571,0.148897,0.172794,0.022059,0.868174,1.800386,0.341328,0.184843,0.376126,0.380658,2.414893,2.999999,0.5,0.12766,4.7,0.106383,2.0,0.12766,0.06383
11225_master,13+,13.8,688.0,115.058824,5.97955,3.822673,5.999999,0.107558,0.017442,0.0,0.015988,0.015988,0.12064,0.098837,0.023256,0.170785,0.395349,5.0,0.5,0.5,0.361919,0.204942,0.111919,0.219477,0.125,0.5,0.07947,0.0,0.006623,2.913906,2.999999,0.140988,0.595361,1.0,0.762887,0.190104,0.5,0.25,1.0,0.0,0.10596,0.098837,0.12064,0.015988,0.663065,1.262961,0.258017,0.157664,0.28,0.268182,2.891565,4.0,0.5,0.13253,5.0,0.13253,1.0,0.192771,0.156627
11226_master,13,13.0,510.0,140.375,3.633126,2.884313,4.0,0.182353,0.027451,0.0,0.021569,0.021569,0.156863,0.062745,0.064706,0.128431,0.529412,5.0,0.375,0.5,0.239216,0.121569,0.072549,0.219608,0.132812,0.375,0.125,0.0,0.0,2.67857,2.999999,0.215686,0.5,0.75,0.590909,0.16055,0.5,0.220183,0.983333,0.0,0.294643,0.062745,0.156863,0.021569,1.109249,1.660419,0.480315,0.228797,0.484211,0.497959,2.787499,3.099999,0.5,0.1375,5.0,0.1125,1.0,0.4125,0.2125
11227_master,14,14.3,665.0,146.857143,4.52821,3.939849,6.600002,0.066165,0.102256,0.013534,0.030075,0.030075,0.172932,0.204511,0.021053,0.170301,0.679699,5.0,0.375,0.5,0.354887,0.168421,0.087218,0.371429,0.172571,0.375,0.275304,0.036437,0.016194,3.137651,4.999997,0.261654,0.630747,1.0,0.781609,0.261561,0.7,0.323699,0.967033,0.0,0.05668,0.198496,0.166917,0.046617,1.531043,1.718563,0.307932,0.13928,0.322896,0.347664,3.547826,5.999999,0.5,0.269565,5.0,0.252174,1.7,0.121739,0.069565
11228_remaster,13,13.1,555.0,142.628572,3.891226,2.803603,4.999997,0.082883,0.084685,0.0,0.005405,0.005405,0.192793,0.111712,0.041441,0.168468,0.681081,6.0,0.375,0.5,0.324324,0.142342,0.068468,0.293694,0.175613,0.375,0.288344,0.0,0.0,2.546011,4.0,0.324324,0.630556,1.0,0.766667,0.251397,0.5,0.318436,0.947368,0.0,0.141104,0.100901,0.181982,0.077477,0.972403,1.496992,0.433757,0.183971,0.460474,0.447566,2.476635,4.0,0.375,0.401869,5.0,0.168224,2.0,0.214953,0.11215
11230_master,14,14.3,784.0,141.804878,5.528724,3.658163,4.999997,0.0625,0.042092,0.001276,0.020408,0.020408,0.167092,0.082908,0.042092,0.15896,0.619898,6.0,0.375,0.375,0.344388,0.139031,0.049745,0.248724,0.167949,0.375,0.164103,0.0,0.0,3.117948,4.999997,0.23852,0.63369,1.0,0.780749,0.240591,0.5,0.311828,0.943182,0.011364,0.169231,0.081633,0.165816,0.034439,0.719527,1.396335,0.331613,0.138422,0.304747,0.362426,3.12977,4.999997,0.5,0.206107,5.0,0.167939,1.1,0.251908,0.137405
11231_master,13+,13.7,520.0,127.2,4.08805,2.736538,4.0,0.103846,0.126923,0.0,0.053846,0.053846,0.309615,0.142308,0.061538,0.135096,1.126923,6.0,0.375,0.375,0.275,0.134615,0.046154,0.446154,0.13847,0.375,0.284483,0.0,0.0,2.551723,2.999999,0.255769,0.665414,1.0,0.87218,0.210227,0.5,0.242424,0.826446,0.0,0.137931,0.136538,0.303846,0.088462,0.474868,1.035201,0.370656,0.162476,0.372233,0.38477,2.490682,2.999999,0.375,0.285714,5.0,0.21118,2.0,0.198758,0.062112
11232_master,13+,13.8,567.0,130.877193,4.332306,3.109346,4.999997,0.08642,0.03351,0.007055,0.007055,0.007055,0.243386,0.199295,0.063492,0.182099,0.825397,6.0,0.5,0.5,0.405644,0.229277,0.112875,0.439153,0.203313,0.5,0.060241,0.0,0.0,2.847389,4.999997,0.10582,0.65,1.0,0.716667,0.254237,0.5,0.372881,0.941667,0.0,0.144578,0.195767,0.239859,0.022928,0.809468,1.383505,0.368142,0.159574,0.37395,0.393195,2.550724,2.999999,0.5,0.094203,4.0,0.028986,1.0,0.26087,0.253623
11232_remaster,13+,13.7,489.0,130.877193,3.736327,2.689161,4.0,0.124744,0.151329,0.00818,0.014315,0.014315,0.235174,0.278119,0.102249,0.157975,0.746421,6.0,0.375,0.5,0.325153,0.173824,0.06135,0.509202,0.138554,0.375,0.297189,0.016064,0.028112,2.574296,4.0,0.345603,0.485207,1.0,0.639053,0.114583,0.5,0.142857,0.954545,0.0,0.200803,0.274029,0.231084,0.059305,0.727873,1.481728,0.314168,0.150206,0.315436,0.329741,2.660869,2.999999,0.375,0.252174,5.0,0.130435,2.0,0.434783,0.182609
11233_master,14,14.0,703.0,141.01695,4.985216,3.823612,5.999999,0.091038,0.052632,0.004267,0.004267,0.015647,0.14936,0.172119,0.034139,0.173542,0.59744,6.0,0.375,0.5,0.321479,0.179232,0.061166,0.307255,0.138889,0.375,0.166667,0.009259,0.0,2.949073,5.499998,0.162162,0.563596,1.0,0.710526,0.196903,0.5,0.212389,0.896552,0.017241,0.111111,0.157895,0.135135,0.039829,0.979904,1.757948,0.273894,0.128571,0.365503,0.289593,3.076189,5.999999,0.375,0.266667,5.0,0.247619,2.0,0.228571,0.095238
11234_master,14,14.4,937.0,157.3,5.956771,4.355389,7.000004,0.177161,0.021345,0.002134,0.036286,0.036286,0.089648,0.074707,0.025614,0.160486,0.320171,5.0,0.375,0.5,0.344717,0.148346,0.057631,0.163287,0.189542,0.375,0.124183,0.006536,0.026144,3.647058,5.999999,0.146211,0.669708,1.0,0.79562,0.226103,0.5,0.301471,0.921348,0.0,0.156863,0.073639,0.088581,0.01174,1.021537,1.735454,0.299465,0.12848,0.349914,0.395448,3.404761,5.699998,0.375,0.130952,4.0,0.095238,1.0,0.285714,0.238095
11235_expert,13,13.0,557.0,128.936171,4.319967,3.62657,5.999999,0.037702,0.034111,0.005386,0.010772,0.010772,0.102334,0.127469,0.005386,0.177513,0.364452,6.0,0.375,0.5,0.337522,0.184919,0.071813,0.228007,0.222441,0.5,0.133858,0.007874,0.0,2.818897,4.0,0.305206,0.554412,1.0,0.594118,0.211538,0.5,0.349112,0.928571,0.017857,0.023622,0.125673,0.100539,0.016158,1.247979,1.518885,0.306306,0.106498,0.314159,0.371991,2.929824,4.0,0.5,0.157895,5.0,0.210526,2.0,0.052632,0.035088
11235_master,14+,14.7,793.0,130.053192,6.097505,5.366961,8.000004,0.071879,0.025221,0.002522,0.008827,0.008827,0.107188,0.092055,0.022699,0.17087,0.377049,5.0,0.375,0.5,0.319042,0.153846,0.059269,0.196721,0.126603,0.3125,0.115385,0.0,0.025641,3.320512,5.999999,0.148802,0.538136,1.0,0.644068,0.217949,0.5,0.299145,0.927273,0.0,0.115385,0.089533,0.104666,0.01261,1.516159,1.79569,0.27451,0.085302,0.369444,0.472362,3.999999,5.999999,0.375,0.117647,4.0,0.058824,2.0,0.211765,0.176471
11236_master,13+,13.9,269.0,122.791408,2.190707,1.988847,2.999999,0.02974,0.070632,0.0,0.0,0.0,0.453532,0.182156,0.133829,0.170074,1.579926,7.0,0.375,0.5,0.342007,0.163569,0.078067,0.583643,0.188694,0.5,0.121019,0.0,0.0,1.853502,1.999999,0.27881,0.676667,1.0,0.813333,0.179054,0.5,0.202703,0.978261,0.0,0.229299,0.130112,0.401487,0.066914,0.812435,1.371994,0.354962,0.126923,0.354962,0.356322,1.762294,1.999999,0.4875,0.147541,5.0,0.172131,2.0,0.295082,0.254098
11237_master,13+,13.9,662.0,130.461539,5.074292,4.23867,7.000004,0.099698,0.049849,0.001511,0.016616,0.016616,0.160121,0.120846,0.028701,0.143316,0.602719,6.0,0.375,0.49375,0.258308,0.132931,0.05136,0.271903,0.15,0.375,0.177778,0.0,0.0,3.194444,4.999997,0.160121,0.537736,1.0,0.59434,0.185714,0.5,0.27619,0.842697,0.011236,0.105556,0.111782,0.151057,0.024169,1.135627,1.891458,0.310606,0.127466,0.355649,0.404396,3.499999,4.999997,0.375,0.150943,6.0,0.235849,2.0,0.179245,0.169811
11238_master,14+,14.6,759.0,133.578948,5.682033,4.581028,7.000004,0.071146,0.080369,0.036891,0.0,0.0,0.094862,0.108037,0.02635,0.142457,0.334651,5.0,0.375,0.375,0.250329,0.14361,0.047431,0.202899,0.12987,0.375,0.279221,0.064935,0.0,2.974025,4.0,0.113307,0.563953,0.75,0.744186,0.179412,0.5,0.235294,0.825397,0.031746,0.12987,0.108037,0.094862,0.043478,1.035865,1.428502,0.178336,0.046296,0.232301,0.300481,2.902777,4.0,0.3625,0.458333,4.0,0.013889,1.0,0.277778,0.277778
11241_master,13,13.2,655.0,152.064873,4.307372,3.137404,4.999997,0.058015,0.061069,0.003053,0.006107,0.006107,0.131298,0.210687,0.025954,0.166794,0.526718,7.0,0.375,0.5,0.340458,0.151145,0.061069,0.329771,0.173611,0.375,0.175926,0.0,0.0,2.787036,4.0,0.262595,0.537791,0.75,0.697674,0.197368,0.5,0.274854,0.970874,0.009709,0.078704,0.198473,0.119084,0.029008,0.728825,1.699522,0.313936,0.131902,0.341256,0.3149,3.023255,4.0,0.375,0.22093,5.0,0.27907,2.0,0.197674,0.116279
11241_remaster,13+,13.8,799.0,152.44462,5.241248,3.645806,5.999999,0.08761,0.037547,0.011264,0.003755,0.003755,0.1602,0.166458,0.038798,0.14393,0.598248,5.0,0.375,0.375,0.286608,0.121402,0.042553,0.307885,0.131606,0.375,0.085366,0.0,0.00813,3.365853,4.999997,0.175219,0.575,1.0,0.735714,0.208633,0.5,0.244604,0.873418,0.088608,0.126016,0.147685,0.141427,0.018773,0.795234,1.806263,0.411543,0.160804,0.460366,0.449931,3.265624,4.299999,0.375,0.117188,5.0,0.125,2.0,0.242188,0.1875
11242_master,13,13.0,583.0,150.0,3.886667,2.883361,4.999997,0.039451,0.077187,0.0,0.02916,0.02916,0.19211,0.161235,0.012007,0.163165,0.679245,6.0,0.375,0.5,0.303602,0.174957,0.072041,0.324185,0.180556,0.375,0.238095,0.0,0.042328,2.275131,2.999999,0.25729,0.52,0.75,0.7,0.172819,0.5,0.234899,0.909091,0.0,0.037037,0.132075,0.16295,0.054889,0.729421,1.544428,0.364888,0.155172,0.397338,0.384755,2.294642,2.999999,0.375,0.285714,5.0,0.1875,2.0,0.0625,0.044643
11243_master,13+,13.8,732.0,142.894737,5.122652,3.815573,4.999997,0.02459,0.050546,0.0,0.0,0.0,0.135246,0.028689,0.01776,0.195014,0.510929,5.0,0.375,0.5,0.363388,0.206284,0.092896,0.163934,0.203125,0.5,0.308333,0.0,0.0,3.066666,4.999997,0.224044,0.615854,1.0,0.70122,0.17638,0.5,0.196319,1.0,0.0,0.108333,0.028689,0.135246,0.050546,0.88188,1.367222,0.363014,0.130316,0.362963,0.441667,3.090908,4.999997,0.5,0.373737,4.0,0.090909,1.0,0.131313,0.121212
11246_master,13+,13.7,705.0,156.444444,4.506392,3.278013,4.999997,0.034043,0.062411,0.014184,0.038298,0.042553,0.121986,0.116312,0.021277,0.156206,0.421277,6.0,0.25,0.375,0.361702,0.099291,0.032624,0.238298,0.14881,0.25,0.22619,0.02381,0.041667,2.815475,4.0,0.242553,0.628655,1.0,0.754386,0.226471,0.5,0.376471,0.916667,0.0,0.089286,0.116312,0.121986,0.042553,0.681446,1.412226,0.391181,0.173789,0.449833,0.403818,3.069766,4.999997,0.25,0.348837,5.0,0.174419,2.0,0.174419,0.116279
11248_master,14,14.3,928.0,147.216495,6.303641,4.72737,7.000004,0.077586,0.063578,0.020474,0.011853,0.012931,0.084052,0.126078,0.023707,0.171336,0.326509,7.0,0.375,0.5,0.342672,0.153017,0.079741,0.203664,0.199735,0.5,0.216931,0.005291,0.0,3.703703,5.999999,0.228448,0.616745,1.0,0.783019,0.202607,0.5,0.236967,0.95,0.04,0.116402,0.119612,0.077586,0.019397,1.300869,1.735595,0.277778,0.100784,0.306667,0.421053,3.448717,5.299998,0.375,0.230769,5.0,0.192308,2.0,0.282051,0.217949
11249_master,13,13.4,647.0,151.354839,4.274723,3.391035,4.999997,0.040185,0.051005,0.006182,0.003091,0.003091,0.148377,0.078825,0.029366,0.164992,0.550232,6.0,0.375,0.5,0.352396,0.139104,0.07728,0.224111,0.156034,0.5,0.2,0.0,0.0,2.71724,4.0,0.35085,0.589207,1.0,0.77533,0.163717,0.5,0.221239,1.0,0.0,0.131034,0.075734,0.145286,0.027821,0.740233,1.76081,0.410853,0.195652,0.446208,0.441667,2.635416,4.0,0.5,0.1875,5.0,0.25,2.0,0.197917,0.114583
11250_remaster,13,13.0,303.0,86.918919,3.486007,2.584157,4.0,0.09571,0.122112,0.0,0.013201,0.013201,0.30363,0.158416,0.052805,0.199257,1.257426,6.0,0.375,0.5,0.415842,0.264026,0.082508,0.455446,0.173913,0.375,0.268116,0.0,0.0,2.260869,2.999999,0.323432,0.696429,1.0,0.744898,0.198454,0.5,0.247423,0.936508,0.0,0.115942,0.151815,0.29703,0.122112,0.685749,1.328862,0.378738,0.15,0.361775,0.407143,2.434782,2.999999,0.375,0.402174,6.0,0.315217,1.0,0.173913,0.173913
11251_remaster,13,13.0,243.0,99.152543,2.450769,1.724279,1.999999,0.168724,0.065844,0.0,0.020576,0.020576,0.497942,0.222222,0.292181,0.158951,2.012346,6.0,0.375,0.5,0.300412,0.144033,0.08642,0.670782,0.160276,0.375,0.09816,0.0,0.01227,1.736196,1.999999,0.300412,0.482877,1.0,0.479452,0.256944,0.5,0.430556,0.666667,0.0,0.435583,0.17284,0.44856,0.065844,0.787713,1.247553,0.506224,0.329167,0.506224,0.51046,1.768594,1.999999,0.375,0.132231,5.0,0.22314,1.1,0.586777,0.429752
11252_remaster,13,13.0,584.0,157.133333,3.716589,3.092465,4.999997,0.066781,0.05137,0.0,0.0,0.0,0.207192,0.133562,0.080479,0.15518,0.828767,7.0,0.25,0.375,0.292808,0.097603,0.025685,0.32363,0.167989,0.375,0.15873,0.0,0.0,2.544973,3.199999,0.273973,0.546875,1.0,0.6625,0.172956,0.5,0.18239,0.905405,0.0,0.248677,0.116438,0.190068,0.032534,1.090525,1.481715,0.427835,0.223752,0.46332,0.447038,2.52066,4.0,0.25,0.157025,5.0,0.231405,2.0,0.38843,0.297521
11263_master,13,13.0,485.0,132.831325,3.651247,2.488659,2.999999,0.028866,0.098969,0.0,0.018557,0.018557,0.16701,0.14433,0.026804,0.160567,0.626804,6.0,0.375,0.5,0.356701,0.123711,0.059794,0.303093,0.164966,0.3,0.326531,0.0,0.0,2.408162,2.999999,0.381443,0.586486,1.0,0.724324,0.1875,0.5,0.277174,0.985915,0.0,0.088435,0.136082,0.158763,0.065979,0.659183,1.128942,0.251559,0.108559,0.251559,0.251559,2.382715,4.0,0.375,0.395062,4.0,0.098765,2.0,0.160494,0.160494
11266_master,13,13.2,522.0,129.90566,4.018301,2.79885,4.0,0.051724,0.04023,0.0,0.021073,0.021073,0.279693,0.126437,0.061303,0.159722,1.028736,6.0,0.375,0.5,0.37931,0.191571,0.078544,0.388889,0.17303,0.375,0.103448,0.0,0.0,2.615763,4.0,0.243295,0.653543,1.0,0.818898,0.180556,0.5,0.253968,0.940594,0.0,0.157635,0.109195,0.262452,0.034483,0.807017,1.14715,0.357692,0.140655,0.355599,0.362573,2.547944,4.0,0.375,0.123288,5.0,0.178082,2.0,0.219178,0.178082
11267_master,13,13.2,576.0,148.790322,3.87122,2.935763,4.0,0.029514,0.071181,0.001736,0.003472,0.003472,0.105903,0.180556,0.020833,0.152995,0.414931,6.0,0.25,0.375,0.357639,0.088542,0.041667,0.279514,0.170031,0.375,0.248447,0.0,0.0,2.807452,4.0,0.368056,0.551887,0.75,0.683962,0.199052,0.5,0.2891,0.915663,0.012048,0.074534,0.173611,0.098958,0.026042,0.910424,1.568504,0.348432,0.200698,0.318761,0.348432,2.836065,4.0,0.375,0.245902,5.0,0.180328,1.0,0.196721,0.180328
11274_master,13,13.1,531.0,139.862069,3.796598,2.964217,4.999997,0.052731,0.06403,0.0,0.022599,0.022599,0.214689,0.109228,0.052731,0.181968,0.830508,6.0,0.375,0.5,0.419962,0.195857,0.071563,0.318267,0.207101,0.5,0.201183,0.0,0.017751,2.822484,4.999997,0.186441,0.633838,1.0,0.818182,0.188776,0.5,0.234694,0.974684,0.0,0.16568,0.103578,0.20904,0.047081,1.056435,1.289435,0.275992,0.11553,0.301031,0.275992,3.122806,4.999997,0.5,0.219298,4.0,0.096491,1.0,0.245614,0.236842
11275_master,13,13.4,584.0,140.706522,4.150483,3.147259,4.999997,0.058219,0.09589,0.0,0.003425,0.003425,0.22089,0.097603,0.037671,0.181507,0.871575,6.0,0.375,0.5,0.409247,0.186644,0.085616,0.303082,0.15678,0.375,0.316384,0.0,0.0,2.77966,4.0,0.364726,0.620892,1.0,0.788732,0.173349,0.5,0.188679,0.894118,0.0,0.124294,0.082192,0.205479,0.083904,0.643747,1.486881,0.457045,0.185886,0.462406,0.457045,2.968991,4.0,0.375,0.379845,5.0,0.232558,2.0,0.170543,0.139535
11278_master,13,13.0,604.0,130.152439,4.640712,3.276489,4.999997,0.008278,0.048013,0.0,0.008278,0.008278,0.140728,0.107616,0.039735,0.181084,0.554636,7.0,0.375,0.5,0.324503,0.137417,0.057947,0.248344,0.206667,0.375,0.193333,0.0,0.0,2.746666,4.0,0.220199,0.650376,1.0,0.849624,0.223485,0.5,0.287879,0.948052,0.0,0.16,0.107616,0.140728,0.043046,0.829405,1.638756,0.475083,0.242928,0.493333,0.490566,2.623529,4.0,0.5,0.305882,5.0,0.152941,1.0,0.282353,0.223529
11279_master,13,13.1,446.0,138.821413,3.212761,2.804932,4.0,0.118834,0.056054,0.0,0.047085,0.047085,0.2713,0.197309,0.053812,0.155549,1.038117,7.0,0.5,0.5,0.307175,0.154709,0.107623,0.441704,0.162437,0.5,0.126904,0.0,0.076142,2.497461,4.0,0.217489,0.634021,1.0,0.752577,0.208333,0.5,0.270833,0.962025,0.0,0.121827,0.170404,0.244395,0.047085,1.10573,1.716835,0.432432,0.196388,0.428916,0.432432,2.785123,4.0,0.5,0.173554,5.0,0.115702,2.0,0.198347,0.066116
11280_master,13,13.5,544.0,144.923077,3.753715,2.764705,4.0,0.044118,0.09375,0.0,0.007353,0.007353,0.321691,0.049632,0.033088,0.180836,1.128676,6.0,0.4625,0.5,0.419118,0.193015,0.101103,0.369485,0.167289,0.5,0.253731,0.0,0.0,2.398009,4.0,0.376838,0.581707,1.0,0.702439,0.203431,0.5,0.284314,0.923913,0.0,0.089552,0.047794,0.319853,0.086397,0.616848,0.948971,0.204797,0.079482,0.204797,0.204797,2.274285,3.6,0.45,0.268571,5.0,0.16,2.0,0.102857,0.045714
11281_master,14,14.4,812.0,139.103774,5.837369,4.21798,5.999999,0.092365,0.076355,0.022167,0.018473,0.018473,0.077586,0.273399,0.017241,0.148245,0.295567,7.0,0.375,0.375,0.295567,0.112069,0.045567,0.341133,0.125,0.25,0.158845,0.0,0.00361,3.833934,5.999999,0.226601,0.638587,1.0,0.706522,0.166667,0.5,0.240437,0.929412,0.0,0.050542,0.263547,0.067734,0.022167,1.000829,1.91839,0.362963,0.166873,0.404943,0.45098,3.349206,5.999999,0.375,0.285714,5.0,0.142857,1.9,0.222222,0.15873
11282_master,13+,13.9,461.0,107.775,4.27743,3.746204,7.000004,0.043384,0.073753,0.049892,0.002169,0.002169,0.123644,0.401302,0.045553,0.19333,0.477223,5.0,0.375,0.5,0.444685,0.151844,0.084599,0.4859,0.213728,0.5,0.151786,0.102679,0.004464,4.29018,7.000004,0.295011,0.516544,1.0,0.654412,0.122222,0.5,0.133333,0.933333,0.0,0.09375,0.362256,0.084599,0.067245,1.070173,1.65706,0.158621,0.062791,0.209524,0.215947,1.68421,1.999999,0.375,0.54386,4.0,0.017544,0.0,0.368421,0.052632
11283_master,13+,13.9,725.0,131.368421,5.51883,4.153102,5.999999,0.164138,0.055172,0.001379,0.004138,0.004138,0.136552,0.161379,0.031724,0.143793,0.511724,7.0,0.375,0.375,0.332414,0.118621,0.041379,0.297931,0.142361,0.375,0.180556,0.0,0.0,3.509258,5.999999,0.226207,0.614329,1.0,0.786585,0.203988,0.5,0.233129,0.428571,0.010204,0.106481,0.161379,0.136552,0.048276,0.936603,1.448157,0.47018,0.18637,0.458647,0.622921,2.818181,4.999997,0.375,0.353535,5.0,0.121212,1.0,0.232323,0.20202
11284_master,14,14.4,791.0,132.774194,5.957483,4.50316,5.999999,0.035398,0.018963,0.0,0.007585,0.007585,0.101138,0.103666,0.020228,0.203224,0.367889,5.0,0.375,0.5,0.453856,0.240202,0.074589,0.202276,0.222656,0.3875,0.09375,0.0,0.0,3.743749,5.999999,0.147914,0.679487,1.0,0.752137,0.217672,0.5,0.267241,0.958904,0.0,0.1,0.101138,0.098609,0.010114,1.39908,1.504128,0.285171,0.10533,0.374429,0.314685,4.212499,5.999999,0.5,0.1,4.0,0.0875,1.0,0.2,0.15
11285_master,13+,13.7,537.0,117.739726,4.560908,3.409682,5.999999,0.147114,0.087523,0.061453,0.055866,0.055866,0.24581,0.145251,0.067039,0.138734,0.901304,7.0,0.375,0.4,0.27933,0.160149,0.050279,0.387337,0.129207,0.375,0.139423,0.072115,0.004808,3.312499,5.999999,0.104283,0.602679,1.0,0.803571,0.213636,0.5,0.272727,0.741573,0.0,0.173077,0.141527,0.242086,0.024209,0.728013,1.501397,0.413084,0.166667,0.408983,0.46723,2.704544,4.0,0.375,0.098485,5.0,0.265152,2.0,0.272727,0.204545
11286_master,13,13.5,586.0,110.625,5.297175,3.77645,5.999999,0.05802,0.047782,0.0,0.001706,0.001706,0.211604,0.105802,0.051195,0.158063,0.686007,6.0,0.375,0.5,0.334471,0.145051,0.088737,0.317406,0.131048,0.375,0.150538,0.0,0.0,3.462365,5.999999,0.271331,0.738994,1.0,0.849057,0.147152,0.5,0.183544,0.966292,0.0,0.16129,0.105802,0.211604,0.046075,0.659106,1.649076,0.35274,0.137221,0.384946,0.395393,2.975805,2.999999,0.375,0.217742,4.0,0.072581,2.0,0.241935,0.233871
11287_master,13+,13.9,619.0,143.727273,4.306768,2.928917,4.0,0.01454,0.056543,0.008078,0.003231,0.003231,0.213247,0.105008,0.063005,0.161349,0.759289,6.0,0.375,0.5,0.295638,0.134087,0.058158,0.31664,0.193878,0.375,0.158163,0.005102,0.0,2.62755,4.0,0.245557,0.625,1.0,0.769737,0.236755,0.5,0.324503,0.9625,0.0,0.19898,0.103393,0.211632,0.029079,0.779909,1.563098,0.559157,0.454545,0.578313,0.564648,2.378787,4.0,0.375,0.136364,5.0,0.121212,1.0,0.295455,0.242424
11288_master,13+,13.8,647.0,147.789474,4.377849,3.489953,5.999999,0.046368,0.085008,0.009274,0.021638,0.021638,0.211747,0.120556,0.007728,0.194552,0.732612,5.0,0.5,0.5,0.421947,0.216383,0.119011,0.330757,0.224299,0.5,0.228972,0.0,0.009346,2.813083,4.0,0.281298,0.583791,1.0,0.752747,0.20442,0.5,0.259669,0.917431,0.055046,0.023364,0.119011,0.210201,0.051005,1.172476,1.3691,0.255814,0.114907,0.246777,0.305816,2.861313,4.0,0.5,0.240876,5.0,0.109489,2.0,0.036496,0.0
11289_master,13,13.4,425.0,143.320313,2.965386,2.609411,2.999999,0.077647,0.105882,0.011765,0.028235,0.028235,0.188235,0.207059,0.023529,0.153529,0.729412,6.0,0.375,0.5,0.357647,0.124706,0.065882,0.362353,0.155844,0.375,0.25974,0.0,0.006494,2.402596,2.999999,0.345882,0.702381,1.0,0.85034,0.171233,0.5,0.219178,0.882353,0.0,0.064935,0.174118,0.155294,0.068235,0.82969,1.594701,0.375887,0.180095,0.360697,0.389706,2.524999,2.999999,0.375,0.3625,5.0,0.2125,2.0,0.125,0.1125
11290_master,13,13.2,512.0,123.529411,4.144762,3.177733,5.899999,0.113281,0.056641,0.003906,0.041016,0.041016,0.210938,0.171875,0.046875,0.174805,0.789062,6.0,0.375,0.5,0.417969,0.236328,0.066406,0.361328,0.160811,0.375,0.145946,0.0,0.021622,2.48108,4.999997,0.207031,0.429245,0.75,0.45283,0.180952,0.5,0.190476,0.772727,0.030303,0.12973,0.150391,0.189453,0.046875,0.934516,1.584857,0.427451,0.202358,0.470046,0.450413,2.314814,2.999999,0.375,0.222222,6.0,0.175926,2.0,0.222222,0.157407
11291_master,13+,13.7,636.0,146.052631,4.354595,3.721698,7.000004,0.050314,0.058176,0.003145,0.018868,0.018868,0.143082,0.106918,0.003145,0.179049,0.455975,6.0,0.375,0.5,0.383648,0.207547,0.070755,0.246855,0.171975,0.375,0.235669,0.012739,0.031847,2.808917,4.0,0.251572,0.640625,1.0,0.79375,0.220126,0.5,0.27673,0.873684,0.0,0.012739,0.103774,0.139937,0.053459,1.029122,1.448319,0.266562,0.113744,0.293785,0.318702,2.98901,4.0,0.375,0.373626,4.0,0.076923,2.0,0.021978,0.021978
11292_master,13+,13.9,592.0,140.15625,4.223857,3.449324,5.999999,0.074324,0.096284,0.016892,0.050676,0.050676,0.201014,0.077703,0.037162,0.162584,0.66723,6.0,0.375,0.5,0.319257,0.170608,0.086149,0.271959,0.170031,0.5,0.291925,0.0,0.012422,2.919254,4.999997,0.295608,0.505714,1.0,0.474286,0.146552,0.5,0.206897,0.898305,0.0,0.136646,0.070946,0.194257,0.070946,1.059234,1.65427,0.391525,0.123939,0.408537,0.479915,2.714285,4.0,0.4,0.352941,4.2,0.10084,2.0,0.184874,0.092437
11293_master,13+,13.7,314.0,116.8,2.688356,2.490445,2.999999,0.092357,0.229299,0.015924,0.047771,0.047771,0.359873,0.124204,0.0,0.155255,1.06051,6.0,0.4625,0.5,0.33121,0.191083,0.101911,0.471338,0.130068,0.2875,0.466216,0.013514,0.013514,2.155404,2.999999,0.449045,0.851064,1.0,0.93617,0.1125,0.275,0.1,0.982456,0.017544,0.0,0.111465,0.347134,0.216561,1.818121,1.164242,0.320513,0.11254,0.33,0.320513,2.203539,2.999999,0.375,0.60177,4.0,0.097345,2.0,0.0,0.0
11294_master,14,14.3,830.0,135.714286,6.115789,4.715663,7.000004,0.081928,0.039759,0.0,0.027711,0.027711,0.140964,0.193976,0.051807,0.173946,0.516867,5.0,0.375,0.5,0.351807,0.183133,0.055422,0.318072,0.162879,0.375,0.125,0.0,0.003788,3.886363,5.999999,0.150602,0.532,1.0,0.616,0.189516,0.5,0.169355,0.896552,0.0,0.162879,0.177108,0.124096,0.036145,0.864238,1.625955,0.268199,0.128238,0.293617,0.398,3.444444,5.999999,0.25,0.25641,5.0,0.17094,1.0,0.367521,0.307692
11295_master,14+,14.6,1034.0,166.034483,6.227622,4.613152,8.000004,0.066731,0.048356,0.01354,0.029981,0.029981,0.101547,0.110251,0.06383,0.16441,0.448743,7.0,0.375,0.375,0.366538,0.160542,0.045455,0.202128,0.136364,0.375,0.196172,0.023923,0.023923,3.693779,5.999999,0.154739,0.503125,0.75,0.575,0.190252,0.5,0.238994,0.967742,0.032258,0.315789,0.10058,0.091876,0.016441,1.048153,1.8289,0.257228,0.104313,0.406593,0.314694,3.4,7.200002,0.25,0.161905,7.0,0.6,1.0,0.628571,0.466667
11296_master,13+,13.7,606.0,156.0,3.884615,3.684818,7.000004,0.008251,0.066007,0.0,0.0033,0.0033,0.239274,0.108911,0.018152,0.158622,0.877888,6.0,0.375,0.5,0.30363,0.141914,0.074257,0.341584,0.141304,0.375,0.193237,0.0,0.009662,2.768115,4.0,0.293729,0.59691,1.0,0.674157,0.152542,0.5,0.180791,1.0,0.0,0.05314,0.10231,0.232673,0.062706,1.038594,1.575376,0.342715,0.126036,0.37,0.377049,2.703447,4.0,0.375,0.262069,5.0,0.131034,2.0,0.075862,0.068966
11297_master,13,13.5,576.0,132.668919,4.341635,3.118054,4.999997,0.024306,0.0625,0.0,0.006944,0.006944,0.189236,0.211806,0.076389,0.210286,0.711806,5.0,0.4375,0.5,0.46875,0.244792,0.100694,0.385417,0.207207,0.5,0.162162,0.0,0.018018,2.815314,4.999997,0.175347,0.54703,1.0,0.584158,0.36,0.75,0.47,0.968085,0.0,0.198198,0.196181,0.173611,0.012153,0.708726,1.593056,0.346154,0.133333,0.39839,0.349823,2.935778,4.999997,0.5,0.06422,5.0,0.238532,2.0,0.40367,0.256881
11298_master,13,13.3,425.0,133.333334,3.1875,2.679999,4.999997,0.037647,0.04,0.0,0.009412,0.009412,0.336471,0.075294,0.054118,0.160588,1.169412,5.0,0.375,0.5,0.343529,0.190588,0.054118,0.397647,0.150888,0.375,0.100592,0.0,0.0,2.278106,4.0,0.188235,0.603125,1.0,0.675,0.243671,0.55,0.316456,0.875,0.0,0.136095,0.061176,0.322353,0.030588,0.868589,1.568184,0.387707,0.191943,0.402062,0.387707,2.314684,4.0,0.375,0.090909,4.0,0.06993,1.0,0.160839,0.125874
11299_master,14,14.1,609.0,118.055556,5.158588,4.049261,8.000004,0.129721,0.019704,0.006568,0.024631,0.024631,0.16913,0.183908,0.032841,0.171593,0.56486,5.0,0.375,0.5,0.372742,0.18555,0.085386,0.353038,0.153488,0.375,0.037209,0.0,0.0,3.297674,4.999997,0.139573,0.755882,1.0,0.823529,0.22619,0.675,0.345238,0.935897,0.0,0.093023,0.183908,0.16913,0.013136,1.470145,1.5572,0.401977,0.19802,0.450801,0.522876,3.194174,4.999997,0.375,0.07767,4.8,0.106796,2.0,0.194175,0.07767
112_master,14,14.0,513.0,105.45,4.864865,3.717348,5.999999,0.0,0.035088,0.0,0.0,0.0,0.140351,0.070175,0.007797,0.184211,0.512671,4.0,0.375,0.5,0.265107,0.150097,0.097466,0.208577,0.182243,0.375,0.168224,0.0,0.0,3.112149,4.0,0.187135,0.375,0.875,0.208333,0.086842,0.5,0.136842,1.0,0.0,0.037383,0.068226,0.138402,0.02729,0.774661,1.39383,0.293542,0.145098,0.295082,0.33713,3.083333,4.0,0.375,0.194444,4.0,0.0,1.0,0.055556,0.055556
11300_master,14,14.3,767.0,155.285715,4.939282,4.391134,8.000004,0.113429,0.027379,0.014342,0.028683,0.028683,0.162973,0.063885,0.053455,0.164928,0.588005,6.0,0.375,0.5,0.322034,0.161669,0.056063,0.225554,0.17052,0.375,0.063584,0.00578,0.052023,3.213872,4.999997,0.140808,0.631944,1.0,0.675926,0.226636,0.75,0.308411,0.920635,0.0,0.236994,0.062581,0.161669,0.01043,1.196645,1.879145,0.228758,0.092932,0.340564,0.286899,3.127999,5.999999,0.5,0.064,4.0,0.08,1.0,0.328,0.264
11301_master,13+,13.9,718.0,133.227273,5.389287,4.2883,7.000004,0.314763,0.04039,0.016713,0.001393,0.001393,0.278552,0.098886,0.194986,0.121692,0.940111,6.0,0.375,0.5,0.250696,0.149025,0.077994,0.377437,0.055351,0.25,0.062731,0.0,0.0,3.634686,5.999999,0.118384,0.705882,1.0,0.811765,0.178571,0.5,0.261905,0.8,0.0,0.516605,0.098886,0.278552,0.020891,1.564402,1.698842,0.379888,0.103497,0.409722,0.388462,3.969999,5.999999,0.25,0.075,5.0,0.125,1.2,0.7,0.045
11302_master,14+,14.6,707.0,125.148943,5.649269,4.359264,7.000004,0.029703,0.100424,0.045262,0.001414,0.001414,0.161245,0.110325,0.046676,0.17256,0.528996,5.0,0.375,0.5,0.326733,0.164074,0.06082,0.265912,0.172207,0.375,0.207447,0.0,0.0,3.712766,5.999999,0.196605,0.690647,1.0,0.863309,0.192029,0.5,0.231884,0.910256,0.025641,0.175532,0.104668,0.155587,0.036775,1.152332,1.92565,0.359307,0.14058,0.402685,0.491561,3.596491,5.699998,0.375,0.22807,4.0,0.061404,2.0,0.289474,0.22807
11303_master,14,14.0,662.0,124.728682,5.30752,4.23716,7.000004,0.093656,0.043807,0.0,0.004532,0.004532,0.10574,0.167674,0.022659,0.166352,0.358006,6.0,0.375,0.375,0.385196,0.137462,0.046828,0.271903,0.168056,0.375,0.161111,0.0,0.005556,3.633333,5.999999,0.155589,0.606796,1.0,0.815534,0.230392,0.5,0.264706,0.975904,0.0,0.083333,0.166163,0.10423,0.021148,1.252678,1.68497,0.376524,0.180428,0.429975,0.38,3.328571,4.999997,0.375,0.2,4.0,0.042857,2.0,0.214286,0.185714
11304_master,13,13.3,568.0,123.428572,4.601852,3.332745,4.999997,0.075704,0.059859,0.001761,0.003521,0.003521,0.176056,0.198944,0.021127,0.159331,0.661972,6.0,0.375,0.5,0.276408,0.181338,0.09331,0.348592,0.164141,0.5,0.171717,0.005051,0.010101,2.429292,4.0,0.262324,0.484899,0.75,0.57047,0.158784,0.5,0.135135,0.941176,0.0,0.060606,0.172535,0.149648,0.058099,0.751769,1.31458,0.332155,0.106195,0.351178,0.341198,2.689999,4.0,0.5,0.33,4.0,0.02,1.0,0.12,0.05
11305_master,14,14.0,686.0,143.181818,4.791111,3.903789,5.999999,0.062682,0.061224,0.001458,0.014577,0.014577,0.214286,0.161808,0.087464,0.170554,0.706997,5.0,0.375,0.5,0.355685,0.195335,0.072886,0.338192,0.129849,0.375,0.181034,0.00431,0.0,2.844827,4.999997,0.137026,0.646277,1.0,0.882979,0.180108,0.5,0.182796,0.833333,0.0,0.258621,0.123907,0.176385,0.053936,1.137868,1.629102,0.352339,0.180088,0.463736,0.377743,2.884353,4.999997,0.375,0.251701,4.0,0.088435,1.0,0.408163,0.22449
11306_master,14,14.5,584.0,128.634146,4.540008,3.830479,5.999999,0.027397,0.083904,0.003425,0.005137,0.005137,0.202055,0.15411,0.027397,0.171661,0.732877,6.0,0.375,0.5,0.393836,0.155822,0.070205,0.332192,0.176546,0.375,0.242268,0.0,0.005155,3.407216,5.999999,0.309932,0.607735,1.0,0.723757,0.241667,0.5,0.372222,0.973684,0.013158,0.082474,0.130137,0.178082,0.061644,1.498821,1.538961,0.329897,0.118761,0.336471,0.409692,3.516948,5.999999,0.4125,0.305085,4.3,0.101695,1.0,0.135593,0.084746
11307_master,14+,14.6,690.0,127.087912,5.429313,4.315942,7.000004,0.05942,0.047826,0.007246,0.013043,0.013043,0.189855,0.142029,0.068116,0.156159,0.672464,6.0,0.375,0.5,0.275362,0.13913,0.068116,0.313043,0.162037,0.375,0.152778,0.023148,0.018519,4.009259,6.500001,0.207246,0.636364,1.0,0.699301,0.232394,0.75,0.302817,0.829545,0.0,0.217593,0.123188,0.171014,0.037681,1.021801,2.033192,0.2287,0.070783,0.305804,0.245586,4.343511,7.000004,0.5,0.198473,5.0,0.145038,2.0,0.358779,0.21374
11308_master,13+,13.7,641.0,143.297872,4.4732,3.936037,5.999999,0.056162,0.096724,0.0,0.0,0.0,0.159126,0.149766,0.048362,0.136505,0.564743,7.0,0.25,0.375,0.199688,0.054602,0.020281,0.291732,0.139037,0.25,0.331551,0.0,0.0,3.336898,4.999997,0.312012,0.5725,1.0,0.63,0.221106,0.75,0.321608,0.988372,0.0,0.165775,0.132605,0.141966,0.049922,2.103699,1.295264,0.400626,0.122257,0.414414,0.498054,3.362744,4.999997,0.25,0.313725,4.0,0.058824,1.0,0.303922,0.245098
11309_master,13+,13.8,480.0,114.509804,4.191781,3.308332,4.999997,0.054167,0.1,0.00625,0.014583,0.014583,0.239583,0.095833,0.054167,0.158333,0.785417,6.0,0.375,0.5,0.320833,0.133333,0.054167,0.33125,0.165881,0.375,0.283019,0.0,0.037736,2.955974,4.0,0.325,0.599359,1.0,0.737179,0.195161,0.5,0.258065,0.971014,0.0,0.163522,0.091667,0.235417,0.079167,1.015002,1.431201,0.322176,0.136268,0.346793,0.32766,2.930434,4.0,0.375,0.330435,4.0,0.034783,2.0,0.226087,0.182609
11310_master,14,14.4,611.0,125.405406,4.872198,3.502454,5.999999,0.101473,0.094926,0.022913,0.022913,0.022913,0.202946,0.181669,0.036007,0.173486,0.790507,6.0,0.375,0.5,0.420622,0.183306,0.0982,0.361702,0.168552,0.5,0.230769,0.031674,0.031674,2.846153,4.0,0.13748,0.625,1.0,0.821429,0.243976,0.5,0.277108,0.942857,0.009524,0.099548,0.158756,0.180033,0.042553,1.168613,1.77521,0.389163,0.21875,0.427757,0.417254,2.919354,4.0,0.5,0.209677,6.0,0.282258,3.0,0.177419,0.08871
11311_expert,13,13.0,512.0,126.824644,4.03707,3.146484,4.999997,0.109375,0.035156,0.0,0.005859,0.005859,0.121094,0.236328,0.021484,0.146484,0.412109,5.0,0.375,0.5,0.347656,0.126953,0.054688,0.355469,0.153846,0.375,0.098901,0.0,0.0,2.906593,4.0,0.289062,0.577703,1.0,0.77027,0.185374,0.5,0.265306,0.823529,0.0,0.06044,0.234375,0.119141,0.011719,1.145625,1.59751,0.394118,0.192534,0.405579,0.437908,2.854838,4.0,0.375,0.096774,4.0,0.064516,2.0,0.177419,0.048387
11311_master,14+,14.9,716.0,125.829383,5.690245,4.530726,8.000004,0.02095,0.082402,0.01257,0.0,0.0,0.205307,0.194134,0.067039,0.177374,0.74581,5.0,0.375,0.5,0.353352,0.152235,0.071229,0.385475,0.177989,0.375,0.184783,0.003623,0.0,4.594202,8.500001,0.27514,0.604061,1.0,0.751269,0.200255,0.5,0.234694,0.93,0.07,0.173913,0.180168,0.191341,0.039106,1.433275,1.785246,0.369748,0.171108,0.440501,0.492188,3.979591,8.000004,0.375,0.190476,5.0,0.14966,1.0,0.326531,0.265306
11312_master,13,13.2,661.0,159.917355,4.133385,3.32829,4.999997,0.154312,0.107413,0.009077,0.062027,0.062027,0.131619,0.170953,0.057489,0.129349,0.544629,6.0,0.375,0.5,0.226929,0.11649,0.071104,0.29652,0.118622,0.25,0.331633,0.0,0.030612,3.066326,4.0,0.316188,0.480861,1.0,0.507177,0.146635,0.5,0.173077,0.613333,0.0,0.193878,0.164902,0.125567,0.049924,0.68665,1.690449,0.364188,0.174772,0.392977,0.396522,3.034482,4.0,0.25,0.37931,5.0,0.195402,1.0,0.436782,0.287356
11314_master,13+,13.9,610.0,128.321168,4.753697,3.744262,7.000004,0.02623,0.021311,0.0,0.009836,0.009836,0.178689,0.093443,0.057377,0.176844,0.618033,4.0,0.375,0.5,0.352459,0.167213,0.063934,0.267213,0.180982,0.375,0.079755,0.0,0.01227,3.380368,6.600002,0.118033,0.590278,1.0,0.916667,0.144366,0.5,0.197183,0.935065,0.0,0.214724,0.088525,0.17377,0.016393,1.195922,1.691792,0.307566,0.138386,0.403263,0.384774,3.311926,7.000004,0.375,0.091743,4.0,0.0,1.0,0.321101,0.293578
11315_master,14,14.5,801.0,147.0,5.44898,4.794007,7.000004,0.098627,0.037453,0.004994,0.013733,0.013733,0.083645,0.144819,0.027466,0.163702,0.360799,6.0,0.375,0.375,0.333333,0.162297,0.046192,0.224719,0.186111,0.375,0.144444,0.0,0.0,4.094444,5.999999,0.134831,0.652778,1.0,0.842593,0.182243,0.5,0.205607,0.975,0.0125,0.122222,0.141074,0.0799,0.007491,1.396028,1.903358,0.291615,0.14411,0.449878,0.328869,3.074626,4.999997,0.375,0.089552,6.0,0.462687,2.0,0.328358,0.283582
11316_master,13,13.5,544.0,119.172414,4.564815,3.218749,4.999997,0.036765,0.049632,0.0,0.034926,0.034926,0.191176,0.038603,0.069853,0.185432,0.512868,7.0,0.375,0.5,0.411765,0.194853,0.075368,0.229779,0.249,0.5,0.216,0.0,0.0,3.047999,4.999997,0.308824,0.553571,1.0,0.636905,0.199102,0.5,0.251497,0.945455,0.0,0.304,0.038603,0.191176,0.042279,0.773954,1.568732,0.418819,0.171904,0.462882,0.43074,3.048076,4.999997,0.5,0.221154,4.7,0.105769,2.0,0.365385,0.365385
11317_master,13,13.5,516.0,162.857143,3.168421,2.87403,4.999997,0.102713,0.093023,0.0,0.00969,0.00969,0.275194,0.28876,0.081395,0.161095,1.021318,7.0,0.375,0.5,0.339147,0.199612,0.094961,0.550388,0.165493,0.5,0.169014,0.0,0.003521,2.570422,2.999999,0.232558,0.4875,0.75,0.608333,0.176471,0.5,0.134454,0.884058,0.0,0.147887,0.275194,0.261628,0.065891,0.882666,1.884178,0.407843,0.207101,0.459821,0.440678,2.098591,2.999999,0.5,0.239437,5.0,0.21831,2.0,0.295775,0.161972
11318_expert,13,13.1,650.0,159.484127,4.075641,3.475384,4.999997,0.136923,0.001538,0.0,0.0,0.0,0.035385,0.175385,0.004615,0.139808,0.124615,5.0,0.375,0.375,0.26,0.109231,0.043077,0.210769,0.118613,0.25,0.007299,0.0,0.0,3.065692,4.999997,0.113846,0.52027,1.0,0.567568,0.167808,0.5,0.246575,0.970588,0.0,0.021898,0.175385,0.035385,0.0,1.306916,1.784244,0.25,0.097372,0.289286,0.259615,2.565217,4.799998,0.5,0.0,4.0,0.043478,2.0,0.130435,0.0
11318_master,14,14.4,793.0,162.34127,4.884771,4.406053,7.000004,0.056747,0.022699,0.005044,0.011349,0.013871,0.143758,0.118537,0.039092,0.167718,0.520807,5.0,0.375,0.5,0.335435,0.162673,0.076923,0.262295,0.128005,0.375,0.086538,0.019231,0.038462,2.947115,4.999997,0.145019,0.606522,1.0,0.756522,0.203947,0.5,0.280702,0.941176,0.0,0.149038,0.118537,0.143758,0.013871,1.451782,1.835267,0.27027,0.125323,0.4329,0.4,3.166666,4.999997,0.375,0.096491,5.0,0.131579,1.0,0.27193,0.27193
11319_master,13+,13.9,772.0,151.548246,5.094087,4.527203,7.000004,0.143782,0.015544,0.0,0.036269,0.040155,0.108808,0.053109,0.011658,0.167746,0.362694,5.0,0.375,0.5,0.322539,0.165803,0.09715,0.161917,0.198,0.5,0.096,0.0,0.008,3.976,7.000004,0.213731,0.474242,1.0,0.515152,0.170732,0.5,0.20122,0.913043,0.0,0.072,0.053109,0.108808,0.009067,2.151138,1.567849,0.196104,0.068921,0.251082,0.320175,3.988095,7.000004,0.5,0.083333,4.0,0.059524,1.0,0.107143,0.095238
11321_remaster,13,13.0,560.0,154.615384,3.621891,2.983927,4.0,0.026786,0.078571,0.010714,0.010714,0.010714,0.157143,0.144643,0.021429,0.160938,0.564286,5.0,0.375,0.375,0.328571,0.107143,0.039286,0.291071,0.135736,0.25,0.269939,0.03681,0.0,2.69325,2.999999,0.294643,0.606061,1.0,0.757576,0.262195,0.5,0.390244,0.988889,0.0,0.07362,0.133929,0.146429,0.042857,1.081394,1.311938,0.356631,0.231598,0.375954,0.366483,2.806817,2.999999,0.25,0.272727,5.0,0.136364,2.0,0.136364,0.090909
11322_remaster,13,13.2,482.0,131.123595,3.675921,2.62448,2.999999,0.128631,0.09751,0.0,0.047718,0.047718,0.232365,0.201245,0.020747,0.14445,0.815353,5.0,0.375,0.5,0.317427,0.139004,0.078838,0.423237,0.13848,0.375,0.230392,0.0,0.009804,2.40196,2.999999,0.319502,0.61039,1.0,0.74026,0.194444,0.5,0.267974,0.771084,0.0,0.04902,0.190871,0.221992,0.06639,0.659297,1.572445,0.30625,0.127349,0.318083,0.31681,2.312499,2.999999,0.5,0.285714,5.0,0.196429,2.0,0.089286,0.053571
11327_master,13,13.2,457.0,109.84375,4.160455,3.048139,4.0,0.045952,0.045952,0.0,0.010941,0.010941,0.262582,0.085339,0.013129,0.175055,0.978118,6.0,0.375,0.5,0.389497,0.207877,0.094092,0.345733,0.218354,0.5,0.132911,0.0,0.0,2.803797,4.0,0.249453,0.642544,1.0,0.824561,0.205752,0.5,0.292035,0.988506,0.0,0.037975,0.083151,0.260394,0.039387,0.642365,1.30581,0.261538,0.132159,0.275294,0.288835,2.866666,4.0,0.5,0.15,4.1,0.1,2.0,0.05,0.05
11328_master,14,14.2,848.0,146.125,5.803251,4.876179,8.999999,0.068396,0.054245,0.003538,0.01533,0.01533,0.115566,0.207547,0.007075,0.168779,0.387972,6.0,0.375,0.5,0.325472,0.192217,0.069575,0.318396,0.177315,0.5,0.166667,0.007407,0.003704,3.344443,5.999999,0.261792,0.46509,0.75,0.563063,0.182127,0.5,0.199095,0.933333,0.0,0.022222,0.20283,0.110849,0.012972,1.310392,1.602445,0.157583,0.043943,0.1893,0.210273,3.122448,4.999997,0.5,0.112245,5.0,0.122449,2.0,0.061224,0.030612
11329_master,13,13.1,527.0,138.068181,3.816955,3.220113,4.0,0.017078,0.032258,0.003795,0.020873,0.020873,0.117647,0.27704,0.045541,0.198767,0.508539,7.0,0.375,0.5,0.455408,0.214421,0.077799,0.368121,0.175902,0.375,0.087629,0.010309,0.041237,2.757731,4.0,0.296015,0.503205,0.75,0.564103,0.225806,0.5,0.290323,1.0,0.0,0.123711,0.250474,0.091082,0.020873,1.1522,1.496533,0.453333,0.188931,0.485656,0.472222,2.838709,4.0,0.5,0.177419,6.0,0.387097,2.0,0.387097,0.322581
11330_master,14,14.2,750.0,136.410228,5.498121,4.198666,7.000004,0.081333,0.022667,0.0,0.02,0.02,0.084,0.229333,0.008,0.172667,0.328,6.0,0.375,0.5,0.397333,0.161333,0.064,0.304,0.182566,0.375,0.074561,0.0,0.017544,3.530701,5.999999,0.168,0.456349,0.75,0.52381,0.16,0.5,0.232,0.947368,0.0,0.026316,0.22,0.074667,0.021333,1.209226,2.690412,0.216407,0.108262,0.277293,0.209199,2.571428,4.0,0.5,0.253968,5.0,0.253968,1.0,0.095238,0.031746
11331_master,13+,13.9,800.0,148.428572,5.389798,4.23625,7.000004,0.08375,0.04,0.0,0.01125,0.01125,0.20375,0.09375,0.0525,0.167813,0.805,7.0,0.375,0.375,0.33875,0.17875,0.0425,0.2775,0.188063,0.375,0.144144,0.0,0.009009,3.148648,4.999997,0.1075,0.537791,0.75,0.651163,0.223529,0.5,0.247059,0.951456,0.0,0.189189,0.07375,0.18375,0.03375,1.235758,1.54402,0.299499,0.130489,0.381132,0.421517,3.257668,4.999997,0.375,0.165644,7.0,0.196319,2.0,0.257669,0.190184
11333_master,13,13.2,659.0,143.350558,4.597122,3.320181,4.999997,0.07739,0.097117,0.0,0.001517,0.001517,0.153263,0.145675,0.027314,0.167489,0.572079,6.0,0.375,0.5,0.336874,0.136571,0.059181,0.294385,0.13982,0.375,0.329897,0.0,0.0,2.474226,2.999999,0.273141,0.601389,1.0,0.755556,0.203911,0.5,0.284916,0.972603,0.0,0.092784,0.141123,0.14871,0.066768,0.977864,1.485815,0.30137,0.109756,0.320896,0.301829,2.643563,2.999999,0.375,0.435644,4.0,0.09901,2.0,0.178218,0.158416
11333_remaster,13+,13.9,1111.0,143.452837,7.744706,5.549054,5.999999,0.008101,0.007201,0.0,0.0009,0.0009,0.026103,0.013501,0.008101,0.264739,0.094509,5.0,0.5,0.5,0.623762,0.379838,0.137714,0.039604,0.21875,0.375,0.181818,0.0,0.0,4.136362,5.999999,0.047705,0.580189,1.0,0.660377,0.254808,0.725,0.365385,1.0,0.0,0.204545,0.013501,0.026103,0.005401,5.279183,0.425962,0.069873,0.02634,0.371951,0.069873,4.206895,5.999999,0.25,0.206897,4.0,0.034483,1.0,0.310345,0.310345
11334_master,13+,13.9,605.0,135.774194,4.455928,3.552065,5.999999,0.024793,0.039669,0.0,0.0,0.0,0.254545,0.059504,0.089256,0.191116,0.859504,7.0,0.375,0.5,0.409917,0.22314,0.064463,0.307438,0.21371,0.375,0.129032,0.0,0.0,3.096773,5.999999,0.246281,0.520134,1.0,0.657718,0.217905,0.5,0.27027,0.987179,0.0,0.290323,0.052893,0.247934,0.031405,0.980544,1.370281,0.358209,0.152824,0.410788,0.358714,3.305194,5.999999,0.375,0.123377,4.0,0.071429,1.0,0.350649,0.233766
11335_master,13,13.1,469.0,158.229166,2.964055,2.754797,4.999997,0.172708,0.115139,0.021322,0.040512,0.040512,0.198294,0.147122,0.040512,0.13193,0.712154,5.0,0.25,0.5,0.255864,0.098081,0.061834,0.345416,0.189043,0.375,0.283951,0.012346,0.018519,2.234567,2.999999,0.238806,0.595982,1.0,0.767857,0.202703,0.5,0.288288,0.933333,0.0,0.117284,0.147122,0.198294,0.063966,1.344862,1.911339,0.286938,0.107296,0.284706,0.327628,2.258064,2.999999,0.475,0.322581,4.8,0.107527,2.0,0.204301,0.172043
11340_master,13,13.1,401.0,147.0,2.727891,2.249376,2.999999,0.002494,0.067332,0.004988,0.0,0.0,0.593516,0.0,0.134663,0.151496,2.279302,7.0,0.375,0.5,0.206983,0.139651,0.092269,0.593516,0.133929,0.375,0.113445,0.008403,0.0,2.32773,3.299999,0.092269,0.790541,1.0,0.972973,0.180556,0.5,0.166667,1.0,0.0,0.226891,0.0,0.593516,0.067332,0.703806,1.64113,0.365915,0.203518,0.365915,0.365915,2.32773,3.299999,0.375,0.113445,5.0,0.260504,2.0,0.226891,0.138655
11341_master,13,13.2,641.0,133.78125,4.791404,3.460218,4.999997,0.156006,0.023401,0.00312,0.023401,0.023401,0.123245,0.115445,0.031201,0.138261,0.514821,6.0,0.25,0.375,0.279251,0.096724,0.028081,0.235569,0.148179,0.25,0.086093,0.0,0.0,2.953642,4.0,0.157566,0.631188,1.0,0.752475,0.2425,0.5,0.28,0.913043,0.0,0.13245,0.112324,0.120125,0.0078,0.781232,1.53122,0.389671,0.145768,0.420765,0.404878,3.177214,4.0,0.375,0.063291,6.0,0.43038,2.0,0.253165,0.202532
11342_master,13,13.1,509.0,142.419355,3.573952,3.009822,4.999997,0.047151,0.056974,0.003929,0.007859,0.007859,0.243615,0.200393,0.068762,0.17166,0.907662,6.0,0.375,0.5,0.361493,0.13556,0.058939,0.414538,0.16173,0.375,0.137441,0.009479,0.0,2.914691,4.0,0.223969,0.607456,1.0,0.780702,0.212389,0.5,0.274336,0.881579,0.0,0.165877,0.170923,0.214145,0.053045,1.133702,1.490695,0.380671,0.144269,0.398287,0.380671,2.967741,4.0,0.375,0.217742,5.0,0.201613,2.0,0.282258,0.129032
11342_remaster,13+,13.8,527.0,141.129032,3.734171,3.140417,4.999997,0.02277,0.111954,0.005693,0.013283,0.013283,0.373814,0.092979,0.081594,0.169118,1.305503,7.0,0.375,0.5,0.356736,0.172676,0.058824,0.447818,0.153072,0.375,0.25,0.012712,0.004237,2.796609,4.0,0.184061,0.621134,1.0,0.793814,0.3125,0.5,0.447917,0.977528,0.0,0.182203,0.074004,0.354839,0.108159,1.130405,1.435105,0.379048,0.175573,0.409766,0.379048,2.82741,4.0,0.375,0.28934,5.0,0.177665,2.0,0.218274,0.162437
11343_master,13+,13.9,646.0,128.210526,5.038588,3.718266,5.999999,0.01548,0.05418,0.0,0.009288,0.009288,0.182663,0.057276,0.024768,0.187113,0.688854,6.0,0.375,0.5,0.393189,0.170279,0.066563,0.23839,0.224026,0.375,0.227273,0.0,0.0,2.967532,4.0,0.321981,0.671875,1.0,0.817308,0.277778,0.5,0.391304,1.0,0.0,0.103896,0.055728,0.181115,0.047988,0.748915,1.404003,0.346334,0.129688,0.316288,0.390681,3.110169,4.0,0.4125,0.262712,5.0,0.144068,2.0,0.135593,0.110169
11343_remaster,14,14.3,785.0,128.210526,6.122742,4.771974,8.000004,0.101911,0.026752,0.001274,0.038217,0.038217,0.163057,0.145223,0.020382,0.182166,0.557962,6.0,0.375,0.5,0.37707,0.197452,0.096815,0.303185,0.191176,0.5,0.088235,0.004202,0.004202,4.999999,11.000004,0.211465,0.606928,1.0,0.759036,0.218182,0.5,0.327273,0.953704,0.0,0.067227,0.140127,0.157962,0.016561,0.991848,1.765135,0.379121,0.136681,0.378168,0.466919,3.789061,4.999997,0.5,0.101562,5.0,0.140625,2.0,0.125,0.109375
11347_master,13+,13.7,538.0,128.8,4.177019,2.726765,4.0,0.072491,0.037175,0.0,0.009294,0.009294,0.226766,0.187732,0.01487,0.135455,0.843866,7.0,0.375,0.375,0.291822,0.137546,0.040892,0.412639,0.124437,0.375,0.09009,0.0,0.0,2.283783,2.999999,0.252788,0.536765,1.0,0.625,0.196296,0.5,0.296296,0.987179,0.0,0.036036,0.185874,0.224907,0.022305,0.741568,0.902641,0.192164,0.076636,0.194286,0.19619,2.393442,2.999999,0.375,0.098361,4.0,0.081967,2.0,0.065574,0.040984
11348_master,13,13.2,517.0,138.402062,3.735493,2.777562,4.0,0.015474,0.092843,0.001934,0.011605,0.011605,0.290135,0.135397,0.034816,0.162718,1.081238,6.0,0.375,0.5,0.398453,0.174081,0.071567,0.419729,0.146313,0.375,0.221198,0.004608,0.009217,2.585252,2.999999,0.288201,0.667785,1.0,0.865772,0.226351,0.5,0.324324,0.971154,0.0,0.082949,0.129594,0.284333,0.079304,0.615251,1.118751,0.431068,0.27821,0.43787,0.440476,2.579999,2.999999,0.375,0.273333,5.0,0.14,2.0,0.12,0.066667
11349_master,13,13.1,552.0,128.680851,4.289683,2.903985,4.0,0.067029,0.038043,0.0,0.032609,0.032609,0.125,0.222826,0.005435,0.147871,0.45471,6.0,0.375,0.375,0.346014,0.128623,0.047101,0.336957,0.149866,0.25,0.112903,0.0,0.026882,2.586021,4.0,0.217391,0.577083,1.0,0.766667,0.189076,0.5,0.285714,0.906977,0.0,0.016129,0.211957,0.11413,0.027174,1.921889,1.358922,0.351301,0.180113,0.359316,0.352612,2.550724,4.0,0.375,0.217391,5.0,0.188406,2.0,0.043478,0.028986
11350_master,13,13.2,481.0,129.056604,3.727047,2.656964,4.0,0.047817,0.072765,0.0,0.006237,0.006237,0.18711,0.147609,0.039501,0.133576,0.694387,7.0,0.25,0.375,0.27027,0.070686,0.022869,0.328482,0.144778,0.25,0.221519,0.0,0.0,2.316455,4.0,0.220374,0.716981,1.0,0.915094,0.204762,0.5,0.247619,0.892857,0.0,0.120253,0.141372,0.180873,0.049896,0.78208,1.550685,0.569937,0.412134,0.569937,0.57113,2.377777,4.0,0.25,0.266667,5.0,0.144444,2.0,0.211111,0.177778
11351_master,13,13.0,584.0,140.25,4.163993,2.960616,4.0,0.041096,0.039384,0.0,0.027397,0.027397,0.239726,0.178082,0.02226,0.18643,0.90411,6.0,0.375,0.5,0.440068,0.217466,0.087329,0.417808,0.193135,0.375,0.094262,0.0,0.0,2.819671,4.0,0.208904,0.612705,1.0,0.852459,0.237603,0.5,0.322314,0.956897,0.0,0.053279,0.178082,0.239726,0.025685,0.641526,1.319874,0.412371,0.215146,0.418773,0.43088,2.592856,2.999999,0.5,0.107143,5.0,0.207143,2.0,0.092857,0.085714
11354_master,13,13.4,507.0,107.142857,4.732,3.069033,4.0,0.003945,0.035503,0.001972,0.009862,0.009862,0.199211,0.114398,0.057199,0.163462,0.749507,5.0,0.375,0.375,0.368836,0.151874,0.029586,0.311637,0.162184,0.375,0.107595,0.0,0.012658,2.873417,3.299999,0.136095,0.615942,1.0,0.855072,0.183824,0.5,0.220588,0.975904,0.0,0.183544,0.112426,0.197239,0.027613,0.53218,0.991051,0.423762,0.240079,0.427146,0.423762,2.980197,4.0,0.375,0.138614,4.0,0.039604,1.0,0.287129,0.267327
11355_master,13,13.2,482.0,140.408163,3.432849,2.473028,2.999999,0.026971,0.074689,0.006224,0.014523,0.014523,0.246888,0.176349,0.080913,0.178164,0.83195,5.0,0.375,0.5,0.371369,0.147303,0.09751,0.423237,0.1875,0.5,0.161765,0.0,0.0,2.32843,2.999999,0.36722,0.518362,1.0,0.621469,0.150568,0.5,0.204545,0.973333,0.026667,0.191176,0.176349,0.246888,0.051867,0.710959,0.844735,0.316667,0.181628,0.316667,0.316667,2.394957,2.999999,0.5,0.210084,4.0,0.02521,2.0,0.327731,0.327731
11358_master,13,13.4,520.0,134.0625,3.878788,3.155768,4.999997,0.075,0.048077,0.019231,0.030769,0.030769,0.15,0.207692,0.0,0.183894,0.692308,5.0,0.5,0.5,0.359615,0.232692,0.15,0.357692,0.237903,0.5,0.080645,0.0,0.026882,2.510752,2.999999,0.146154,0.555921,0.75,0.697368,0.223333,0.5,0.36,0.4,0.0,0.0,0.207692,0.15,0.013462,0.572915,1.559186,0.19305,0.073501,0.197279,0.146993,2.02564,1.999999,0.5,0.089744,5.0,0.730769,2.0,0.0,0.0
11359_master,13,13.0,604.0,140.64,4.294653,3.372515,4.999997,0.094371,0.082781,0.02649,0.0,0.0,0.168874,0.296358,0.081126,0.15625,0.624172,6.0,0.375,0.5,0.34106,0.160596,0.056291,0.428808,0.131757,0.375,0.177606,0.046332,0.0,3.162161,4.999997,0.173841,0.57619,1.0,0.733333,0.223558,0.5,0.230769,0.90411,0.054795,0.189189,0.259934,0.13245,0.029801,0.788823,1.560358,0.428571,0.252912,0.45509,0.460714,3.068627,4.0,0.375,0.176471,5.0,0.176471,1.0,0.480392,0.401961
11360_master,13,13.2,483.0,131.363637,3.676817,2.58592,2.999999,0.115942,0.113872,0.018634,0.016563,0.018634,0.219462,0.254658,0.035197,0.176501,0.78882,5.0,0.5,0.5,0.372671,0.190476,0.109731,0.47205,0.192982,0.5,0.241228,0.039474,0.0,2.732455,4.0,0.436853,0.567536,1.0,0.706161,0.210714,0.5,0.295238,0.96,0.0,0.074561,0.252588,0.217391,0.05383,0.813132,1.348251,0.257143,0.104677,0.248292,0.263514,2.528301,2.999999,0.5,0.245283,5.0,0.207547,2.0,0.160377,0.141509
11363_master,13,13.5,764.0,130.5,5.854406,4.583769,5.999999,0.010471,0.02356,0.002618,0.007853,0.007853,0.075916,0.068063,0.017016,0.232657,0.289267,6.0,0.5,0.5,0.540576,0.282723,0.109948,0.143979,0.167045,0.375,0.154545,0.009091,0.0,2.718181,4.1,0.140052,0.570093,0.85,0.700935,0.212264,0.5,0.292453,0.902439,0.02439,0.118182,0.068063,0.075916,0.018325,0.897159,1.129788,0.169291,0.065703,0.373832,0.169737,2.948275,5.999999,0.375,0.241379,5.0,0.206897,2.0,0.224138,0.137931
11364_master,14+,14.7,734.0,129.677419,5.660199,5.019073,8.999999,0.004087,0.098093,0.024523,0.0,0.0,0.173025,0.095368,0.031335,0.153781,0.626703,5.0,0.375,0.41875,0.254768,0.119891,0.050409,0.264305,0.162371,0.375,0.319588,0.041237,0.0,3.469072,4.999997,0.19891,0.590753,1.0,0.712329,0.256897,0.5,0.331034,0.975309,0.012346,0.118557,0.091281,0.168937,0.057221,1.351116,1.796392,0.258287,0.062413,0.321951,0.301613,3.732283,4.999997,0.375,0.330709,5.0,0.133858,2.0,0.181102,0.173228
11365_master,13,13.0,536.0,157.058824,3.412734,2.688432,4.0,0.059701,0.061567,0.0,0.016791,0.016791,0.363806,0.171642,0.041045,0.165345,1.302239,6.0,0.5,0.5,0.363806,0.201493,0.104478,0.496269,0.170113,0.5,0.12406,0.0,0.015038,2.469924,2.999999,0.235075,0.688492,1.0,0.81746,0.184,0.5,0.216,0.990099,0.0,0.082707,0.132463,0.324627,0.04291,0.725849,1.252946,0.449438,0.228893,0.464981,0.455408,2.420512,2.999999,0.5,0.117949,5.0,0.2,2.0,0.112821,0.051282
11369_remaster,13,13.5,563.0,143.513513,3.922976,3.126109,4.0,0.076377,0.012433,0.003552,0.0,0.0,0.204263,0.079929,0.030195,0.199378,0.765542,6.0,0.5,0.5,0.431616,0.269982,0.106572,0.284192,0.175,0.5,0.03125,0.0,0.0,2.924999,4.0,0.269982,0.662829,1.0,0.697368,0.230132,0.75,0.317881,0.96875,0.0,0.10625,0.079929,0.204263,0.008881,0.977769,1.314433,0.470588,0.289286,0.481618,0.470588,3.043478,4.0,0.5,0.043478,6.0,0.182609,2.0,0.147826,0.113043
11373_master,13,13.0,425.0,125.555555,3.384956,2.703528,2.999999,0.007059,0.112941,0.002353,0.002353,0.002353,0.289412,0.112941,0.035294,0.144118,0.995294,6.0,0.375,0.475,0.282353,0.122353,0.051765,0.390588,0.176958,0.375,0.283133,0.0,0.0,2.596384,2.999999,0.327059,0.591727,1.0,0.81295,0.182971,0.5,0.210145,1.0,0.0,0.090361,0.101176,0.277647,0.068235,0.552121,1.173531,0.245863,0.104265,0.245863,0.247031,2.650405,2.999999,0.375,0.235772,5.0,0.162602,2.0,0.121951,0.113821
11374_expert,13,13.0,474.0,131.368421,3.608173,3.474683,5.999999,0.067511,0.037975,0.0,0.018987,0.018987,0.124473,0.156118,0.014768,0.158755,0.495781,7.0,0.375,0.375,0.310127,0.116034,0.040084,0.276371,0.158397,0.25,0.137405,0.0,0.007634,2.503816,4.0,0.158228,0.593333,1.0,0.706667,0.287162,0.5,0.459459,0.962963,0.0,0.053435,0.151899,0.120253,0.010549,1.081063,1.699887,0.347458,0.161359,0.371585,0.429319,2.694915,4.2,0.275,0.084746,5.0,0.254237,2.0,0.118644,0.101695
11374_master,14+,14.7,865.0,131.368421,6.584535,5.301734,7.000004,0.021965,0.035838,0.002312,0.006936,0.006936,0.110983,0.049711,0.023121,0.202023,0.418497,5.0,0.375,0.5,0.452023,0.221965,0.082081,0.159538,0.1875,0.375,0.224638,0.014493,0.007246,4.449275,7.000004,0.201156,0.645115,1.0,0.735632,0.203757,0.5,0.265896,0.9875,0.0,0.144928,0.048555,0.109827,0.03237,1.710898,1.502659,0.251455,0.09324,0.316239,0.45898,4.604166,8.000001,0.3125,0.291667,4.0,0.0625,1.0,0.208333,0.15625
11376_master,13,13.0,549.0,145.125,3.782946,2.710381,4.0,0.061931,0.052823,0.0,0.003643,0.003643,0.229508,0.209472,0.056466,0.155738,0.795993,6.0,0.375,0.375,0.269581,0.129326,0.047359,0.417122,0.146288,0.375,0.126638,0.0,0.0,2.51965,2.999999,0.163934,0.538889,1.0,0.666667,0.188202,0.5,0.191011,0.988764,0.0,0.135371,0.187614,0.20765,0.051002,0.672424,1.19188,0.418647,0.203297,0.424762,0.418647,2.277777,2.999999,0.375,0.222222,5.0,0.119048,1.0,0.246032,0.18254
11377_master,14,14.0,649.0,126.520271,5.129613,3.414483,5.999999,0.103236,0.078582,0.027735,0.015408,0.015408,0.158706,0.212635,0.053929,0.152157,0.597843,6.0,0.375,0.5,0.31433,0.143297,0.078582,0.3698,0.145833,0.375,0.2125,0.075,0.004167,3.254166,4.1,0.272727,0.584746,1.0,0.751412,0.1875,0.5,0.267045,0.946237,0.0,0.145833,0.211094,0.157165,0.023112,0.734759,1.486075,0.417311,0.22291,0.422735,0.45611,3.262135,4.0,0.5,0.145631,6.0,0.242718,2.0,0.339806,0.271845
11378_expert,13,13.2,567.0,122.870814,4.614603,3.744268,7.000004,0.047619,0.017637,0.0,0.008818,0.010582,0.079365,0.114638,0.005291,0.174162,0.291005,7.0,0.375,0.5,0.35097,0.134039,0.056437,0.19224,0.188073,0.375,0.091743,0.0,0.0,2.311926,2.999999,0.21164,0.65,1.0,0.725,0.157563,0.5,0.243697,0.944444,0.0,0.027523,0.112875,0.077601,0.007055,0.964745,1.589693,0.231858,0.090426,0.263033,0.320293,2.444444,4.0,0.5,0.088889,5.0,0.155556,2.0,0.066667,0.0
11378_master,14,14.5,788.0,122.870814,6.41324,4.860406,7.000004,0.057107,0.076142,0.002538,0.011421,0.011421,0.123096,0.081218,0.008883,0.180838,0.461929,5.0,0.375,0.5,0.354061,0.199239,0.076142,0.204315,0.196429,0.5,0.36646,0.006211,0.012422,3.577639,5.999999,0.208122,0.585366,1.0,0.707317,0.216258,0.5,0.220859,0.967033,0.0,0.043478,0.081218,0.123096,0.060914,1.069913,1.602534,0.245547,0.086624,0.268456,0.40583,3.412371,4.999997,0.5,0.494845,5.0,0.134021,1.5,0.072165,0.041237
11379_expert,13+,13.7,568.0,137.487419,4.131287,3.802817,7.000004,0.09507,0.019366,0.010563,0.042254,0.042254,0.142606,0.181338,0.024648,0.143926,0.507042,5.0,0.375,0.45625,0.28169,0.119718,0.051056,0.323944,0.14606,0.375,0.032609,0.005435,0.130435,3.005434,4.0,0.110915,0.456349,0.7,0.650794,0.125,0.25,0.096774,1.0,0.0,0.076087,0.181338,0.142606,0.005282,1.558802,1.715305,0.275618,0.099115,0.316143,0.352144,3.308642,5.999999,0.375,0.037037,4.0,0.098765,1.0,0.17284,0.098765
11379_master,14+,14.9,700.0,137.487419,5.091375,4.834286,8.999999,0.035714,0.088571,0.061429,0.018571,0.018571,0.24,0.17,0.094286,0.149286,0.957143,5.0,0.375,0.375,0.29,0.122857,0.038571,0.377143,0.149621,0.375,0.17803,0.106061,0.015152,3.886364,7.000004,0.138571,0.582474,1.0,0.659794,0.164062,0.5,0.229167,0.813953,0.093023,0.25,0.137143,0.207143,0.02,1.4927,2.005746,0.312321,0.143472,0.385714,0.412993,4.035715,7.000004,0.375,0.083333,5.0,0.392857,1.0,0.392857,0.238095
11380_master,13,13.4,554.0,150.631579,3.677848,2.963898,4.0,0.110108,0.068592,0.001805,0.012635,0.012635,0.231047,0.102888,0.055957,0.143051,0.900722,6.0,0.375,0.5,0.270758,0.128159,0.057762,0.333935,0.164189,0.375,0.2,0.0,0.0,2.562161,4.0,0.281588,0.570513,1.0,0.75,0.195161,0.5,0.277419,0.963415,0.0,0.167568,0.102888,0.231047,0.054152,1.675198,1.528916,0.392727,0.191606,0.404669,0.416342,2.632812,4.0,0.375,0.234375,6.0,0.320312,2.0,0.242188,0.195312
11381_master,13,13.2,496.0,151.401869,3.276049,2.342741,4.0,0.040323,0.020161,0.0,0.002016,0.002016,0.304435,0.120968,0.09879,0.166079,1.131048,6.0,0.375,0.5,0.320565,0.147177,0.072581,0.41129,0.20098,0.5,0.04902,0.0,0.0,2.078431,2.999999,0.114919,0.684211,1.0,0.807018,0.214286,0.5,0.25,0.967033,0.0,0.240196,0.106855,0.290323,0.012097,0.79776,1.278818,0.34413,0.221095,0.34413,0.34413,2.152317,2.999999,0.5,0.039735,5.0,0.218543,2.0,0.324503,0.304636
11382_master,14,14.1,692.0,142.554943,4.854269,3.686415,5.999999,0.098266,0.075145,0.007225,0.015896,0.015896,0.212428,0.15896,0.052023,0.159682,0.710983,7.0,0.375,0.5,0.312139,0.145954,0.073699,0.364162,0.165675,0.375,0.198413,0.011905,0.003968,3.420634,4.999997,0.254335,0.620739,1.0,0.778409,0.244286,0.5,0.308571,0.958763,0.020619,0.142857,0.151734,0.205202,0.060694,0.954517,2.063643,0.337681,0.127721,0.366972,0.354687,3.442176,4.999997,0.375,0.285714,4.4,0.102041,2.0,0.244898,0.204082
11383_master,13+,13.6,511.0,126.496816,4.039627,2.974559,4.999997,0.084149,0.086106,0.009785,0.003914,0.003914,0.158513,0.093933,0.023483,0.179061,0.530333,5.0,0.375,0.5,0.41683,0.178082,0.062622,0.236791,0.196281,0.5,0.322314,0.0,0.0,2.380164,2.999999,0.34638,0.584746,1.0,0.768362,0.237216,0.5,0.357955,0.938776,0.020408,0.099174,0.078278,0.142857,0.074364,0.784758,1.250104,0.449902,0.208661,0.467949,0.454365,2.395061,2.999999,0.5,0.469136,5.0,0.135802,2.0,0.148148,0.049383
11384_master,13+,13.9,549.0,126.976744,4.323626,3.675773,5.999999,0.096539,0.131148,0.060109,0.010929,0.010929,0.107468,0.154827,0.010929,0.147996,0.387978,5.0,0.375,0.5,0.309654,0.163934,0.07286,0.249545,0.138686,0.425,0.321168,0.036496,0.021898,2.437955,2.999999,0.140255,0.564935,1.0,0.753247,0.131579,0.5,0.118421,0.916667,0.0,0.043796,0.142077,0.094718,0.051002,1.455535,1.326019,0.131238,0.033457,0.17942,0.131238,2.627118,5.199998,0.5,0.474576,5.0,0.152542,2.0,0.101695,0.033898
11385_master,14,14.3,555.0,112.5,4.933333,3.942341,4.999997,0.099099,0.066667,0.01982,0.0,0.0,0.230631,0.057658,0.097297,0.171847,0.875676,5.0,0.375,0.5,0.367568,0.194595,0.072072,0.284685,0.185127,0.375,0.170886,0.006329,0.0,3.943037,4.999997,0.165766,0.578804,1.0,0.771739,0.131868,0.5,0.153846,0.929577,0.028169,0.341772,0.054054,0.227027,0.036036,1.013084,2.072566,0.605787,0.456522,0.554645,0.67418,4.265624,5.999999,0.375,0.15625,5.0,0.28125,2.0,0.421875,0.351562
11386_master,14,14.3,664.0,119.166667,5.572028,4.3253,8.000004,0.10994,0.090361,0.040663,0.009036,0.010542,0.207831,0.171687,0.106928,0.144202,0.820783,6.0,0.375,0.48125,0.281627,0.137048,0.051205,0.361446,0.129167,0.375,0.175,0.0375,0.0,3.487499,5.999999,0.131024,0.600575,1.0,0.804598,0.177326,0.5,0.232558,0.806452,0.0,0.295833,0.153614,0.189759,0.025602,1.05316,1.970133,0.503058,0.34816,0.502232,0.604563,3.999999,7.000004,0.375,0.123188,6.0,0.282609,2.0,0.514493,0.391304
11387_master,13+,13.7,628.0,139.347826,4.506708,3.062101,4.999997,0.019108,0.068471,0.039809,0.019108,0.047771,0.136943,0.117834,0.022293,0.172572,0.558917,6.0,0.375,0.5,0.350318,0.140127,0.063694,0.254777,0.194531,0.375,0.1125,0.0,0.0,2.124999,2.099999,0.248408,0.557692,1.0,0.698718,0.201613,0.5,0.264516,1.0,0.0,0.0875,0.117834,0.136943,0.022293,0.676433,1.510321,0.324281,0.2288,0.354724,0.35,2.174418,2.999999,0.4375,0.162791,6.0,0.325581,2.0,0.162791,0.127907
11388_expert,13,13.5,530.0,129.266667,4.100052,3.347169,4.999997,0.041509,0.0,0.0,0.0,0.0,0.015094,0.298113,0.0,0.155189,0.049057,4.0,0.375,0.375,0.296226,0.137736,0.009434,0.313208,0.143825,0.375,0.0,0.0,0.0,2.59036,4.999997,0.001887,0.75,0.75,1.0,0.0,0.0,0.0,1.0,0.0,0.0,0.298113,0.015094,0.0,1.360069,1.974368,0.488636,0.354839,0.506303,0.490494,1.999999,1.999999,0.5,0.0,4.0,0.0,1.0,0.0,0.0
11388_master,14+,14.8,857.0,129.155556,6.635409,4.675612,7.000004,0.204201,0.053676,0.047841,0.008168,0.009335,0.002334,0.201867,0.001167,0.137981,0.004667,2.0,0.375,0.5,0.291715,0.170362,0.051342,0.203034,0.075431,0.25,0.137931,0.109195,0.017241,3.965516,5.999999,0.052509,0.505556,0.75,0.866667,0.085227,0.25,0.068182,0.961039,0.0,0.005747,0.2007,0.001167,0.001167,1.677088,2.044681,0.211509,0.146667,0.356618,0.221138,1.999999,2.799999,0.225,0.5,2.0,0.0,0.0,0.5,0.0
11389_master,14,14.5,859.0,140.482759,6.114629,4.627473,8.000004,0.188591,0.03376,0.01397,0.0,0.0,0.071013,0.173458,0.037253,0.153522,0.267753,5.0,0.375,0.5,0.303842,0.167637,0.058207,0.240978,0.149758,0.375,0.096618,0.014493,0.0,3.512076,4.999997,0.121071,0.59375,1.0,0.759615,0.26699,0.5,0.281553,0.803571,0.0,0.154589,0.169965,0.06752,0.011641,1.429686,1.630925,0.32277,0.132941,0.443775,0.440323,3.770491,5.999999,0.375,0.163934,5.0,0.245902,1.1,0.52459,0.311475
11390_master,13+,13.6,612.0,131.586206,4.650943,3.362744,4.999997,0.014706,0.037582,0.0,0.009804,0.009804,0.235294,0.029412,0.086601,0.190359,0.820261,5.0,0.375,0.5,0.398693,0.179739,0.075163,0.261438,0.178125,0.375,0.14375,0.0,0.0125,2.943749,4.0,0.215686,0.57197,1.0,0.666667,0.280534,0.5,0.435115,0.974359,0.0,0.33125,0.026144,0.232026,0.037582,0.833211,1.280716,0.265574,0.08046,0.308285,0.27551,3.041665,4.0,0.375,0.159722,4.0,0.090278,1.0,0.368056,0.347222
11391_master,14+,14.8,797.0,131.717262,6.050839,4.734002,8.000004,0.058971,0.04266,0.002509,0.010038,0.011292,0.136763,0.124216,0.027604,0.151662,0.500627,5.0,0.375,0.5,0.302384,0.134253,0.060226,0.243413,0.147552,0.375,0.164948,0.0,0.0,3.927835,7.000004,0.227102,0.578729,1.0,0.718232,0.231944,0.5,0.338889,0.943662,0.0,0.113402,0.10665,0.119197,0.036386,1.471982,1.451555,0.285894,0.089533,0.333333,0.407129,4.541284,8.000004,0.375,0.266055,5.0,0.155963,1.3,0.201835,0.183486
11392_master,14+,14.7,676.0,142.986111,4.727732,3.964497,7.000004,0.069527,0.063609,0.001479,0.014793,0.014793,0.316568,0.149408,0.142012,0.168084,1.201183,7.0,0.5,0.5,0.337278,0.192308,0.10503,0.448225,0.20297,0.5,0.141914,0.0033,0.013201,3.838284,8.000004,0.186391,0.623016,1.0,0.809524,0.244,0.5,0.296,0.926471,0.0,0.316832,0.131657,0.298817,0.060651,1.779686,1.741568,0.284866,0.153046,0.313653,0.348457,3.78972,8.000004,0.5,0.191589,5.0,0.242991,1.0,0.448598,0.331776
11393_master,13+,13.8,649.0,139.55,4.650663,3.719568,7.000004,0.098613,0.029276,0.0,0.009245,0.012327,0.154083,0.134052,0.030817,0.173151,0.548536,6.0,0.375,0.5,0.354391,0.171032,0.064715,0.286595,0.18414,0.375,0.102151,0.0,0.0,2.951612,4.0,0.161787,0.571429,1.0,0.666667,0.225962,0.5,0.317308,0.936508,0.0,0.107527,0.132512,0.152542,0.023112,0.986617,1.788406,0.304482,0.148607,0.319838,0.368726,2.99,4.0,0.375,0.15,5.0,0.12,2.0,0.2,0.11
11394_expert,13,13.0,491.0,139.987805,3.507448,2.985743,4.0,0.089613,0.020367,0.0,0.016293,0.016293,0.10998,0.120163,0.008147,0.172607,0.403259,7.0,0.5,0.5,0.380855,0.187373,0.105906,0.230143,0.216814,0.375,0.088496,0.0,0.0,2.415929,4.0,0.327902,0.552795,1.0,0.726708,0.203125,0.5,0.29375,0.906977,0.0,0.035398,0.120163,0.10998,0.01222,1.100356,1.883608,0.310838,0.155738,0.327394,0.329718,2.722222,4.0,0.5,0.111111,5.0,0.203704,2.0,0.074074,0.074074
11394_master,14+,14.9,927.0,143.955285,6.4395,5.069039,7.000004,0.073355,0.057174,0.012945,0.009709,0.009709,0.137001,0.142395,0.046386,0.186624,0.473571,6.0,0.425,0.5,0.414239,0.202805,0.100324,0.275081,0.195588,0.5,0.176471,0.015686,0.003922,4.407842,7.000004,0.199569,0.627027,1.0,0.735135,0.177989,0.5,0.233696,0.943925,0.009346,0.168627,0.13808,0.132686,0.02589,1.576692,1.847387,0.274211,0.087241,0.310268,0.387479,4.3937,7.000004,0.5,0.188976,4.0,0.086614,2.0,0.338583,0.19685
11395_master,13+,13.8,628.0,131.851852,4.762921,4.259554,5.999999,0.071656,0.041401,0.007962,0.017516,0.017516,0.133758,0.10828,0.023885,0.188495,0.488854,5.0,0.375,0.5,0.425159,0.187898,0.057325,0.237261,0.209732,0.375,0.167785,0.026846,0.040268,2.362415,2.999999,0.261146,0.551829,1.0,0.707317,0.202454,0.5,0.245399,0.962264,0.0,0.100671,0.103503,0.128981,0.031847,1.144857,1.684795,0.263754,0.105519,0.382278,0.293165,2.392856,2.999999,0.4625,0.238095,5.0,0.154762,2.0,0.178571,0.166667
11396_master,13+,13.6,666.0,147.0,4.530612,3.448948,4.999997,0.045045,0.028529,0.004505,0.006006,0.006006,0.159159,0.06006,0.015015,0.177553,0.591592,7.0,0.375,0.5,0.339339,0.13964,0.054054,0.213213,0.18662,0.375,0.133803,0.021127,0.0,2.549295,2.999999,0.145646,0.484536,0.75,0.659794,0.177083,0.5,0.208333,0.938462,0.0,0.070423,0.054054,0.153153,0.013514,0.716541,1.348701,0.343373,0.113122,0.38676,0.363636,2.584905,2.999999,0.5,0.084906,5.0,0.122642,2.0,0.09434,0.037736
11398_master,14,14.1,636.0,120.689189,5.269735,4.205974,7.000004,0.075472,0.059748,0.003145,0.012579,0.012579,0.191824,0.171384,0.014151,0.186714,0.732704,6.0,0.375,0.5,0.416667,0.193396,0.062893,0.360063,0.204694,0.375,0.157205,0.0,0.0,3.628821,4.999997,0.157233,0.63,1.0,0.7,0.204545,0.5,0.252525,0.95,0.0,0.039301,0.168239,0.188679,0.042453,1.188645,1.694557,0.310231,0.105175,0.357477,0.324138,3.491803,5.999999,0.5,0.221311,5.0,0.213115,2.0,0.07377,0.040984
11399_master,13,13.5,694.0,139.534884,4.973667,3.403457,4.999997,0.044669,0.056196,0.002882,0.011527,0.011527,0.106628,0.229107,0.025937,0.176693,0.387608,5.0,0.375,0.375,0.360231,0.142651,0.041787,0.319885,0.155405,0.25,0.175676,0.009009,0.0,2.743242,4.0,0.201729,0.605357,0.75,0.892857,0.145683,0.5,0.129496,0.952381,0.0,0.081081,0.213256,0.090778,0.04611,0.803327,1.343622,0.393064,0.178003,0.4494,0.393064,3.054053,4.699998,0.375,0.432432,5.0,0.148649,1.0,0.243243,0.162162
113_expert,13,13.0,510.0,100.0,5.1,3.439216,4.0,0.0,0.0,0.0,0.0,0.0,0.011765,0.001961,0.0,0.192647,0.043137,4.0,0.375,0.5,0.423529,0.252941,0.080392,0.013725,0.017857,0.05,0.0,0.0,0.0,2.571428,3.399999,0.031373,0.34375,0.75,0.1875,0.066667,0.3,0.133333,1.0,0.0,0.0,0.001961,0.011765,0.0,0.720203,0.861933,0.222441,0.143984,0.222441,0.222441,2.333332,2.999999,0.0,0.0,4.0,0.0,0.6,0.0,0.0
113_master,13,13.4,474.0,100.0,4.74,3.191983,4.0,0.0,0.0,0.0,0.0,0.0,0.021097,0.033755,0.0,0.191983,0.06962,4.0,0.375,0.5,0.392405,0.198312,0.056962,0.054852,0.240385,0.375,0.0,0.0,0.0,1.961538,2.999999,0.061181,0.508621,0.75,0.551724,0.125,0.5,0.178571,1.0,0.0,0.0,0.033755,0.021097,0.0,0.638293,1.125779,0.256356,0.118896,0.261905,0.256356,1.8,4.0,0.5,0.0,4.0,0.0,1.0,0.0,0.0
11400_master,13+,13.9,761.0,134.65,5.65169,4.398159,7.000004,0.030223,0.018397,0.002628,0.005256,0.005256,0.073587,0.12615,0.014455,0.158509,0.277267,5.0,0.375,0.5,0.278581,0.109067,0.051248,0.197109,0.171667,0.375,0.086667,0.006667,0.0,3.466666,5.999999,0.206307,0.555732,1.0,0.617834,0.208333,0.5,0.314103,0.988235,0.0,0.073333,0.123522,0.070959,0.007884,0.95102,1.530962,0.362319,0.118734,0.393881,0.47644,3.124999,4.999997,0.375,0.107143,4.0,0.035714,1.0,0.196429,0.089286
11401_master,13,13.2,606.0,139.069768,4.357525,3.387788,4.999997,0.168317,0.094059,0.033003,0.009901,0.009901,0.110561,0.113861,0.013201,0.134901,0.351485,5.0,0.375,0.5,0.283828,0.113861,0.067657,0.217822,0.157197,0.375,0.325758,0.045455,0.0,2.863636,4.0,0.331683,0.534826,0.75,0.691542,0.13375,0.5,0.15,0.734694,0.244898,0.060606,0.107261,0.10396,0.056106,0.87811,1.898673,0.404844,0.220665,0.352688,0.473469,3.238805,6.2,0.375,0.507463,4.0,0.089552,2.0,0.119403,0.119403
11402_master,13,13.4,548.0,148.363637,3.693627,2.923357,4.299999,0.058394,0.129562,0.0,0.0,0.0,0.209854,0.145985,0.027372,0.156706,0.839416,7.0,0.375,0.375,0.337591,0.129562,0.029197,0.339416,0.163978,0.375,0.38172,0.0,0.0,2.516128,4.0,0.343066,0.50266,0.75,0.558511,0.201872,0.5,0.283422,0.931373,0.0,0.080645,0.129562,0.193431,0.113139,0.95511,1.821957,0.448718,0.201835,0.461538,0.467557,2.513043,4.0,0.375,0.53913,5.0,0.217391,2.0,0.130435,0.052174
11404_master,13+,13.7,586.0,131.2,4.466463,3.36348,4.999997,0.192833,0.020478,0.003413,0.027304,0.027304,0.102389,0.061433,0.037543,0.130973,0.33959,4.0,0.25,0.375,0.267918,0.073379,0.030717,0.162116,0.15,0.25,0.105263,0.0,0.0,3.378946,4.999997,0.250853,0.595238,1.0,0.782313,0.234589,0.5,0.321918,0.918367,0.0,0.231579,0.059727,0.100683,0.013652,1.033135,1.440049,0.394783,0.150087,0.422764,0.403226,3.399999,4.999997,0.25,0.133333,4.0,0.0,1.0,0.366667,0.333333
11405_master,14,14.1,887.0,152.258064,5.825636,4.742954,7.000004,0.068771,0.012401,0.005637,0.001127,0.001127,0.037204,0.042841,0.009019,0.132187,0.179256,6.0,0.375,0.5,0.297632,0.109357,0.05637,0.073281,0.186538,0.375,0.123077,0.030769,0.0,2.907692,4.0,0.147689,0.513359,1.0,0.610687,0.134615,0.5,0.192308,0.857143,0.047619,0.123077,0.036077,0.03044,0.007892,1.328586,1.353247,0.248588,0.097285,0.338912,0.250284,2.333333,4.0,0.475,0.212121,6.0,0.727273,2.0,0.242424,0.242424
11407_remaster,13,13.0,398.0,130.360825,3.053064,2.434673,4.0,0.027638,0.060302,0.0,0.007538,0.007538,0.288945,0.190955,0.042714,0.198807,1.125628,6.0,0.5,0.5,0.417085,0.246231,0.138191,0.469849,0.199866,0.5,0.128342,0.0,0.0,2.347593,4.0,0.271357,0.576389,1.0,0.666667,0.184579,0.5,0.261682,0.988889,0.0,0.090909,0.180905,0.278894,0.027638,0.869218,1.569631,0.406566,0.227848,0.420366,0.409669,2.33913,2.999999,0.5,0.095652,5.0,0.304348,2.0,0.147826,0.086957
11408_master,13,13.2,477.0,126.125,3.781962,3.259957,4.999997,0.039832,0.062893,0.025157,0.012579,0.012579,0.129979,0.184486,0.008386,0.167191,0.513627,6.0,0.375,0.5,0.324948,0.190776,0.077568,0.312369,0.206376,0.4,0.14094,0.020134,0.0,3.013422,4.0,0.274633,0.475191,0.75,0.534351,0.142308,0.5,0.161538,0.969231,0.0,0.026846,0.18239,0.127883,0.016771,0.691199,1.390318,0.315789,0.14557,0.325635,0.317125,3.177418,4.0,0.5,0.129032,5.0,0.209677,1.0,0.064516,0.064516
11409_remaster,13,13.5,477.0,129.23626,3.690915,2.731655,4.399999,0.008386,0.08805,0.004193,0.010482,0.010482,0.259958,0.083857,0.025157,0.194706,0.947589,5.0,0.375,0.5,0.417191,0.209644,0.09434,0.339623,0.205247,0.375,0.246914,0.0,0.012346,2.395061,2.999999,0.404612,0.55829,1.0,0.73057,0.197917,0.5,0.244792,0.955056,0.011236,0.074074,0.079665,0.255765,0.073375,1.238191,1.312845,0.276956,0.065817,0.272936,0.276956,2.459676,2.999999,0.375,0.282258,5.0,0.112903,1.0,0.096774,0.080645
11410_remaster,13,13.4,485.0,128.414634,3.776828,2.58969,2.999999,0.018557,0.086598,0.010309,0.012371,0.012371,0.197938,0.160825,0.037113,0.193557,0.773196,6.0,0.375,0.5,0.439175,0.202062,0.076289,0.350515,0.183824,0.375,0.247059,0.029412,0.0,2.411764,2.999999,0.319588,0.572581,1.0,0.741935,0.176948,0.5,0.24026,1.0,0.0,0.105882,0.152577,0.189691,0.057732,0.794559,1.105646,0.3147,0.128631,0.313978,0.3147,2.333332,2.999999,0.375,0.291667,5.0,0.25,2.0,0.1875,0.177083
11411_master,13,13.0,489.0,129.122807,3.787092,2.427402,2.999999,0.071575,0.096115,0.00818,0.03272,0.03272,0.198364,0.139059,0.03272,0.145706,0.728016,6.0,0.375,0.375,0.284254,0.112474,0.03272,0.323108,0.153481,0.375,0.28481,0.012658,0.031646,2.303796,2.999999,0.319018,0.615385,1.0,0.865385,0.229032,0.5,0.303226,0.89011,0.021978,0.101266,0.124744,0.184049,0.06544,0.575255,1.150106,0.387164,0.170833,0.390397,0.393684,2.247422,2.999999,0.375,0.329897,5.0,0.134021,2.0,0.164948,0.082474
11412_master,13+,13.9,790.0,146.0,5.410959,4.667089,7.000004,0.026582,0.026582,0.0,0.001266,0.001266,0.151899,0.086076,0.006329,0.216297,0.532911,6.0,0.375,0.5,0.479747,0.305063,0.097468,0.236709,0.167112,0.375,0.112299,0.0,0.0,2.887699,4.0,0.092405,0.520548,0.75,0.589041,0.194444,0.5,0.263889,0.944444,0.0,0.026738,0.08481,0.150633,0.022785,1.406088,1.196479,0.272843,0.191868,0.403743,0.272843,3.149999,4.0,0.5,0.15,5.0,0.175,2.0,0.041667,0.008333
11413_master,13+,13.9,793.0,137.214285,5.779282,4.880202,8.000004,0.092055,0.030265,0.002522,0.010088,0.010088,0.112232,0.179067,0.026482,0.180643,0.457755,7.0,0.375,0.5,0.377049,0.19546,0.088272,0.290038,0.219565,0.5,0.095652,0.0,0.0,3.426087,4.999997,0.114754,0.648352,1.0,0.78022,0.191667,0.5,0.255556,0.951807,0.0,0.091304,0.177806,0.110971,0.016393,1.552679,1.752262,0.170483,0.06879,0.21748,0.253385,3.47191,5.999999,0.5,0.146067,6.0,0.303371,2.0,0.235955,0.235955
11415_master,13+,13.9,697.0,132.929687,5.243374,4.763271,8.000004,0.070301,0.054519,0.014347,0.010043,0.010043,0.114778,0.177905,0.021521,0.164455,0.400287,7.0,0.375,0.5,0.327116,0.146341,0.053085,0.274032,0.176702,0.375,0.151832,0.005236,0.0,4.717277,12.999995,0.205165,0.550699,0.95,0.692308,0.181338,0.5,0.211268,1.0,0.0,0.078534,0.159254,0.096126,0.031564,1.5308,1.900891,0.228654,0.060958,0.256293,0.317422,2.999999,4.0,0.375,0.275,5.0,0.15,2.0,0.1875,0.125
11418_master,13+,13.7,427.0,125.68421,3.397404,2.882903,4.999997,0.180328,0.063232,0.039813,0.002342,0.002342,0.255269,0.093677,0.070258,0.137588,0.925059,7.0,0.375,0.375,0.259953,0.124122,0.044496,0.339578,0.15,0.375,0.172414,0.103448,0.0,2.289654,4.999997,0.098361,0.535714,1.0,0.666667,0.207317,0.5,0.268293,0.6,0.0,0.206897,0.084309,0.245902,0.058548,0.901448,1.548006,0.409412,0.287736,0.507331,0.411348,2.403669,4.999997,0.375,0.229358,5.0,0.165138,2.0,0.275229,0.12844
11419_master,13+,13.9,298.0,114.875,2.594124,2.137583,2.999999,0.09396,0.104027,0.0,0.060403,0.060403,0.412752,0.097315,0.14094,0.182047,1.516779,7.0,0.375,0.5,0.412752,0.197987,0.09396,0.486577,0.211207,0.5,0.213793,0.0,0.034483,1.95862,2.999999,0.238255,0.795775,1.0,0.943662,0.182143,0.5,0.271429,0.956522,0.0,0.289655,0.073826,0.389262,0.090604,1.141436,1.513147,0.364865,0.111864,0.368601,0.380282,1.918698,2.999999,0.5,0.219512,6.0,0.268293,3.0,0.341463,0.219512
11420_master,13,13.2,336.0,107.34375,3.130131,2.869047,4.0,0.113095,0.110119,0.0,0.020833,0.020833,0.282738,0.119048,0.029762,0.130952,1.011905,6.0,0.3125,0.375,0.285714,0.10119,0.044643,0.386905,0.156731,0.375,0.284615,0.0,0.007692,2.476922,2.999999,0.303571,0.845588,1.0,0.970588,0.116337,0.5,0.178218,0.953846,0.0,0.076923,0.104167,0.267857,0.059524,0.876308,1.419491,0.344311,0.108108,0.332258,0.361635,2.410525,2.999999,0.45,0.210526,5.0,0.136842,2.0,0.105263,0.052632
11423_master,14,14.1,706.0,114.776786,6.15107,4.310197,5.999999,0.070822,0.026912,0.0,0.0,0.0,0.147309,0.097734,0.053824,0.183782,0.501416,5.0,0.375,0.5,0.392351,0.209632,0.069405,0.243626,0.218023,0.5,0.110465,0.0,0.0,3.569767,5.999999,0.157224,0.551802,1.0,0.621622,0.240909,0.5,0.372727,0.981818,0.0,0.22093,0.096317,0.145892,0.021246,1.089063,1.451565,0.278409,0.125178,0.382872,0.303406,3.721153,5.999999,0.5,0.144231,5.0,0.25,2.0,0.365385,0.298077
11424_master,13+,13.8,420.0,116.70157,3.598923,3.354761,4.999997,0.009524,0.069048,0.004762,0.0,0.0,0.292857,0.104762,0.061905,0.181845,1.069048,7.0,0.375,0.5,0.397619,0.166667,0.061905,0.397619,0.18488,0.375,0.173653,0.011976,0.0,2.868263,4.0,0.216667,0.618132,1.0,0.813187,0.233333,0.5,0.333333,1.0,0.0,0.155689,0.104762,0.292857,0.059524,1.318235,1.629326,0.485507,0.289538,0.482659,0.546703,2.813007,4.0,0.375,0.203252,5.0,0.203252,2.0,0.211382,0.121951
11425_master,13+,13.9,668.0,139.137931,4.800991,3.211077,5.999999,0.041916,0.080838,0.043413,0.019461,0.019461,0.22006,0.157186,0.064371,0.159805,0.83982,6.0,0.375,0.5,0.321856,0.133234,0.056886,0.359281,0.16875,0.375,0.179167,0.075,0.008333,2.791666,4.0,0.151198,0.608911,1.0,0.732673,0.2575,0.5,0.37,0.808989,0.0,0.179167,0.139222,0.202096,0.052395,0.732018,1.523756,0.343844,0.154887,0.384749,0.349618,2.734693,4.999997,0.5,0.238095,5.0,0.142857,2.0,0.292517,0.251701
11426_master,14,14.4,924.0,145.405405,6.354647,5.022728,8.000004,0.069264,0.03355,0.001082,0.005411,0.005411,0.091991,0.201299,0.00974,0.170049,0.347403,6.0,0.375,0.5,0.348485,0.150433,0.066017,0.291126,0.150558,0.275,0.111524,0.0,0.003717,3.446096,4.0,0.229437,0.628538,1.0,0.806604,0.189573,0.5,0.2891,0.945652,0.0,0.033457,0.199134,0.089827,0.022727,1.360357,1.897074,0.212581,0.10532,0.284884,0.309211,3.270588,4.999997,0.45,0.247059,5.0,0.176471,2.0,0.105882,0.070588
11427_master,13,13.5,444.0,121.114285,3.665959,2.646395,4.0,0.009009,0.036036,0.0,0.0,0.0,0.333333,0.191441,0.051802,0.177646,1.186937,6.0,0.375,0.5,0.373874,0.202703,0.063063,0.504505,0.176339,0.375,0.071429,0.0,0.0,2.357142,2.999999,0.153153,0.683824,1.0,0.911765,0.164179,0.5,0.19403,0.987952,0.0,0.102679,0.171171,0.313063,0.02027,1.446802,1.374741,0.567873,0.385488,0.581019,0.567873,2.29054,2.999999,0.5,0.060811,4.0,0.094595,2.0,0.155405,0.081081
11428_master,13,13.1,362.0,122.265625,2.960767,2.616021,4.0,0.055249,0.063536,0.0,0.022099,0.022099,0.20442,0.151934,0.038674,0.160912,0.790055,6.0,0.375,0.5,0.287293,0.143646,0.069061,0.353591,0.113281,0.25,0.179688,0.0,0.054688,2.281249,2.999999,0.406077,0.440476,0.75,0.469388,0.19863,0.5,0.239726,1.0,0.0,0.109375,0.149171,0.201657,0.044199,0.812994,1.704607,0.348214,0.163142,0.348214,0.348214,2.445945,3.7,0.375,0.216216,5.0,0.175676,2.0,0.189189,0.067568
11429_expert,13,13.0,417.0,128.539604,3.244136,2.383692,4.0,0.033573,0.023981,0.0,0.016787,0.016787,0.254197,0.158273,0.0,0.248801,0.781775,5.0,0.625,0.625,0.508393,0.35012,0.258993,0.41247,0.239099,0.5,0.05814,0.0,0.005814,1.982557,1.999999,0.426859,0.469101,0.75,0.539326,0.149718,0.5,0.169492,0.967742,0.0,0.0,0.158273,0.254197,0.007194,0.854739,0.990755,0.204819,0.118357,0.204878,0.208333,1.952829,1.999999,0.5,0.028302,3.0,0.009434,0.0,0.0,0.0
11429_master,14,14.1,587.0,128.626237,4.56361,3.722317,7.000004,0.059625,0.207836,0.010221,0.015332,0.015332,0.279387,0.306644,0.010221,0.123935,0.9046,6.0,0.375,0.5,0.218058,0.110733,0.064736,0.427598,0.11504,0.25,0.486056,0.023904,0.0,2.621513,4.0,0.373083,0.531963,1.0,0.575342,0.135321,0.5,0.178899,0.789474,0.0,0.023904,0.148211,0.120954,0.189097,0.839173,1.739519,0.238342,0.109185,0.249476,0.246988,2.445121,2.999999,0.25,0.676829,4.0,0.091463,2.0,0.036585,0.030488
11432_master,13+,13.8,475.0,115.027027,4.129464,3.035788,4.999997,0.023158,0.033684,0.0,0.004211,0.004211,0.206316,0.101053,0.058947,0.175526,0.829474,7.0,0.375,0.5,0.391579,0.174737,0.090526,0.288421,0.157847,0.375,0.116788,0.0,0.0,2.824817,4.0,0.231579,0.645455,1.0,0.836364,0.162844,0.5,0.201835,0.984127,0.0,0.20438,0.082105,0.187368,0.029474,0.838844,1.410686,0.522199,0.400424,0.58156,0.534632,3.061224,4.0,0.375,0.142857,6.0,0.336735,2.4,0.285714,0.234694
11433_master,13,13.4,511.0,151.6,3.370712,2.710371,4.0,0.013699,0.080235,0.005871,0.001957,0.001957,0.254403,0.156556,0.039139,0.183464,0.966732,6.0,0.375,0.5,0.363992,0.156556,0.09002,0.405088,0.17814,0.375,0.193237,0.009662,0.0,2.31884,2.999999,0.277886,0.623239,1.0,0.739437,0.207447,0.5,0.319149,0.980583,0.0,0.096618,0.150685,0.248532,0.056751,0.87391,1.225994,0.345776,0.153543,0.366876,0.345776,2.56923,2.999999,0.375,0.223077,5.0,0.184615,2.0,0.153846,0.130769
11435_master,13,13.3,463.0,132.70073,3.489054,2.790496,4.0,0.047516,0.164147,0.008639,0.010799,0.010799,0.222462,0.174946,0.030238,0.192495,0.792657,7.0,0.375,0.5,0.410367,0.213823,0.073434,0.390929,0.200967,0.375,0.39779,0.0,0.01105,2.491712,2.999999,0.410367,0.592105,1.0,0.794737,0.19709,0.5,0.227513,0.988235,0.011765,0.077348,0.168467,0.215983,0.12743,0.628127,1.582943,0.27115,0.121739,0.281395,0.284091,2.572814,2.999999,0.5,0.572816,4.0,0.067961,2.0,0.135922,0.126214
11437_master,13,13.3,463.0,145.716667,3.177399,2.911446,4.0,0.101512,0.11879,0.006479,0.028078,0.028078,0.269978,0.213823,0.041037,0.178456,1.00432,5.0,0.375,0.5,0.393089,0.196544,0.077754,0.479482,0.208896,0.5,0.247748,0.013514,0.040541,2.527026,2.999999,0.37581,0.662356,1.0,0.798851,0.228324,0.75,0.300578,0.935065,0.0,0.085586,0.209503,0.265659,0.071274,0.746834,1.432653,0.323144,0.100877,0.350835,0.347418,2.783999,2.999999,0.5,0.264,5.0,0.24,2.0,0.152,0.112
11438_master,13+,13.9,749.0,147.192118,5.088588,4.404539,7.000004,0.042724,0.032043,0.001335,0.00534,0.00534,0.110814,0.078772,0.052069,0.171729,0.464619,7.0,0.375,0.5,0.264352,0.158879,0.093458,0.186916,0.154464,0.5,0.164286,0.0,0.014286,2.614285,4.0,0.283044,0.509434,0.75,0.674528,0.182464,0.5,0.199052,0.911111,0.0,0.278571,0.076101,0.108144,0.025367,1.160046,1.712592,0.240268,0.099596,0.315582,0.339147,2.855421,4.999997,0.475,0.228916,6.8,0.361446,2.0,0.46988,0.313253
11443_master,13+,13.8,619.0,140.0,4.421429,3.483036,5.999999,0.074313,0.029079,0.004847,0.019386,0.019386,0.189015,0.122779,0.061389,0.177504,0.659128,6.0,0.375,0.5,0.365105,0.203554,0.084006,0.298869,0.17027,0.375,0.097297,0.016216,0.0,2.843242,4.0,0.151858,0.595745,1.0,0.797872,0.25,0.5,0.290323,0.909091,0.0,0.205405,0.109855,0.17609,0.016155,1.399109,1.360722,0.385737,0.202922,0.448347,0.397329,2.931623,4.999997,0.5,0.08547,5.0,0.179487,2.0,0.324786,0.273504
11444_master,13,13.3,328.0,79.949506,4.102589,4.304879,8.000004,0.064024,0.167683,0.106707,0.0,0.0,0.182927,0.079268,0.051829,0.151677,0.667683,5.0,0.25,0.375,0.268293,0.094512,0.04878,0.256098,0.215774,0.375,0.238095,0.0,0.0,1.892856,2.999999,0.207317,0.621324,1.0,0.764706,0.227612,0.5,0.38806,0.9375,0.0,0.202381,0.073171,0.176829,0.045732,1.251062,1.862279,0.262821,0.137255,0.417989,0.440678,1.849999,2.999999,0.375,0.25,4.1,0.1,2.0,0.283333,0.183333
11445_master,13+,13.7,582.0,128.597561,4.525747,3.463917,4.999997,0.042955,0.053265,0.006873,0.001718,0.001718,0.156357,0.159794,0.030928,0.165808,0.591065,6.0,0.375,0.5,0.316151,0.120275,0.058419,0.312715,0.135302,0.25,0.164835,0.016484,0.0,2.950549,4.0,0.266323,0.617742,1.0,0.8,0.178571,0.5,0.253247,0.935065,0.012987,0.098901,0.156357,0.152921,0.032646,0.877991,1.589485,0.37069,0.198618,0.410609,0.407197,2.890109,4.0,0.375,0.208791,5.0,0.142857,2.0,0.197802,0.197802
11446_expert,13,13.0,534.0,129.910714,4.110515,3.101123,4.999997,0.086142,0.02809,0.0,0.024345,0.024345,0.11236,0.140449,0.013109,0.133895,0.365169,5.0,0.375,0.375,0.277154,0.114232,0.029963,0.250936,0.152985,0.375,0.11194,0.0,0.037313,2.679104,4.0,0.213483,0.539474,1.0,0.692982,0.236726,0.5,0.327434,1.0,0.0,0.052239,0.138577,0.110487,0.011236,1.028412,1.680633,0.24812,0.043315,0.270833,0.251429,3.133333,4.0,0.375,0.1,4.0,0.016667,1.0,0.116667,0.116667
11446_master,14,14.5,792.0,129.910714,6.096495,4.48106,6.900003,0.018939,0.017677,0.002525,0.0,0.0,0.164141,0.044192,0.026515,0.164299,0.560606,6.0,0.375,0.5,0.305556,0.160354,0.074495,0.20202,0.161719,0.375,0.08125,0.00625,0.0,3.968749,5.999999,0.193182,0.583333,1.0,0.705882,0.148026,0.5,0.171053,0.958763,0.0,0.13125,0.037879,0.157828,0.007576,1.31136,1.985509,0.255696,0.081115,0.346895,0.302849,3.961538,5.999999,0.375,0.046154,4.0,0.061538,1.0,0.161538,0.1
11447_master,13+,13.8,410.0,108.8,3.768382,2.482926,4.0,0.017073,0.112195,0.004878,0.017073,0.017073,0.339024,0.104878,0.063415,0.167683,1.217073,6.0,0.375,0.5,0.387805,0.156098,0.092683,0.417073,0.146199,0.375,0.25731,0.0,0.011696,2.105262,2.999999,0.339024,0.615108,1.0,0.856115,0.139493,0.5,0.144928,0.948718,0.0,0.152047,0.078049,0.312195,0.090244,0.592914,1.169058,0.286765,0.113022,0.29563,0.29471,2.151078,2.999999,0.375,0.266187,5.0,0.208633,2.0,0.18705,0.165468
11449_master,13,13.3,525.0,146.093023,3.593601,2.723809,4.0,0.024762,0.112381,0.0,0.005714,0.005714,0.264762,0.140952,0.04,0.175714,0.988571,6.0,0.375,0.5,0.375238,0.16381,0.07619,0.401905,0.194905,0.375,0.279621,0.0,0.0,2.27962,2.999999,0.321905,0.542899,1.0,0.639053,0.21131,0.5,0.255952,0.963964,0.0,0.099526,0.137143,0.260952,0.078095,0.915848,1.274539,0.344168,0.10728,0.359343,0.367347,2.251798,2.999999,0.375,0.294964,5.0,0.158273,2.0,0.151079,0.086331
11451_master,13,13.5,402.0,148.571429,2.705769,2.111939,2.999999,0.014925,0.029851,0.0,0.012438,0.012438,0.465174,0.032338,0.208955,0.148943,1.825871,6.0,0.375,0.375,0.370647,0.126866,0.027363,0.495025,0.162688,0.375,0.060302,0.0,0.0,2.080401,2.999999,0.171642,0.547101,1.0,0.652174,0.191176,0.5,0.323529,0.976744,0.0,0.422111,0.029851,0.462687,0.0199,1.021185,1.091738,0.395,0.220551,0.395,0.395,2.074865,2.999999,0.375,0.042781,5.4,0.203209,2.0,0.449198,0.411765
11452_master,13,13.1,574.0,155.274725,3.696674,3.027874,4.0,0.057491,0.050523,0.02439,0.029617,0.029617,0.25784,0.118467,0.073171,0.172909,0.956446,7.0,0.375,0.5,0.405923,0.202091,0.071429,0.367596,0.187204,0.375,0.07109,0.0,0.004739,2.800947,4.0,0.235192,0.601852,1.0,0.718519,0.225746,0.5,0.328358,0.98913,0.0,0.199052,0.109756,0.249129,0.020906,0.840983,1.244625,0.38986,0.196147,0.390597,0.38986,2.871621,4.0,0.375,0.081081,6.0,0.148649,2.0,0.283784,0.25
11453_master,13+,13.8,590.0,122.7,4.808476,3.674576,5.999999,0.083051,0.09322,0.022034,0.008475,0.008475,0.176271,0.144068,0.008475,0.158051,0.745763,6.0,0.375,0.5,0.262712,0.162712,0.066102,0.308475,0.12294,0.375,0.269231,0.038462,0.027473,2.978021,4.0,0.310169,0.47541,1.0,0.42623,0.230769,0.75,0.302198,0.942029,0.028986,0.027473,0.132203,0.164407,0.072881,0.898177,1.400389,0.32483,0.120954,0.363636,0.419954,2.634615,4.0,0.5,0.413462,6.0,0.336538,2.0,0.048077,0.048077
11454_master,14,14.0,681.0,129.336806,5.265323,4.088105,7.000004,0.146843,0.032305,0.005874,0.007342,0.007342,0.132159,0.138032,0.052863,0.154369,0.496329,6.0,0.375,0.375,0.325991,0.132159,0.041116,0.26138,0.169944,0.375,0.106742,0.005618,0.0,3.410112,5.999999,0.234949,0.554688,0.75,0.6625,0.198113,0.5,0.314465,0.802817,0.0,0.202247,0.129222,0.123348,0.016153,1.319878,1.647159,0.344214,0.154993,0.389755,0.355283,3.555555,5.999999,0.375,0.122222,5.0,0.222222,2.0,0.4,0.233333
11455_master,13+,13.7,639.0,141.852416,4.504682,4.241,5.999999,0.059468,0.037559,0.0,0.010955,0.010955,0.205008,0.086072,0.057903,0.190728,0.763693,7.0,0.375,0.5,0.43975,0.219092,0.087637,0.276995,0.213277,0.425,0.135593,0.0,0.0,3.508474,5.999999,0.267606,0.616959,1.0,0.730994,0.197059,0.5,0.247059,0.88,0.0,0.20904,0.071987,0.190923,0.032864,1.244198,2.366469,0.241436,0.059211,0.336449,0.255613,3.862594,5.999999,0.375,0.160305,5.0,0.114504,2.0,0.282443,0.251908
11456_master,13+,13.7,759.0,158.709677,4.782317,4.400527,7.000004,0.167325,0.050066,0.00527,0.028986,0.028986,0.180501,0.140975,0.050066,0.145586,0.682477,7.0,0.375,0.5,0.263505,0.140975,0.061924,0.30303,0.148913,0.375,0.147826,0.0,0.004348,3.004347,4.0,0.181818,0.586957,1.0,0.73913,0.175182,0.5,0.189781,0.817073,0.0,0.165217,0.12253,0.162055,0.040843,1.147756,1.870748,0.23968,0.082777,0.300781,0.269058,2.978102,4.0,0.375,0.226277,5.0,0.153285,2.0,0.277372,0.160584
11457_master,14+,14.6,910.0,138.488372,6.570949,4.630768,7.000004,0.113187,0.042857,0.001099,0.00989,0.00989,0.146154,0.113187,0.082418,0.171429,0.471429,6.0,0.375,0.5,0.356044,0.167033,0.073626,0.259341,0.14089,0.375,0.165254,0.004237,0.0,4.499999,7.000004,0.189011,0.648256,1.0,0.802326,0.188596,0.5,0.25731,0.882353,0.0,0.317797,0.113187,0.146154,0.016484,1.07179,1.861376,0.380045,0.193476,0.487132,0.44723,4.142856,5.999999,0.375,0.112782,4.0,0.082707,2.0,0.56391,0.398496
11458_master,14,14.4,696.0,118.80625,5.858278,4.511494,7.000004,0.038793,0.058908,0.027299,0.011494,0.011494,0.066092,0.117816,0.012931,0.165769,0.278736,7.0,0.375,0.5,0.327586,0.149425,0.051724,0.182471,0.129921,0.25,0.220472,0.047244,0.015748,3.377952,5.999999,0.244253,0.541176,1.0,0.605882,0.180473,0.5,0.207101,0.914894,0.021277,0.070866,0.116379,0.064655,0.022989,1.436245,1.588257,0.343109,0.150442,0.405,0.529833,4.260869,6.500001,0.3125,0.347826,6.0,0.23913,1.6,0.195652,0.173913
11459_master,13+,13.7,497.0,122.527778,4.056223,3.154929,5.999999,0.078471,0.112676,0.036217,0.004024,0.004024,0.140845,0.253521,0.030181,0.15669,0.480885,7.0,0.375,0.5,0.289738,0.122736,0.054326,0.368209,0.147541,0.375,0.229508,0.021858,0.0,2.67213,4.0,0.21328,0.523585,1.0,0.650943,0.228571,0.5,0.228571,0.939394,0.015152,0.081967,0.227364,0.114688,0.046278,0.830389,1.456537,0.423077,0.174442,0.431325,0.423077,3.014285,5.099997,0.375,0.328571,4.0,0.085714,2.0,0.214286,0.114286
11460_master,13+,13.8,554.0,134.769231,4.110731,3.229241,4.999997,0.028881,0.088448,0.001805,0.001805,0.001805,0.101083,0.301444,0.027076,0.150271,0.397112,6.0,0.375,0.375,0.287004,0.117329,0.032491,0.377256,0.199163,0.375,0.229665,0.0,0.0,2.846889,4.0,0.214801,0.634454,1.0,0.747899,0.211864,0.5,0.211864,0.95122,0.0,0.07177,0.276173,0.075812,0.045126,0.843782,1.644053,0.346014,0.125227,0.366053,0.385859,2.55357,2.999999,0.375,0.446429,5.0,0.392857,2.0,0.267857,0.035714
11461_master,14,14.4,669.0,120.529411,5.550512,4.139012,5.999999,0.020927,0.046338,0.0,0.011958,0.011958,0.183857,0.050822,0.053812,0.18012,0.693572,6.0,0.375,0.5,0.321375,0.164425,0.067265,0.233184,0.206731,0.375,0.198718,0.0,0.0,3.26923,4.999997,0.278027,0.477151,0.75,0.55914,0.183784,0.5,0.2,0.986842,0.0,0.230769,0.049327,0.182362,0.043348,1.288369,1.708683,0.451274,0.234234,0.502049,0.511905,3.406503,4.999997,0.375,0.235772,5.0,0.113821,1.9,0.292683,0.260163
11462_master,14,14.3,763.0,138.157554,5.52268,4.292266,7.000004,0.030144,0.057667,0.005242,0.007864,0.007864,0.209699,0.124509,0.08519,0.186599,0.72346,5.0,0.375,0.5,0.390564,0.187418,0.06291,0.327654,0.1935,0.375,0.16,0.0,0.0,3.819999,5.999999,0.247706,0.584656,1.0,0.730159,0.265957,0.5,0.351064,0.931034,0.0,0.26,0.117955,0.203145,0.028834,0.997228,2.278665,0.400788,0.231579,0.413793,0.441389,3.756249,5.999999,0.375,0.1375,5.0,0.18125,1.2,0.40625,0.3625
11463_master,13,13.2,424.0,140.409836,3.019731,2.726414,4.999997,0.186321,0.084906,0.002358,0.0,0.0,0.205189,0.169811,0.009434,0.11704,0.752358,6.0,0.375,0.48125,0.20283,0.108491,0.051887,0.367925,0.120192,0.375,0.230769,0.00641,0.0,2.346153,2.999999,0.20283,0.627907,1.0,0.825581,0.217647,0.5,0.282353,0.896104,0.0,0.025641,0.162736,0.198113,0.080189,0.900397,1.854903,0.372038,0.187648,0.411609,0.372038,2.448275,2.999999,0.375,0.390805,4.0,0.057471,2.0,0.045977,0.034483
11464_master,13,13.4,417.0,135.491803,3.077677,2.750598,2.999999,0.040767,0.095923,0.0,0.026379,0.026379,0.338129,0.1247,0.105516,0.145084,1.345324,6.0,0.25,0.375,0.256595,0.093525,0.045564,0.448441,0.165107,0.3,0.213904,0.0,0.037433,2.534758,2.999999,0.239808,0.68,1.0,0.87,0.25,0.5,0.30303,0.956989,0.0,0.235294,0.110312,0.323741,0.091127,0.617215,1.546941,0.325301,0.217391,0.277487,0.330882,2.567375,2.999999,0.25,0.269504,5.0,0.234043,1.0,0.312057,0.276596
11465_master,13,13.5,520.0,135.23077,3.845279,3.473076,5.999999,0.034615,0.067308,0.0,0.005769,0.005769,0.142308,0.151923,0.017308,0.148798,0.484615,6.0,0.375,0.375,0.301923,0.111538,0.046154,0.290385,0.129139,0.25,0.231788,0.0,0.006623,3.079469,4.0,0.240385,0.54,1.0,0.704,0.229839,0.5,0.306452,0.93617,0.0,0.059603,0.148077,0.138462,0.034615,1.797267,1.587727,0.444015,0.224371,0.506696,0.534884,3.135134,4.0,0.375,0.243243,4.7,0.108108,2.0,0.121622,0.094595
11466_master,13+,13.8,653.0,148.398058,4.400327,3.229708,4.999997,0.050536,0.096478,0.012251,0.016845,0.016845,0.235835,0.105666,0.078101,0.13706,0.964778,6.0,0.375,0.375,0.260337,0.114855,0.042879,0.333844,0.142775,0.375,0.261468,0.009174,0.0,2.8211,4.0,0.287902,0.517287,1.0,0.579787,0.224599,0.6,0.272727,0.958763,0.010309,0.233945,0.098009,0.228178,0.06585,0.87643,1.528272,0.41195,0.14218,0.4125,0.45614,2.922077,4.0,0.375,0.279221,5.0,0.428571,2.0,0.331169,0.272727
11467_master,14,14.0,538.0,131.132848,4.10271,3.039033,4.999997,0.040892,0.096654,0.0,0.009294,0.009294,0.182156,0.17658,0.040892,0.142426,0.763941,6.0,0.375,0.375,0.297398,0.118959,0.042751,0.347584,0.126337,0.375,0.278075,0.0,0.0,2.518716,2.999999,0.224907,0.634298,1.0,0.752066,0.189583,0.5,0.233333,0.961039,0.0,0.117647,0.165428,0.171004,0.081784,0.750915,2.126276,0.393657,0.205607,0.450644,0.416996,2.510203,2.999999,0.375,0.44898,6.0,0.316327,2.0,0.22449,0.183673
11468_master,13+,13.8,566.0,136.404725,4.149416,3.199645,4.999997,0.0,0.088339,0.0,0.0,0.0,0.231449,0.159011,0.072438,0.15879,0.869258,6.0,0.375,0.5,0.282686,0.150177,0.05477,0.374558,0.14092,0.375,0.235849,0.0,0.0,2.471697,2.999999,0.25265,0.606643,1.0,0.699301,0.139085,0.5,0.147887,1.0,0.0,0.193396,0.14311,0.215548,0.081272,1.036538,1.789667,0.480496,0.207815,0.53144,0.484794,2.671755,4.0,0.375,0.351145,5.0,0.137405,1.0,0.312977,0.21374
11469_master,14,14.3,693.0,127.010869,5.456226,4.427128,7.000004,0.037518,0.076479,0.007215,0.008658,0.008658,0.135642,0.151515,0.015873,0.16811,0.512266,6.0,0.375,0.375,0.356421,0.118326,0.044733,0.277056,0.166016,0.375,0.276042,0.026042,0.03125,3.687499,5.999999,0.215007,0.588926,1.0,0.684564,0.226351,0.5,0.27027,1.0,0.0,0.057292,0.141414,0.125541,0.051948,1.365161,1.478388,0.282387,0.067153,0.287611,0.296636,3.851063,5.999999,0.375,0.382979,5.0,0.117021,2.0,0.117021,0.117021
11470_expert,13,13.2,541.0,132.692308,4.077101,3.158964,4.0,0.086876,0.049908,0.0,0.003697,0.003697,0.097967,0.268022,0.014787,0.139787,0.343808,6.0,0.375,0.5,0.266174,0.123845,0.077634,0.358595,0.113402,0.25,0.139175,0.0,0.0,2.994845,4.0,0.243993,0.448864,0.75,0.537879,0.148855,0.5,0.167939,0.975309,0.0,0.041237,0.260628,0.090573,0.02403,1.116843,1.578234,0.231911,0.115242,0.243028,0.260417,2.754716,4.0,0.25,0.245283,4.0,0.09434,2.0,0.150943,0.075472
11470_master,14+,14.7,906.0,133.269231,6.798268,5.102649,7.000004,0.072848,0.046358,0.022075,0.059603,0.059603,0.072848,0.087196,0.022075,0.172875,0.268212,6.0,0.375,0.5,0.363135,0.171082,0.087196,0.154525,0.19375,0.5,0.171429,0.014286,0.014286,3.592856,5.999999,0.111479,0.559406,0.75,0.722772,0.21,0.5,0.3,0.780822,0.013699,0.142857,0.081678,0.067329,0.015453,1.353382,1.672686,0.248894,0.100775,0.294264,0.404255,4.075757,7.000004,0.5,0.212121,4.0,0.060606,1.6,0.30303,0.287879
11471_master,14,14.2,823.0,136.0,6.051471,5.483596,8.000004,0.037667,0.027947,0.006075,0.012151,0.013366,0.069259,0.110571,0.038882,0.180134,0.373026,7.0,0.375,0.5,0.351154,0.168894,0.074119,0.166464,0.191606,0.375,0.131387,0.0,0.0,2.817517,5.999999,0.164034,0.553704,1.0,0.644444,0.223881,0.5,0.320896,0.926829,0.0,0.233577,0.097205,0.055893,0.00486,1.565455,1.934166,0.31052,0.114213,0.456193,0.360825,2.14035,4.0,0.5,0.070175,7.0,0.649123,2.0,0.561404,0.350877
11472_master,14,14.1,791.0,160.255376,4.935872,3.671302,4.999997,0.135272,0.045512,0.011378,0.015171,0.015171,0.149178,0.096081,0.042984,0.150601,0.557522,6.0,0.375,0.375,0.300885,0.120101,0.049305,0.240202,0.160526,0.375,0.152632,0.010526,0.0,3.373684,4.999997,0.212389,0.53869,1.0,0.672619,0.22006,0.5,0.239521,0.88764,0.033708,0.178947,0.091024,0.144121,0.022756,1.714582,1.958781,0.306905,0.121795,0.324031,0.33033,3.245762,4.299999,0.375,0.152542,4.0,0.050847,2.0,0.288136,0.186441
11473_master,13,13.2,556.0,160.5,3.464174,3.120503,4.999997,0.129496,0.084532,0.014388,0.104317,0.125899,0.188849,0.217626,0.055755,0.167716,0.834532,7.0,0.375,0.5,0.377698,0.203237,0.068345,0.386691,0.20814,0.45,0.190698,0.009302,0.055814,2.455813,2.999999,0.228417,0.624016,1.0,0.700787,0.281746,0.75,0.333333,0.921875,0.0,0.144186,0.197842,0.169065,0.03777,1.337883,1.83384,0.289773,0.191205,0.326667,0.297131,2.571427,2.999999,0.375,0.2,6.0,0.447619,2.0,0.295238,0.171429
11474_master,13+,13.8,696.0,138.352941,5.030612,3.7227,5.999999,0.117816,0.018678,0.0,0.043103,0.043103,0.133621,0.107759,0.041667,0.141703,0.481322,6.0,0.375,0.5,0.287356,0.117816,0.056034,0.237069,0.149242,0.45,0.078788,0.0,0.048485,3.242423,4.999997,0.16523,0.554348,1.0,0.608696,0.175439,0.5,0.236842,0.785714,0.0,0.175758,0.103448,0.12931,0.012931,0.896586,1.597298,0.353026,0.163059,0.408273,0.376923,3.48387,5.999999,0.25,0.096774,4.0,0.096774,2.0,0.311828,0.268817
11475_master,14,14.3,676.0,143.85,4.69934,3.556213,7.000004,0.076923,0.094675,0.028107,0.016272,0.016272,0.235207,0.115385,0.051775,0.163831,0.931953,7.0,0.375,0.5,0.341716,0.164201,0.078402,0.331361,0.189732,0.5,0.258929,0.058036,0.0,2.776785,4.0,0.254438,0.664244,1.0,0.848837,0.201754,0.5,0.280702,0.902439,0.036585,0.15625,0.096154,0.215976,0.050296,0.725082,1.525364,0.302711,0.123867,0.346225,0.377609,2.773584,4.0,0.5,0.213836,5.0,0.220126,2.0,0.220126,0.132075
11477_master,13,13.3,606.0,143.376623,4.22663,2.948844,4.999997,0.029703,0.089109,0.0,0.0,0.0,0.151815,0.125413,0.006601,0.190388,0.59901,6.0,0.375,0.5,0.409241,0.166667,0.087459,0.270627,0.202744,0.375,0.329268,0.0,0.0,2.414633,2.999999,0.268977,0.470859,0.75,0.595092,0.216049,0.5,0.296296,1.0,0.0,0.02439,0.118812,0.145215,0.061056,0.487323,1.268949,0.42053,0.19403,0.421533,0.42053,2.380434,2.999999,0.5,0.402174,4.0,0.065217,1.0,0.043478,0.043478
11478_master,14,14.3,773.0,133.272727,5.800136,4.09573,7.000004,0.006468,0.064683,0.005175,0.002587,0.002587,0.150065,0.115136,0.036223,0.175938,0.489004,5.0,0.375,0.375,0.386805,0.163001,0.046572,0.265201,0.146341,0.375,0.243902,0.019512,0.0,3.156097,4.0,0.200517,0.582258,1.0,0.812903,0.12013,0.5,0.142857,1.0,0.0,0.136585,0.115136,0.150065,0.042691,0.763654,1.409377,0.2607,0.094805,0.326786,0.292576,3.362068,4.0,0.375,0.284483,4.0,0.051724,2.0,0.241379,0.181034
11479_master,14,14.3,800.0,142.457142,5.615724,4.022499,5.999999,0.00625,0.03,0.0,0.00125,0.00125,0.09625,0.09875,0.01875,0.175313,0.31875,5.0,0.375,0.5,0.38625,0.15125,0.0625,0.18875,0.167219,0.375,0.15894,0.0,0.0,3.092714,4.999997,0.17875,0.608392,1.0,0.804196,0.183099,0.5,0.232394,0.977273,0.0,0.099338,0.0925,0.09,0.0175,1.180266,1.339271,0.325815,0.160602,0.409259,0.329949,3.090908,4.999997,0.375,0.181818,4.0,0.051948,2.0,0.194805,0.155844
11481_master,13,13.1,637.0,148.723405,4.283119,3.350078,4.399999,0.174254,0.007849,0.0,0.029827,0.029827,0.142857,0.175824,0.00157,0.149725,0.569859,6.0,0.375,0.5,0.33595,0.186813,0.070644,0.298273,0.148026,0.375,0.026316,0.0,0.0,3.063157,4.0,0.255887,0.621166,1.0,0.680982,0.296296,0.75,0.401235,0.930233,0.0,0.005263,0.155416,0.122449,0.007849,0.858455,1.419772,0.469291,0.253943,0.460733,0.458484,3.230769,4.0,0.5,0.054945,5.0,0.32967,3.0,0.010989,0.010989
11483_remaster,13,13.2,529.0,150.703125,3.510213,2.920604,4.0,0.071834,0.102079,0.017013,0.05104,0.064272,0.196597,0.136106,0.039698,0.153828,0.784499,7.0,0.375,0.45,0.302457,0.126654,0.05104,0.325142,0.168605,0.375,0.261628,0.0,0.005814,2.732557,2.999999,0.268431,0.566901,1.0,0.683099,0.239362,0.5,0.283688,0.925,0.0,0.122093,0.128544,0.189036,0.073724,0.929485,1.457573,0.351044,0.131179,0.360236,0.356455,2.701922,2.999999,0.375,0.375,5.0,0.25,3.0,0.201923,0.134615
11484_master,13,13.4,534.0,156.666667,3.408511,2.24719,2.999999,0.022472,0.102996,0.0,0.011236,0.011236,0.357678,0.088015,0.026217,0.190543,1.312734,6.0,0.5,0.5,0.425094,0.200375,0.11236,0.438202,0.215812,0.5,0.235043,0.0,0.008547,2.175213,2.999999,0.367041,0.559949,1.0,0.734694,0.233333,0.5,0.312821,0.983471,0.0,0.059829,0.080524,0.350187,0.088015,0.918824,1.222791,0.358491,0.204545,0.358491,0.358491,2.172774,2.999999,0.5,0.246073,4.0,0.099476,2.0,0.073298,0.062827
11485_remaster,13,13.3,462.0,134.117647,3.444737,2.324674,2.999999,0.064935,0.106061,0.021645,0.004329,0.004329,0.251082,0.203463,0.025974,0.157738,0.945887,5.0,0.375,0.5,0.339827,0.15368,0.080087,0.450216,0.163462,0.375,0.1875,0.0,0.0,2.389422,2.999999,0.331169,0.686275,1.0,0.869281,0.195724,0.5,0.230263,1.0,0.0,0.057692,0.199134,0.246753,0.0671,0.630918,1.257517,0.398148,0.179487,0.401869,0.398148,2.241378,2.999999,0.375,0.267241,5.0,0.12069,1.6,0.103448,0.094828
11486_remaster,13,13.0,428.0,127.205883,3.364624,2.5257,4.0,0.079439,0.021028,0.0,0.077103,0.077103,0.266355,0.126168,0.147196,0.157126,1.205607,7.0,0.375,0.5,0.343458,0.135514,0.074766,0.373832,0.151562,0.375,0.05625,0.0,0.10625,2.331249,4.0,0.264019,0.480088,0.75,0.646018,0.171875,0.5,0.241071,0.956522,0.0,0.39375,0.107477,0.247664,0.021028,0.73822,1.69872,0.556338,0.44,0.561611,0.566986,2.307017,2.999999,0.375,0.078947,6.0,0.394737,2.0,0.552632,0.473684
11487_master,13,13.0,512.0,130.072993,3.936251,3.142577,4.999997,0.166016,0.054688,0.0,0.027344,0.027344,0.183594,0.191406,0.054688,0.128174,0.675781,5.0,0.25,0.375,0.248047,0.068359,0.027344,0.365234,0.111631,0.25,0.149733,0.0,0.0,2.770052,4.0,0.265625,0.645221,1.0,0.830882,0.161111,0.5,0.2,0.988636,0.0,0.149733,0.181641,0.173828,0.035156,0.650818,1.477924,0.394118,0.188605,0.379691,0.397647,2.563829,2.999999,0.25,0.191489,4.0,0.095745,1.8,0.297872,0.255319
11488_master,13,13.5,498.0,115.78125,4.301215,4.178715,11.000004,0.070281,0.044177,0.004016,0.01004,0.01004,0.184739,0.068273,0.01004,0.160141,0.588353,6.0,0.375,0.375,0.351406,0.124498,0.040161,0.253012,0.193452,0.375,0.166667,0.007937,0.0,2.45238,4.0,0.212851,0.610849,1.0,0.783019,0.138095,0.5,0.180952,0.938776,0.0,0.039683,0.068273,0.184739,0.038153,0.946829,1.810557,0.318548,0.121212,0.396419,0.380723,2.434782,4.0,0.375,0.206522,5.0,0.119565,2.0,0.054348,0.032609
11489_master,14,14.3,722.0,132.016129,5.469029,4.699446,7.000004,0.126039,0.00831,0.00277,0.01662,0.01662,0.106648,0.15651,0.012465,0.175035,0.400277,7.0,0.375,0.5,0.397507,0.200831,0.077562,0.263158,0.192105,0.375,0.021053,0.0,0.0,3.5,5.999999,0.088643,0.601562,1.0,0.65625,0.214286,0.5,0.349206,0.967391,0.0,0.047368,0.15651,0.106648,0.00277,1.388336,2.068511,0.35452,0.174716,0.488372,0.388545,3.441558,4.999997,0.5,0.025974,5.4,0.207792,2.0,0.116883,0.090909
11490_master,13+,13.7,535.0,129.744318,4.123495,3.542055,5.999999,0.211215,0.065421,0.011215,0.035514,0.035514,0.166355,0.2,0.06729,0.141355,0.719626,7.0,0.375,0.5,0.319626,0.115888,0.074766,0.360748,0.171632,0.5,0.160622,0.010363,0.015544,3.00518,4.999997,0.293458,0.61465,1.0,0.745223,0.091346,0.25,0.089744,0.904762,0.0,0.186528,0.194393,0.160748,0.046729,1.201913,2.28848,0.277778,0.136,0.34715,0.275184,2.865168,4.999997,0.5,0.280899,5.0,0.438202,2.0,0.404494,0.292135
11491_master,14,14.0,579.0,139.151946,4.160919,3.37133,8.000004,0.027634,0.069085,0.0,0.001727,0.001727,0.193437,0.098446,0.062176,0.174223,0.727116,7.0,0.375,0.5,0.297064,0.162349,0.074266,0.283247,0.165396,0.375,0.243902,0.0,0.006098,2.378048,2.999999,0.290155,0.535714,1.0,0.625,0.233533,0.5,0.281437,0.894737,0.0,0.219512,0.08981,0.184801,0.037997,1.152385,1.698358,0.384348,0.193717,0.448637,0.46383,2.374999,2.999999,0.375,0.196429,5.0,0.1875,2.0,0.321429,0.232143
11494_master,13,13.0,350.0,102.003906,3.431241,2.637142,4.0,0.02,0.071429,0.008571,0.017143,0.017143,0.225714,0.128571,0.045714,0.159286,0.8,6.0,0.375,0.375,0.282857,0.122857,0.04,0.342857,0.184375,0.375,0.183333,0.0,0.0,2.408332,2.999999,0.3,0.611905,1.0,0.8,0.245192,0.5,0.317308,0.898551,0.043478,0.133333,0.117143,0.214286,0.042857,0.706772,1.548949,0.312139,0.136628,0.331288,0.312139,2.556961,2.999999,0.375,0.189873,5.0,0.151899,2.0,0.202532,0.189873
11495_master,13,13.0,462.0,124.411764,3.713475,2.82251,4.999997,0.069264,0.060606,0.015152,0.025974,0.025974,0.248918,0.166667,0.049784,0.163961,1.058442,6.0,0.375,0.5,0.350649,0.179654,0.058442,0.398268,0.134511,0.375,0.119565,0.005435,0.043478,2.233695,2.999999,0.155844,0.541667,1.0,0.513889,0.228873,0.75,0.267606,0.855072,0.0,0.125,0.149351,0.231602,0.032468,0.967412,1.399522,0.432609,0.22658,0.486146,0.432609,2.21739,2.999999,0.375,0.130435,6.0,0.443478,3.0,0.2,0.173913
11496_master,13+,13.9,746.0,143.6875,5.191823,4.239946,7.000004,0.046917,0.052279,0.0,0.00134,0.00134,0.097855,0.140751,0.010724,0.169068,0.391421,7.0,0.375,0.375,0.306971,0.156836,0.046917,0.238606,0.162921,0.375,0.219101,0.0,0.005618,3.398876,5.999999,0.219839,0.589939,1.0,0.731707,0.205521,0.5,0.226994,0.945946,0.0,0.044944,0.140751,0.097855,0.041555,1.448225,1.56534,0.309556,0.1469,0.385417,0.441815,3.616438,7.000004,0.375,0.424658,6.0,0.191781,2.0,0.109589,0.09589
11498_master,13+,13.6,606.0,136.166667,4.450428,3.742574,5.999999,0.151815,0.037954,0.009901,0.019802,0.019802,0.145215,0.123762,0.028053,0.154497,0.557756,7.0,0.375,0.5,0.328383,0.138614,0.052805,0.264026,0.155469,0.375,0.125,0.01875,0.0,2.95625,4.0,0.19967,0.543388,1.0,0.644628,0.18125,0.5,0.216667,0.857143,0.0,0.10625,0.118812,0.140264,0.016502,1.089763,1.750896,0.260504,0.097973,0.287582,0.276292,3.045454,5.299998,0.375,0.113636,5.0,0.136364,1.4,0.193182,0.136364
11499_master,13,13.2,549.0,148.894737,3.687169,2.892531,4.0,0.061931,0.076503,0.001821,0.021858,0.021858,0.276867,0.156648,0.034608,0.15255,1.041894,7.0,0.375,0.5,0.298725,0.160291,0.07286,0.40255,0.191176,0.5,0.190045,0.004525,0.00905,2.619909,4.0,0.284153,0.43109,0.75,0.49359,0.183871,0.5,0.2,0.927273,0.0,0.085973,0.125683,0.245902,0.054645,1.03097,1.224537,0.442413,0.17033,0.44636,0.45977,2.730262,4.0,0.5,0.197368,5.0,0.184211,2.0,0.125,0.085526
114_master,13+,13.6,424.0,111.76,3.793844,3.393867,4.999997,0.0,0.014151,0.0,0.0,0.0,0.042453,0.080189,0.028302,0.11704,0.15566,4.0,0.25,0.375,0.162736,0.091981,0.021226,0.108491,0.13587,0.25,0.130435,0.0,0.0,1.73913,1.999999,0.080189,0.360294,0.75,0.176471,0.151515,0.7,0.242424,1.0,0.0,0.26087,0.066038,0.028302,0.014151,1.106548,1.754659,0.561611,0.420428,0.48048,0.578049,1.444444,1.999999,0.1625,0.333333,4.0,0.0,0.0,0.666667,0.5
11500_master,13,13.0,576.0,139.135135,4.13986,3.184027,4.0,0.013889,0.060764,0.003472,0.013889,0.013889,0.251736,0.055556,0.041667,0.171441,0.984375,6.0,0.5,0.5,0.335069,0.204861,0.107639,0.300347,0.194364,0.5,0.196532,0.00578,0.0,2.491329,3.8,0.269097,0.598387,1.0,0.722581,0.222403,0.5,0.324675,0.987952,0.012048,0.138728,0.048611,0.244792,0.055556,0.914287,1.209565,0.327526,0.164049,0.326454,0.327526,2.434482,3.6,0.5,0.22069,5.0,0.282759,2.0,0.165517,0.144828
11501_master,13,13.3,463.0,139.125,3.327942,3.231101,4.0,0.021598,0.095032,0.00216,0.00216,0.00216,0.159827,0.166307,0.017279,0.169546,0.518359,6.0,0.375,0.5,0.317495,0.12527,0.071274,0.298056,0.199275,0.5,0.311594,0.0,0.0,2.108695,2.999999,0.408207,0.515873,1.0,0.555556,0.182181,0.5,0.228723,0.982759,0.0,0.057971,0.138229,0.131749,0.071274,1.057884,1.772067,0.346578,0.131696,0.382353,0.3867,2.229729,3.7,0.5,0.445946,4.0,0.081081,2.0,0.108108,0.108108
11502_master,13+,13.9,521.0,97.462758,5.345632,4.712092,8.000004,0.015355,0.0,0.0,0.0,0.0,0.234165,0.055662,0.074856,0.178983,0.986564,6.0,0.375,0.5,0.357006,0.234165,0.099808,0.278311,0.214655,0.375,0.0,0.0,0.0,3.206896,5.599998,0.12476,0.453846,0.75,0.430769,0.148438,0.5,0.25,0.965517,0.0,0.268966,0.044146,0.222649,0.0,1.863715,2.066573,0.285164,0.086873,0.284247,0.391534,3.237704,7.800003,0.375,0.0,5.0,0.319672,1.0,0.319672,0.245902
11503_master,13+,13.7,624.0,143.860465,4.337536,4.883013,15.000004,0.011218,0.094551,0.0,0.003205,0.003205,0.229167,0.092949,0.017628,0.159054,0.802885,5.0,0.375,0.5,0.310897,0.128205,0.06891,0.320513,0.188125,0.3875,0.295,0.0,0.005,2.469999,4.0,0.366987,0.590611,1.0,0.724891,0.213816,0.5,0.285088,1.0,0.0,0.055,0.091346,0.227564,0.088141,1.158723,1.448772,0.340836,0.21095,0.424242,0.423625,2.419579,2.999999,0.475,0.384615,4.0,0.083916,2.0,0.076923,0.020979
11504_master,13,13.4,206.0,112.370508,1.833221,2.208737,4.0,0.004854,0.019417,0.0,0.0,0.0,0.582524,0.18932,0.412621,0.138956,2.548544,6.0,0.375,0.5,0.23301,0.116505,0.072816,0.708738,0.132705,0.375,0.027397,0.0,0.0,2.061643,2.999999,0.150485,0.685484,1.0,0.709677,0.091667,0.275,0.1,0.928571,0.0,0.582192,0.126214,0.519417,0.019417,0.99733,2.689006,0.519608,0.344828,0.56383,0.522167,2.116666,2.999999,0.375,0.033333,6.0,0.358333,1.0,0.708333,0.575
11505_master,13+,13.9,731.0,153.938659,4.748645,4.328317,8.000004,0.113543,0.04104,0.0,0.046512,0.046512,0.186047,0.232558,0.036936,0.16604,0.72093,6.0,0.375,0.5,0.332421,0.170999,0.069767,0.398085,0.156357,0.375,0.103093,0.0,0.068729,2.975944,4.0,0.228454,0.520958,1.0,0.51497,0.183735,0.5,0.253012,0.95122,0.0,0.092784,0.212038,0.165527,0.02736,1.025631,2.33084,0.294925,0.115385,0.346789,0.355372,3.029411,4.0,0.4375,0.147059,6.0,0.235294,2.6,0.198529,0.169118
11507_master,13,13.3,510.0,131.625,3.874644,2.805881,4.0,0.054902,0.062745,0.027451,0.011765,0.011765,0.211765,0.1,0.009804,0.183578,0.762745,7.0,0.375,0.5,0.388235,0.211765,0.066667,0.311765,0.189465,0.5,0.125786,0.012579,0.018868,2.415094,4.0,0.194118,0.527778,1.0,0.636364,0.244898,0.5,0.367347,0.947368,0.0,0.031447,0.1,0.211765,0.033333,0.6702,1.403153,0.299213,0.143984,0.313808,0.290323,2.61111,4.0,0.5,0.157407,4.0,0.092593,2.0,0.046296,0.018519
11508_master,13,13.2,568.0,122.5,4.636735,3.496478,4.999997,0.045775,0.047535,0.008803,0.008803,0.008803,0.088028,0.082746,0.007042,0.195643,0.31338,6.0,0.375,0.5,0.403169,0.181338,0.09331,0.163732,0.173387,0.5,0.236559,0.0,0.0,2.430107,2.999999,0.232394,0.486742,1.0,0.484848,0.219466,0.5,0.320611,0.903846,0.0,0.043011,0.075704,0.080986,0.038732,0.71804,1.50277,0.269504,0.08363,0.355769,0.281481,2.659999,4.0,0.5,0.44,4.0,0.08,2.0,0.08,0.08
11509_master,13+,13.9,635.0,117.715232,5.394374,3.929133,5.999999,0.124409,0.050394,0.009449,0.015748,0.015748,0.105512,0.124409,0.025197,0.15689,0.409449,6.0,0.375,0.375,0.327559,0.143307,0.048819,0.226772,0.149306,0.375,0.180556,0.0,0.0,3.11111,4.999997,0.181102,0.56087,1.0,0.695652,0.25,0.5,0.298246,0.943662,0.0,0.111111,0.12126,0.102362,0.034646,0.765867,1.671734,0.373206,0.180511,0.423503,0.379661,3.104477,4.399999,0.375,0.328358,5.0,0.253731,2.0,0.238806,0.089552
11511_master,13,13.2,505.0,140.865384,3.584983,2.534653,4.0,0.041584,0.128713,0.029703,0.039604,0.039604,0.134653,0.213861,0.041584,0.12896,0.455446,6.0,0.25,0.375,0.261386,0.089109,0.031683,0.326733,0.157576,0.375,0.30303,0.0,0.030303,2.30303,4.0,0.251485,0.594488,1.0,0.724409,0.230159,0.75,0.31746,0.866667,0.0,0.127273,0.192079,0.112871,0.041584,0.696259,1.404039,0.441352,0.276892,0.454733,0.447581,2.161764,4.0,0.375,0.308824,5.0,0.147059,2.4,0.308824,0.235294
11512_master,13+,13.7,624.0,139.909091,4.460039,3.241986,5.999999,0.027244,0.025641,0.0,0.0,0.0,0.235577,0.330128,0.048077,0.209135,0.834936,7.0,0.5,0.5,0.435897,0.248397,0.128205,0.559295,0.219198,0.5,0.045845,0.0,0.0,3.151862,4.999997,0.166667,0.487981,0.75,0.644231,0.133495,0.25,0.097087,1.0,0.0,0.08596,0.323718,0.229167,0.019231,0.827548,1.769422,0.393574,0.207317,0.383028,0.415755,2.108843,2.999999,0.5,0.081633,5.0,0.190476,2.0,0.204082,0.142857
11514_master,13+,13.8,642.0,149.647059,4.290094,3.499999,5.999999,0.012461,0.065421,0.0,0.0,0.0,0.141745,0.124611,0.017134,0.19704,0.528037,6.0,0.375,0.5,0.423676,0.20405,0.082555,0.242991,0.197115,0.4375,0.269231,0.0,0.0,2.641025,4.0,0.292835,0.577128,1.0,0.68617,0.157754,0.5,0.15508,1.0,0.0,0.070513,0.101246,0.11838,0.045171,1.150284,1.856429,0.33125,0.114241,0.394477,0.332288,2.538461,4.999997,0.5,0.318681,5.0,0.21978,2.0,0.120879,0.021978
11516_master,14,14.5,915.0,144.615385,6.327128,5.232788,8.000004,0.121311,0.017486,0.001093,0.001093,0.001093,0.091803,0.092896,0.014208,0.15929,0.319126,6.0,0.375,0.375,0.333333,0.12459,0.045902,0.180328,0.139394,0.375,0.09697,0.006061,0.0,3.890909,7.000004,0.095082,0.563218,1.0,0.643678,0.223837,0.5,0.348837,0.989011,0.0,0.078788,0.088525,0.087432,0.017486,2.563456,1.572969,0.253583,0.096346,0.312808,0.470348,3.749999,5.999999,0.375,0.190476,4.0,0.02381,1.0,0.154762,0.095238
11517_master,14,14.5,677.0,141.073171,4.798928,3.713441,5.999999,0.029542,0.094535,0.022157,0.007386,0.007386,0.243722,0.097489,0.054653,0.177622,0.818316,6.0,0.375,0.5,0.378139,0.187592,0.075332,0.323486,0.212329,0.5,0.228311,0.004566,0.0,3.196346,5.199998,0.310192,0.745238,1.0,0.904762,0.205742,0.5,0.258373,0.977528,0.0,0.16895,0.079764,0.225997,0.047267,1.015336,1.807491,0.346667,0.123145,0.388476,0.411972,3.315151,5.999999,0.5,0.193939,4.0,0.090909,2.0,0.224242,0.163636
11518_master,13,13.2,561.0,141.0,3.978723,2.773618,4.0,0.00713,0.037433,0.00713,0.01426,0.01426,0.199643,0.15508,0.057041,0.141488,0.796791,7.0,0.25,0.375,0.2959,0.098039,0.02139,0.340463,0.149869,0.25,0.089005,0.0,0.020942,2.471203,2.999999,0.217469,0.57377,1.0,0.680328,0.258264,0.75,0.31405,1.0,0.0,0.167539,0.14082,0.185383,0.02852,0.763378,1.44207,0.348837,0.193548,0.354478,0.351986,2.767856,4.0,0.3625,0.142857,6.0,0.321429,2.0,0.285714,0.25
11521_master,13,13.3,518.0,144.929577,3.57415,2.559845,2.999999,0.027027,0.106178,0.040541,0.040541,0.040541,0.227799,0.164093,0.040541,0.186535,0.839768,6.0,0.375,0.5,0.397683,0.171815,0.081081,0.376448,0.210897,0.5,0.194872,0.020513,0.020513,2.471794,2.999999,0.260618,0.561111,1.0,0.659259,0.220149,0.5,0.276119,0.942529,0.034483,0.107692,0.148649,0.212355,0.040541,0.505676,1.412449,0.292636,0.130097,0.292636,0.298419,2.449151,2.999999,0.5,0.177966,5.0,0.118644,2.0,0.177966,0.059322
11523_expert,13,13.2,571.0,139.066667,4.105944,2.975481,4.0,0.101576,0.021016,0.0,0.008757,0.008757,0.064799,0.171629,0.005254,0.166813,0.236427,6.0,0.375,0.5,0.323993,0.164623,0.075306,0.232925,0.18609,0.5,0.090226,0.0,0.0,2.766917,4.0,0.17338,0.482323,1.0,0.484848,0.130102,0.5,0.112245,0.986842,0.0,0.022556,0.168126,0.061296,0.014011,1.210487,1.160782,0.31283,0.149648,0.322993,0.326007,2.297297,4.0,0.5,0.216216,4.0,0.054054,2.0,0.081081,0.027027
11523_master,14+,14.6,765.0,139.066667,5.500959,4.267973,7.000004,0.040523,0.056209,0.0,0.003922,0.003922,0.264052,0.060131,0.065359,0.188399,0.904575,7.0,0.375,0.5,0.403922,0.215686,0.087582,0.320261,0.215306,0.5,0.17551,0.0,0.0,3.473469,4.0,0.155556,0.680672,1.0,0.815126,0.216102,0.5,0.271186,0.966942,0.0,0.204082,0.056209,0.260131,0.048366,1.842685,1.128223,0.235911,0.111549,0.258595,0.259819,3.549504,4.0,0.5,0.183168,5.0,0.163366,2.0,0.247525,0.193069
11524_master,13+,13.7,523.0,145.333333,3.598624,2.835563,4.0,0.097514,0.068834,0.017208,0.022945,0.022945,0.217973,0.195029,0.043977,0.177103,0.82218,7.0,0.375,0.5,0.361377,0.208413,0.087954,0.407266,0.16784,0.375,0.126761,0.0,0.00939,2.69953,4.0,0.256214,0.516791,1.0,0.597015,0.278195,0.7,0.37594,0.827957,0.032258,0.107981,0.189293,0.212237,0.028681,0.721063,1.475301,0.414587,0.225,0.425963,0.443532,2.798245,4.0,0.375,0.131579,5.0,0.131579,2.0,0.201754,0.157895
11525_master,13+,13.8,613.0,133.894737,4.578223,3.97553,7.000004,0.200653,0.058728,0.008157,0.02447,0.02447,0.199021,0.270799,0.030995,0.14376,0.719413,7.0,0.375,0.425,0.326264,0.154976,0.050571,0.450245,0.153986,0.375,0.130435,0.018116,0.014493,3.699275,7.000004,0.158238,0.502577,0.75,0.639175,0.182292,0.5,0.197917,0.912088,0.0,0.068841,0.251223,0.179445,0.047308,0.929979,1.913851,0.367816,0.158155,0.406593,0.480726,2.663934,4.0,0.375,0.237705,4.9,0.106557,2.0,0.155738,0.07377
11527_master,13+,13.8,384.0,145.882353,2.632258,2.48177,4.0,0.229167,0.065104,0.005208,0.010417,0.010417,0.377604,0.192708,0.125,0.13444,1.414062,6.0,0.375,0.5,0.291667,0.151042,0.072917,0.53125,0.137255,0.375,0.117647,0.004902,0.0,2.230391,4.0,0.190104,0.568493,1.0,0.60274,0.180556,0.5,0.236111,0.739726,0.0,0.235294,0.153646,0.338542,0.0625,1.384358,1.880422,0.513089,0.307087,0.541311,0.549133,2.262068,4.0,0.375,0.165517,5.0,0.241379,2.0,0.331034,0.089655
11528_master,13+,13.9,635.0,129.0,4.922481,3.332283,4.999997,0.096063,0.03622,0.0,0.029921,0.029921,0.176378,0.133858,0.047244,0.18189,0.634646,7.0,0.375,0.5,0.390551,0.177953,0.074016,0.297638,0.200397,0.375,0.121693,0.0,0.010582,2.835978,4.0,0.24252,0.51461,1.0,0.551948,0.271242,0.75,0.379085,0.938144,0.0,0.15873,0.12126,0.16378,0.022047,0.80357,1.434397,0.394945,0.15981,0.428835,0.417362,3.026785,4.0,0.375,0.125,5.0,0.142857,2.0,0.267857,0.232143
11529_master,13+,13.9,657.0,153.0,4.294118,3.840182,7.000004,0.039574,0.097412,0.006088,0.006088,0.006088,0.223744,0.178082,0.035008,0.192542,0.91172,7.0,0.5,0.5,0.365297,0.207002,0.106545,0.39726,0.201628,0.5,0.229885,0.0,0.0,2.961685,4.999997,0.275495,0.574586,1.0,0.640884,0.170833,0.5,0.183333,0.955056,0.044944,0.088123,0.173516,0.219178,0.079148,1.2767,1.6877,0.280916,0.093272,0.324111,0.364835,2.714285,4.0,0.5,0.353741,5.0,0.272109,2.0,0.156463,0.088435
11530_master,14+,14.8,853.0,132.157895,6.454401,5.415006,8.999999,0.066823,0.030481,0.002345,0.010551,0.010551,0.086753,0.121923,0.011723,0.176583,0.303634,5.0,0.375,0.5,0.37163,0.169988,0.065651,0.200469,0.160088,0.375,0.152047,0.011696,0.017544,3.637426,5.999999,0.146542,0.58,1.0,0.776,0.173387,0.5,0.241935,0.968421,0.0,0.05848,0.113716,0.078546,0.012896,1.223685,1.69137,0.277321,0.131765,0.453704,0.596817,3.743242,6.700002,0.375,0.148649,4.7,0.108108,2.0,0.135135,0.121622
11533_master,13+,13.7,723.0,158.297873,4.567339,3.605809,5.999999,0.06639,0.052559,0.0,0.013831,0.013831,0.139696,0.099585,0.027663,0.183264,0.554633,7.0,0.5,0.5,0.374827,0.214385,0.113416,0.232365,0.1875,0.375,0.22619,0.0,0.0,2.964285,4.0,0.345781,0.462,0.75,0.548,0.185743,0.5,0.188755,0.956044,0.0,0.119048,0.092669,0.13278,0.041494,0.847985,1.446999,0.36351,0.171788,0.407767,0.426689,3.099009,4.0,0.375,0.29703,6.0,0.257426,2.0,0.19802,0.148515
11534_master,14,14.0,593.0,151.235294,3.921042,3.254636,4.999997,0.016863,0.126476,0.0,0.0,0.0,0.246206,0.099494,0.05059,0.195405,0.964587,7.0,0.375,0.5,0.472175,0.178752,0.074199,0.332209,0.178299,0.375,0.380711,0.0,0.0,2.639593,4.999997,0.384486,0.622807,1.0,0.789474,0.196035,0.5,0.255507,0.986111,0.0,0.152284,0.086003,0.232715,0.111298,1.264749,1.552422,0.375635,0.161017,0.421712,0.38342,2.705479,4.999997,0.375,0.452055,6.0,0.253425,2.0,0.205479,0.171233
11535_master,13+,13.9,712.0,124.114286,5.736648,4.806179,5.999999,0.02809,0.008427,0.0,0.007022,0.007022,0.110955,0.014045,0.042135,0.215765,0.389045,7.0,0.375,0.5,0.504213,0.304775,0.051966,0.123596,0.210227,0.5,0.068182,0.0,0.0,2.681817,5.999999,0.050562,0.548611,1.0,0.75,0.2,0.5,0.257143,0.923077,0.0,0.340909,0.01264,0.109551,0.005618,1.559207,1.144758,0.160563,0.057828,0.385768,0.163324,2.518987,5.999999,0.4,0.050633,6.0,0.240506,3.0,0.379747,0.367089
11536_master,13+,13.9,678.0,120.004167,5.649804,4.356931,5.999999,0.00885,0.033923,0.011799,0.016224,0.016224,0.174041,0.116519,0.082596,0.188053,0.557522,7.0,0.375,0.375,0.435103,0.179941,0.045723,0.281711,0.181937,0.375,0.099476,0.020942,0.020942,3.623036,4.999997,0.128319,0.672414,1.0,0.908046,0.194767,0.5,0.244186,0.9375,0.0,0.293194,0.10767,0.165192,0.019174,1.210719,1.414914,0.281481,0.135015,0.402469,0.306818,4.118644,5.999999,0.375,0.110169,4.0,0.059322,2.0,0.474576,0.449153
11537_master,14+,14.8,812.0,145.506945,5.58049,4.775862,8.999999,0.10468,0.057882,0.023399,0.020936,0.020936,0.194581,0.176108,0.099754,0.162716,0.794335,6.0,0.375,0.375,0.318966,0.137931,0.049261,0.341133,0.16426,0.375,0.122744,0.021661,0.036101,4.184115,8.000004,0.204433,0.593373,1.0,0.698795,0.254545,0.5,0.321212,0.880952,0.0,0.292419,0.146552,0.165025,0.027094,1.313041,1.654906,0.306202,0.111688,0.398374,0.355856,4.481012,8.999999,0.375,0.139241,6.0,0.227848,2.0,0.512658,0.417722
11538_master,13,13.3,551.0,144.84375,3.804099,2.838475,4.0,0.049002,0.054446,0.00363,0.010889,0.010889,0.30853,0.127042,0.036298,0.147005,1.137931,7.0,0.375,0.5,0.306715,0.130672,0.061706,0.424682,0.165064,0.375,0.119658,0.0,0.0,2.700854,2.999999,0.183303,0.663366,1.0,0.821782,0.1975,0.5,0.21,0.983333,0.0,0.08547,0.116152,0.297641,0.045372,0.645728,1.251553,0.431694,0.19708,0.450867,0.457529,2.729411,3.099999,0.5,0.147059,5.0,0.182353,2.0,0.117647,0.111765
11539_master,13+,13.6,452.0,115.540541,3.912047,2.995574,4.999997,0.10177,0.090708,0.002212,0.015487,0.015487,0.185841,0.24115,0.022124,0.15625,0.727876,6.0,0.375,0.5,0.278761,0.143805,0.053097,0.418142,0.16336,0.375,0.216931,0.005291,0.026455,2.719576,4.0,0.212389,0.583333,1.0,0.697917,0.223684,0.5,0.284211,0.911765,0.0,0.05291,0.232301,0.176991,0.059735,0.745089,1.739291,0.393333,0.146993,0.396635,0.453846,2.642856,4.0,0.375,0.321429,5.0,0.238095,2.0,0.119048,0.119048
11540_master,13,13.5,444.0,120.0,3.7,3.461711,5.999999,0.04955,0.04955,0.0,0.006757,0.006757,0.15991,0.175676,0.038288,0.146959,0.594595,4.0,0.375,0.375,0.213964,0.105856,0.033784,0.324324,0.143229,0.375,0.152778,0.0,0.006944,2.298611,4.0,0.193694,0.531977,1.0,0.569767,0.291176,0.75,0.341176,0.932203,0.0,0.118056,0.164414,0.148649,0.027027,1.005559,1.777291,0.278281,0.165533,0.297082,0.336111,2.549295,4.0,0.375,0.169014,4.0,0.0,1.0,0.239437,0.183099
11541_master,13+,13.6,521.0,138.931035,3.750062,2.783108,4.0,0.051823,0.059501,0.007678,0.013436,0.013436,0.284069,0.161228,0.134357,0.136996,0.890595,5.0,0.25,0.375,0.238004,0.074856,0.03263,0.431862,0.128333,0.25,0.137778,0.017778,0.026667,2.71111,4.0,0.232246,0.555785,1.0,0.727273,0.2125,0.5,0.266667,0.975,0.0,0.311111,0.147793,0.270633,0.046065,1.060705,1.535822,0.360308,0.148649,0.364706,0.370297,2.885134,4.0,0.25,0.162162,4.0,0.033784,2.0,0.472973,0.439189
11542_master,13+,13.8,692.0,144.0,4.805556,3.807803,7.000004,0.049133,0.033237,0.0,0.00289,0.00289,0.121387,0.17052,0.034682,0.15354,0.460983,6.0,0.375,0.375,0.25289,0.118497,0.044798,0.289017,0.15375,0.375,0.115,0.0,0.0,2.789999,4.0,0.232659,0.53882,1.0,0.689441,0.195312,0.5,0.2375,0.975309,0.0,0.12,0.16763,0.118497,0.017341,0.899528,1.738305,0.289855,0.121916,0.309434,0.366795,3.154761,4.999997,0.375,0.142857,5.0,0.154762,2.0,0.285714,0.27381
11543_master,13+,13.7,513.0,128.823529,3.982192,3.175438,4.999997,0.054581,0.048733,0.001949,0.031189,0.033138,0.081871,0.222222,0.013645,0.125,0.323587,7.0,0.25,0.375,0.237817,0.093567,0.017544,0.296296,0.143914,0.375,0.157895,0.0,0.0,2.513157,2.999999,0.202729,0.572115,1.0,0.75,0.162621,0.5,0.194175,0.867925,0.0,0.046053,0.214425,0.074074,0.021442,0.781595,1.70852,0.360078,0.205882,0.358916,0.395699,2.880951,4.0,0.375,0.261905,5.0,0.261905,2.0,0.166667,0.166667
11544_master,14+,14.6,731.0,135.56962,5.392064,4.556771,5.999999,0.088919,0.043776,0.009576,0.010944,0.010944,0.150479,0.067031,0.043776,0.166211,0.593707,7.0,0.375,0.5,0.351573,0.181943,0.068399,0.20383,0.188758,0.375,0.174497,0.006711,0.006711,3.617449,5.999999,0.123119,0.711111,1.0,0.844444,0.168539,0.5,0.179775,0.878788,0.0,0.214765,0.053352,0.136799,0.02736,1.700213,1.802952,0.257888,0.071429,0.358025,0.283912,3.663635,5.999999,0.375,0.181818,5.0,0.318182,2.0,0.290909,0.227273
11545_master,13,13.5,499.0,126.580645,3.942151,2.789578,4.0,0.03006,0.094188,0.0,0.028056,0.028056,0.238477,0.09018,0.036072,0.166333,0.893788,6.0,0.375,0.5,0.346693,0.158317,0.07014,0.328657,0.18064,0.375,0.286585,0.0,0.0,2.658535,4.0,0.348697,0.511494,1.0,0.597701,0.190751,0.5,0.213873,1.0,0.0,0.109756,0.09018,0.238477,0.07014,0.554909,1.443253,0.299799,0.066532,0.277083,0.316348,2.756301,4.999997,0.375,0.294118,6.0,0.134454,2.0,0.151261,0.134454
11546_master,14,14.3,646.0,117.677688,5.489571,4.193497,7.000004,0.02322,0.027864,0.004644,0.02322,0.02322,0.26161,0.109907,0.035604,0.174149,0.965944,7.0,0.375,0.5,0.334365,0.170279,0.077399,0.366873,0.183017,0.375,0.063291,0.0,0.0,3.405062,4.999997,0.095975,0.709677,1.0,0.854839,0.20082,0.5,0.245902,0.884058,0.0,0.097046,0.105263,0.256966,0.018576,1.285809,1.682847,0.356808,0.199372,0.451965,0.429379,3.585798,4.999997,0.5,0.071006,5.0,0.171598,2.0,0.136095,0.118343
11547_master,13+,13.8,662.0,128.210526,5.163383,4.347432,7.000004,0.090634,0.081571,0.010574,0.024169,0.024169,0.125378,0.179758,0.018127,0.163331,0.441088,10.0,0.375,0.5,0.359517,0.145015,0.066465,0.291541,0.17487,0.375,0.253886,0.010363,0.015544,3.398963,4.999997,0.241692,0.560937,1.0,0.7,0.166667,0.5,0.201258,0.922078,0.012987,0.062176,0.166163,0.111782,0.037764,1.349904,1.367354,0.289394,0.109256,0.330454,0.391213,3.710843,5.999999,0.375,0.301205,5.0,0.13253,1.9,0.144578,0.144578
11548_master,14+,14.6,734.0,133.759811,5.487448,3.995912,5.999999,0.057221,0.094005,0.004087,0.004087,0.004087,0.168937,0.137602,0.050409,0.174898,0.587193,6.0,0.375,0.5,0.337875,0.145777,0.080381,0.290191,0.187793,0.475,0.323944,0.014085,0.004695,3.765258,5.999999,0.257493,0.556878,1.0,0.68254,0.269947,0.5,0.356383,0.966667,0.0,0.173709,0.121253,0.152589,0.06267,1.385993,1.738211,0.349727,0.124487,0.367568,0.4032,3.556451,4.999997,0.5,0.370968,4.0,0.08871,2.0,0.298387,0.185484
11549_master,14,14.3,895.0,144.0,6.215278,4.967597,8.000004,0.071508,0.039106,0.002235,0.012291,0.012291,0.090503,0.150838,0.026816,0.176955,0.32514,5.0,0.375,0.5,0.401117,0.151955,0.052514,0.240223,0.181395,0.375,0.15814,0.004651,0.013953,3.986046,5.999999,0.196648,0.569602,1.0,0.704545,0.238571,0.5,0.348571,0.945205,0.0,0.111628,0.149721,0.089385,0.015642,1.664226,1.497125,0.260722,0.084842,0.343458,0.311741,4.061728,5.999999,0.375,0.17284,5.0,0.234568,2.0,0.296296,0.296296
11550_master,14,14.4,640.0,140.714286,4.548223,4.181249,8.000004,0.067187,0.0625,0.0,0.029687,0.029687,0.184375,0.221875,0.032813,0.160938,0.70625,7.0,0.3875,0.5,0.332813,0.195312,0.1,0.390625,0.1675,0.375,0.16,0.0,0.012,3.443999,4.999997,0.273438,0.73,1.0,0.862857,0.16092,0.5,0.206897,0.911504,0.0,0.084,0.20625,0.16875,0.032813,1.267494,1.555068,0.27451,0.141215,0.364679,0.309392,3.627118,4.999997,0.5,0.177966,5.0,0.254237,2.0,0.177966,0.161017
11552_master,13,13.3,508.0,145.16129,3.499556,2.881889,4.0,0.076772,0.061024,0.011811,0.049213,0.049213,0.240157,0.149606,0.017717,0.137795,0.854331,6.0,0.375,0.5,0.28937,0.120079,0.064961,0.379921,0.146373,0.375,0.145078,0.015544,0.041451,2.341968,2.999999,0.425197,0.548611,1.0,0.699074,0.155814,0.5,0.204651,0.942857,0.009524,0.046632,0.139764,0.230315,0.037402,0.718698,1.422158,0.423625,0.224949,0.434498,0.428866,2.368851,2.999999,0.375,0.155738,4.0,0.07377,2.0,0.07377,0.07377
11553_master,13+,13.8,563.0,141.4,3.981612,3.225576,4.999997,0.040853,0.08881,0.024867,0.021314,0.021314,0.152753,0.184725,0.047957,0.161412,0.509769,6.0,0.375,0.5,0.310835,0.150977,0.0746,0.31794,0.143156,0.375,0.234637,0.03352,0.01676,2.731843,4.0,0.34103,0.561198,1.0,0.692708,0.192408,0.5,0.230366,0.811881,0.009901,0.150838,0.165187,0.133215,0.062167,1.062382,1.628878,0.392157,0.167857,0.414683,0.422265,2.523255,2.999999,0.375,0.406977,5.0,0.151163,2.0,0.313953,0.267442
11554_expert,13,13.0,522.0,135.075376,3.864509,3.402298,4.999997,0.049808,0.022989,0.0,0.007663,0.007663,0.078544,0.185824,0.003831,0.167385,0.291188,6.0,0.375,0.5,0.375479,0.162835,0.086207,0.264368,0.182971,0.4125,0.086957,0.0,0.021739,2.753622,4.0,0.346743,0.453039,0.75,0.59116,0.145833,0.5,0.161111,0.952381,0.0,0.014493,0.185824,0.078544,0.01341,1.415192,1.587221,0.321154,0.175337,0.334052,0.364629,3.219512,4.0,0.375,0.170732,4.0,0.073171,2.0,0.04878,0.0
11554_master,14+,14.7,715.0,135.075376,5.293341,4.653147,7.000004,0.022378,0.054545,0.020979,0.020979,0.020979,0.158042,0.13986,0.046154,0.190909,0.613986,6.0,0.375,0.5,0.395804,0.198601,0.092308,0.285315,0.177696,0.375,0.171569,0.053922,0.034314,3.671568,5.999999,0.213986,0.506536,1.0,0.614379,0.202303,0.5,0.25,0.9,0.057143,0.161765,0.127273,0.145455,0.026573,1.719518,1.70679,0.268741,0.118065,0.345154,0.427896,3.840707,5.999999,0.375,0.168142,5.0,0.292035,2.0,0.292035,0.159292
11555_master,13,13.4,475.0,113.142857,4.198232,3.635789,7.000004,0.082105,0.061053,0.002105,0.014737,0.014737,0.117895,0.189474,0.025263,0.15,0.431579,6.0,0.25,0.375,0.301053,0.098947,0.048421,0.28,0.12782,0.25,0.210526,0.0,0.0,3.24812,5.999999,0.227368,0.486111,0.75,0.601852,0.224299,0.5,0.280374,0.754098,0.016393,0.090226,0.162105,0.090526,0.046316,1.148965,1.738062,0.289641,0.112288,0.350543,0.350649,2.624999,4.0,0.25,0.392857,5.0,0.178571,2.0,0.214286,0.178571
11556_master,13+,13.8,647.0,141.712707,4.565575,4.251931,7.000004,0.069552,0.049459,0.004637,0.020093,0.020093,0.140649,0.153014,0.037094,0.164799,0.468315,6.0,0.375,0.5,0.323029,0.134467,0.060278,0.285935,0.156757,0.375,0.167568,0.010811,0.032432,2.967567,4.0,0.228748,0.619932,1.0,0.743243,0.207483,0.5,0.22449,0.957746,0.0,0.12973,0.145286,0.132921,0.029366,1.114689,1.805304,0.341195,0.183544,0.378619,0.367174,3.43956,4.999997,0.375,0.208791,5.0,0.10989,1.1,0.263736,0.153846
11557_master,13,13.0,387.0,109.538462,3.533006,2.421188,4.0,0.018088,0.046512,0.0,0.002584,0.002584,0.165375,0.134367,0.041344,0.186693,0.583979,7.0,0.5,0.5,0.372093,0.180879,0.121447,0.294574,0.195175,0.5,0.157895,0.0,0.0,2.333333,4.0,0.284238,0.415909,0.75,0.445455,0.172018,0.5,0.211009,0.946429,0.0,0.140351,0.129199,0.160207,0.02584,0.7652,1.627248,0.490909,0.325521,0.493473,0.485095,2.687499,4.0,0.5,0.15625,4.7,0.109375,2.0,0.25,0.234375
11558_remaster,13,13.3,417.0,104.366197,3.995547,3.119903,4.999997,0.007194,0.071942,0.0,0.004796,0.004796,0.179856,0.184652,0.081535,0.180755,0.657074,6.0,0.375,0.5,0.429257,0.134293,0.055156,0.354916,0.203547,0.375,0.202703,0.0,0.0,2.722972,4.0,0.218225,0.634615,1.0,0.89011,0.183333,0.5,0.244444,0.968254,0.0,0.22973,0.17506,0.170264,0.052758,1.127972,1.316409,0.26506,0.108696,0.294906,0.26506,2.959999,4.999997,0.5,0.293333,5.0,0.146667,1.7,0.453333,0.4
11559_master,13,13.5,408.0,127.6,3.197492,2.57843,4.0,0.078431,0.071078,0.0,0.02451,0.02451,0.230392,0.267157,0.036765,0.160846,0.889706,6.0,0.375,0.5,0.301471,0.164216,0.07598,0.490196,0.178125,0.375,0.145,0.0,0.045,2.504999,4.0,0.269608,0.595455,1.0,0.727273,0.181193,0.5,0.220183,0.963415,0.0,0.075,0.259804,0.223039,0.056373,0.79981,1.392165,0.46798,0.22716,0.470297,0.46798,2.595744,4.0,0.5,0.244681,5.0,0.12766,1.0,0.159574,0.159574
11560_master,13,13.2,447.0,121.153846,3.689524,3.172259,4.999997,0.013423,0.033557,0.006711,0.004474,0.004474,0.268456,0.116331,0.053691,0.185123,1.089485,7.0,0.375,0.5,0.375839,0.192394,0.089485,0.364653,0.18865,0.375,0.079755,0.006135,0.0,2.282208,2.999999,0.279642,0.416,0.75,0.48,0.16129,0.5,0.120968,0.984848,0.0,0.147239,0.096197,0.248322,0.026846,0.885691,1.769025,0.408989,0.247748,0.44,0.453865,2.349999,2.999999,0.3875,0.1,6.0,0.266667,2.0,0.2,0.2
11561_remaster,13+,13.7,637.0,145.423729,4.380303,2.786498,4.0,0.032967,0.062794,0.007849,0.015699,0.015699,0.204082,0.094192,0.032967,0.184458,0.714286,7.0,0.375,0.5,0.390895,0.171115,0.083203,0.298273,0.172368,0.375,0.194737,0.010526,0.026316,2.326315,2.999999,0.302983,0.51943,1.0,0.611399,0.222656,0.5,0.3125,0.977011,0.011494,0.110526,0.094192,0.204082,0.051805,0.561524,1.247659,0.286614,0.104101,0.301347,0.28752,2.43846,2.999999,0.375,0.253846,5.0,0.130769,2.0,0.161538,0.153846
11562_remaster,13,13.5,542.0,136.818181,3.961462,3.108855,4.999997,0.04059,0.068266,0.001845,0.01107,0.01845,0.226937,0.171587,0.055351,0.151061,0.830258,7.0,0.375,0.5,0.260148,0.123616,0.075646,0.392989,0.146714,0.25,0.173709,0.004695,0.023474,2.798121,4.0,0.182657,0.530303,1.0,0.727273,0.214286,0.5,0.234694,0.898305,0.0,0.140845,0.166052,0.221402,0.046125,0.874737,1.175195,0.372222,0.250464,0.313765,0.372222,2.764227,3.8,0.375,0.203252,5.0,0.227642,2.0,0.243902,0.235772
11564_master,13+,13.7,580.0,135.111111,4.292763,3.015516,4.0,0.093103,0.034483,0.005172,0.027586,0.027586,0.110345,0.096552,0.008621,0.17931,0.377586,6.0,0.375,0.5,0.398276,0.155172,0.062069,0.205172,0.182773,0.375,0.168067,0.02521,0.0,2.890755,3.199999,0.301724,0.468571,0.75,0.56,0.183908,0.5,0.218391,0.891892,0.0,0.042017,0.094828,0.108621,0.022414,0.59268,1.071293,0.254325,0.095321,0.261181,0.257443,2.999999,3.7,0.375,0.203125,4.0,0.0625,2.0,0.078125,0.078125
11566_master,13+,13.8,532.0,127.2,4.18239,3.590225,7.000004,0.056391,0.131579,0.015038,0.026316,0.026316,0.257519,0.116541,0.00188,0.15625,0.917293,6.0,0.375,0.5,0.295113,0.161654,0.075188,0.343985,0.164617,0.475,0.338798,0.0,0.010929,2.715846,4.0,0.261278,0.589928,1.0,0.769784,0.168478,0.5,0.173913,0.905405,0.0,0.005464,0.086466,0.227444,0.101504,1.182325,1.49467,0.313208,0.10586,0.362812,0.384977,2.540145,4.0,0.5,0.394161,5.0,0.175182,2.0,0.007299,0.0
11567_master,13,13.2,485.0,142.780749,3.396816,2.750515,4.0,0.016495,0.041237,0.008247,0.0,0.0,0.251546,0.061856,0.03299,0.160567,0.995876,7.0,0.375,0.5,0.309278,0.160825,0.076289,0.31134,0.178808,0.375,0.10596,0.0,0.0,2.602648,4.0,0.268041,0.461538,1.0,0.492308,0.147287,0.5,0.186047,0.977273,0.0,0.10596,0.059794,0.249485,0.030928,0.689972,1.515134,0.39501,0.181628,0.409091,0.39666,2.69672,4.0,0.375,0.122951,6.0,0.196721,2.0,0.131148,0.122951
11568_master,13,13.5,537.0,157.113982,3.417901,3.28864,5.999999,0.007449,0.098696,0.001862,0.003724,0.003724,0.214153,0.145251,0.027933,0.165736,0.823091,7.0,0.375,0.375,0.357542,0.124767,0.040968,0.353818,0.126974,0.25,0.273684,0.0,0.005263,2.28421,2.999999,0.281192,0.470199,0.75,0.576159,0.155,0.5,0.206667,0.984127,0.0,0.078947,0.139665,0.208566,0.09311,1.275494,1.697634,0.238274,0.07533,0.277136,0.25813,2.539129,2.999999,0.325,0.434783,5.0,0.243478,2.0,0.130435,0.069565
11570_master,13,13.0,363.0,93.422819,3.88556,2.639117,2.999999,0.008264,0.060606,0.0,0.002755,0.002755,0.236915,0.22314,0.024793,0.164256,0.84022,5.0,0.375,0.375,0.38843,0.132231,0.046832,0.424242,0.19237,0.375,0.142857,0.0,0.0,2.525973,2.999999,0.236915,0.715116,1.0,0.895349,0.232353,0.5,0.282353,0.967213,0.0,0.058442,0.187328,0.201102,0.041322,0.49788,1.13701,0.365651,0.163889,0.365651,0.365651,2.546511,2.999999,0.375,0.174419,5.0,0.139535,2.0,0.104651,0.093023
11571_master,13,13.2,433.0,96.666667,4.47931,3.401847,5.999999,0.006928,0.027714,0.0,0.002309,0.002309,0.274827,0.053118,0.103926,0.189954,1.083141,7.0,0.5,0.5,0.424942,0.226328,0.103926,0.325635,0.214539,0.5,0.085106,0.0,0.0,2.97163,4.999997,0.26097,0.544248,1.0,0.59292,0.207589,0.5,0.276786,0.984615,0.0,0.319149,0.050808,0.272517,0.013857,0.68772,1.259397,0.350348,0.181395,0.374269,0.350348,3.12605,4.999997,0.5,0.05042,5.0,0.201681,1.3,0.378151,0.294118
11573_master,13+,13.8,598.0,133.003472,4.496123,3.376253,4.999997,0.033445,0.033445,0.005017,0.013378,0.013378,0.214047,0.107023,0.051839,0.174122,0.730769,6.0,0.375,0.5,0.376254,0.172241,0.053512,0.319398,0.188482,0.375,0.104712,0.015707,0.031414,3.256544,4.999997,0.222408,0.610902,1.0,0.75188,0.214015,0.5,0.287879,0.931034,0.0,0.162304,0.105351,0.212375,0.023411,1.199484,1.282538,0.317647,0.112795,0.317829,0.324185,3.570312,4.999997,0.375,0.109375,5.0,0.148438,2.0,0.242188,0.203125
11574_master,13,13.0,493.0,127.96875,3.852503,3.121703,4.999997,0.022312,0.068966,0.0,0.002028,0.002028,0.182556,0.148073,0.03854,0.183316,0.608519,6.0,0.375,0.5,0.438134,0.154158,0.058824,0.318458,0.196656,0.375,0.216561,0.0,0.0,3.050954,4.999997,0.251521,0.528226,1.0,0.629032,0.193089,0.5,0.292683,0.978947,0.0,0.121019,0.135903,0.170385,0.044625,0.823663,1.28551,0.407332,0.163265,0.441441,0.419287,3.022221,4.999997,0.375,0.244444,5.0,0.133333,1.2,0.211111,0.155556
11575_master,14,14.0,879.0,148.5,5.919192,4.558589,7.000004,0.012514,0.03413,0.0,0.0,0.0,0.098976,0.100114,0.015927,0.225114,0.400455,7.0,0.5,0.5,0.463026,0.333333,0.159272,0.191126,0.127976,0.25,0.178571,0.0,0.0,3.839285,4.999997,0.245734,0.577546,1.0,0.592593,0.169767,0.5,0.190698,0.982759,0.0,0.083333,0.09215,0.091013,0.03413,1.183126,1.239866,0.215507,0.062785,0.254717,0.221311,3.896551,5.999999,0.375,0.344828,5.0,0.137931,1.0,0.16092,0.137931
11576_master,14,14.2,748.0,153.661972,4.867828,3.562834,4.999997,0.037433,0.072193,0.0,0.005348,0.005348,0.152406,0.140374,0.006684,0.181651,0.528075,5.0,0.375,0.5,0.40107,0.168449,0.092246,0.291444,0.202982,0.375,0.247706,0.0,0.0,3.06422,4.0,0.350267,0.583015,1.0,0.683206,0.220307,0.5,0.295019,0.97561,0.0,0.022936,0.139037,0.15107,0.044118,0.837192,1.408362,0.324397,0.097987,0.32967,0.356612,3.403508,4.0,0.375,0.289474,4.0,0.052632,2.0,0.04386,0.035088
11578_master,14,14.4,746.0,121.930693,6.11823,4.427613,7.000004,0.033512,0.037534,0.0,0.00134,0.00134,0.136729,0.198391,0.024129,0.165885,0.532172,7.0,0.375,0.5,0.312332,0.143432,0.052279,0.323056,0.149896,0.375,0.116183,0.0,0.004149,3.464729,4.999997,0.171582,0.621094,1.0,0.726562,0.185039,0.5,0.181102,0.987654,0.0,0.074689,0.186327,0.124665,0.016086,1.106091,1.617905,0.450269,0.257066,0.52349,0.588342,3.480391,4.0,0.5,0.117647,5.0,0.166667,2.0,0.176471,0.166667
11583_master,13,13.4,492.0,118.430232,4.154345,3.430893,5.999999,0.044715,0.075203,0.0,0.012195,0.012195,0.142276,0.138211,0.014228,0.18064,0.518293,7.0,0.375,0.375,0.428862,0.111789,0.04878,0.268293,0.186553,0.375,0.280303,0.0,0.030303,2.765151,5.999999,0.341463,0.607143,1.0,0.708333,0.230539,0.5,0.353293,0.913043,0.0,0.05303,0.126016,0.130081,0.056911,1.139866,1.606331,0.259184,0.083845,0.294944,0.262397,2.314285,2.999999,0.375,0.4,5.0,0.157143,2.0,0.1,0.085714
11584_master,13+,13.6,641.0,146.82353,4.365785,3.252729,4.999997,0.098284,0.042122,0.0,0.0078,0.0078,0.141966,0.193448,0.023401,0.163222,0.513261,5.0,0.375,0.5,0.340094,0.165367,0.057722,0.326053,0.133373,0.375,0.129187,0.0,0.0,2.60287,4.999997,0.223089,0.582168,1.0,0.699301,0.237676,0.5,0.295775,0.879518,0.0,0.07177,0.184087,0.132605,0.028081,0.958019,1.439883,0.476415,0.200315,0.539583,0.476415,2.637362,4.0,0.375,0.197802,5.0,0.142857,2.0,0.164835,0.164835
11585_master,13,13.5,424.0,134.265734,3.157917,2.846697,4.0,0.063679,0.132075,0.004717,0.002358,0.002358,0.198113,0.252358,0.058962,0.175708,0.908019,7.0,0.375,0.375,0.400943,0.179245,0.037736,0.426887,0.194751,0.375,0.298343,0.0,0.0,2.436463,4.0,0.28066,0.567227,1.0,0.672269,0.220339,0.5,0.271186,0.966102,0.0,0.138122,0.228774,0.174528,0.101415,1.180072,1.956273,0.402844,0.220903,0.401535,0.416452,2.297618,2.999999,0.375,0.511905,6.0,0.416667,1.0,0.297619,0.25
11586_master,13,13.3,417.0,127.542857,3.269489,2.299759,2.999999,0.016787,0.143885,0.0,0.002398,0.002398,0.254197,0.134293,0.023981,0.209233,0.930456,6.0,0.5,0.5,0.498801,0.215827,0.11271,0.383693,0.235937,0.5,0.375,0.0,0.0,2.206249,2.999999,0.477218,0.574121,1.0,0.633166,0.282828,0.75,0.39899,0.977011,0.0,0.0625,0.129496,0.2494,0.093525,0.946897,1.374324,0.412776,0.185185,0.425316,0.412776,2.377357,2.999999,0.5,0.367925,5.0,0.113208,2.0,0.09434,0.084906
11587_master,13+,13.7,660.0,138.514285,4.764852,3.781817,5.999999,0.098485,0.04697,0.00303,0.004545,0.004545,0.180303,0.221212,0.010606,0.180114,0.633333,6.0,0.375,0.5,0.383333,0.213636,0.084848,0.369697,0.151639,0.375,0.122951,0.004098,0.0,2.84836,4.999997,0.15303,0.420792,0.75,0.475248,0.16,0.5,0.15,0.972603,0.0,0.028689,0.189394,0.148485,0.028788,1.242112,1.545078,0.205167,0.077626,0.223092,0.22351,3.050419,4.999997,0.375,0.159664,5.0,0.151261,2.0,0.058824,0.042017
11588_master,13+,13.8,665.0,142.285714,4.673695,3.407518,4.999997,0.015038,0.030075,0.006015,0.021053,0.021053,0.132331,0.096241,0.039098,0.167481,0.466165,6.0,0.375,0.375,0.374436,0.156391,0.046617,0.227068,0.158113,0.375,0.10596,0.0,0.05298,3.350992,5.999999,0.196992,0.612595,1.0,0.877863,0.211538,0.5,0.284615,0.985915,0.0,0.172185,0.094737,0.130827,0.006015,0.912299,1.297612,0.250377,0.046828,0.272251,0.256173,4.215908,7.199998,0.375,0.045455,4.0,0.090909,2.0,0.295455,0.284091
11589_master,13,13.2,476.0,147.0,3.238095,2.821428,4.0,0.02521,0.065126,0.002101,0.008403,0.016807,0.197479,0.193277,0.052521,0.170956,0.80042,6.0,0.375,0.5,0.380252,0.147059,0.056723,0.355042,0.186391,0.375,0.177515,0.0,0.023669,2.420117,2.999999,0.180672,0.56686,1.0,0.697674,0.197059,0.5,0.235294,0.935484,0.0,0.147929,0.157563,0.161765,0.027311,0.729745,1.335786,0.50211,0.289641,0.508547,0.50211,2.425531,2.999999,0.375,0.138298,6.0,0.276596,2.0,0.265957,0.202128
11590_master,13+,13.8,525.0,141.666666,3.705882,3.47238,5.999999,0.095238,0.038095,0.013333,0.011429,0.013333,0.228571,0.140952,0.026667,0.167857,0.860952,7.0,0.375,0.5,0.384762,0.190476,0.066667,0.369524,0.179768,0.375,0.082474,0.015464,0.010309,2.726803,4.0,0.217143,0.535088,1.0,0.587719,0.188053,0.5,0.300885,0.969072,0.0,0.072165,0.140952,0.228571,0.019048,1.96879,1.781018,0.338432,0.149425,0.371638,0.355422,2.533332,4.0,0.3875,0.083333,5.0,0.183333,2.0,0.116667,0.083333
11591_master,14,14.0,611.0,121.5,5.028807,3.991816,5.999999,0.032733,0.032733,0.0,0.018003,0.018003,0.158756,0.047463,0.047463,0.197422,0.538462,8.0,0.375,0.5,0.450082,0.209493,0.076923,0.201309,0.194106,0.375,0.162602,0.0,0.0,3.723576,5.999999,0.286416,0.585714,1.0,0.68,0.28592,0.75,0.413793,0.935484,0.0,0.235772,0.042553,0.153846,0.02455,1.340891,1.410972,0.339901,0.159539,0.419865,0.354452,3.865979,5.999999,0.425,0.154639,4.4,0.103093,1.0,0.298969,0.268041
11593_master,13,13.2,403.0,133.578947,3.016942,2.816376,4.0,0.019851,0.101737,0.004963,0.019851,0.019851,0.310174,0.168734,0.037221,0.174938,1.099256,5.0,0.375,0.5,0.377171,0.186104,0.076923,0.456576,0.153533,0.375,0.217391,0.005435,0.032609,2.429347,4.0,0.315136,0.564961,1.0,0.724409,0.200397,0.5,0.206349,0.974026,0.012987,0.081522,0.146402,0.287841,0.079404,1.209292,1.300766,0.371571,0.165,0.371353,0.388021,2.567999,4.0,0.375,0.256,5.0,0.112,2.0,0.12,0.08
11594_master,14,14.2,643.0,138.9,4.62923,4.021772,5.999999,0.083981,0.097978,0.020218,0.009331,0.009331,0.192846,0.241058,0.027994,0.173212,0.631415,5.0,0.375,0.5,0.377916,0.180404,0.091757,0.421462,0.183579,0.375,0.191882,0.00738,0.00369,2.918818,4.0,0.255054,0.606707,1.0,0.77439,0.240798,0.5,0.319018,0.985507,0.014493,0.066421,0.228616,0.180404,0.057543,1.640174,1.551091,0.280811,0.134375,0.283203,0.31793,3.370967,4.999997,0.5,0.298387,4.0,0.08871,2.0,0.145161,0.120968
11596_master,14,14.0,596.0,118.5,5.029536,4.095637,5.999999,0.07047,0.030201,0.0,0.011745,0.011745,0.124161,0.10906,0.058725,0.165478,0.436242,5.0,0.375,0.375,0.33557,0.10906,0.04698,0.231544,0.134964,0.25,0.130435,0.0,0.014493,3.260869,6.3,0.192953,0.567391,1.0,0.765217,0.223684,0.5,0.280702,0.95,0.0,0.253623,0.107383,0.122483,0.020134,2.462442,1.791603,0.420339,0.241497,0.480392,0.457565,2.797297,4.699998,0.25,0.162162,5.0,0.216216,1.0,0.472973,0.27027
11597_master,13,13.1,423.0,124.054054,3.409804,3.229314,4.999997,0.035461,0.002364,0.0,0.0,0.0,0.120567,0.995272,0.023641,0.202719,0.479905,5.0,0.375,0.5,0.513002,0.231678,0.073286,1.0,0.202719,0.375,0.002364,0.0,0.0,3.229314,4.999997,0.002364,0.25,0.25,0.0,0.0,0.0,0.0,0.0,0.0,0.023641,0.879433,0.004728,0.002364,1.414359,1.483273,0.472684,0.319048,0.525066,0.472684,1.862744,1.999999,0.5,0.019608,5.0,0.313725,2.0,0.196078,0.0
11598_master,13,13.2,603.0,145.358108,4.148375,3.230513,4.0,0.049751,0.05141,0.0,0.0199,0.0199,0.135987,0.114428,0.004975,0.173093,0.509121,6.0,0.475,0.5,0.373134,0.169154,0.101161,0.247098,0.166946,0.375,0.208054,0.0,0.006711,2.85906,4.0,0.399668,0.557054,1.0,0.655602,0.158333,0.5,0.2375,0.92233,0.0,0.020134,0.111111,0.13267,0.016584,0.913187,1.237002,0.329431,0.132328,0.347273,0.329431,2.987804,4.0,0.5,0.121951,5.0,0.182927,2.0,0.036585,0.036585
115_master,13+,13.8,656.0,120.974025,5.422652,3.835365,4.999997,0.0,0.0,0.0,0.0,0.0,0.051829,0.016768,0.003049,0.233232,0.181402,4.0,0.5,0.5,0.542683,0.268293,0.11128,0.067073,0.198864,0.375,0.0,0.0,0.0,3.045454,4.0,0.13872,0.554945,1.0,0.571429,0.172222,0.5,0.266667,1.0,0.0,0.045455,0.015244,0.050305,0.0,0.977935,1.146451,0.392966,0.136294,0.466797,0.392966,2.970587,4.0,0.375,0.0,4.0,0.0,1.0,0.058824,0.0
115_remaster,13+,13.8,671.0,121.363636,5.528839,3.867361,5.999999,0.0,0.055142,0.0,0.0,0.0,0.138599,0.081967,0.044709,0.199702,0.57079,6.0,0.5,0.5,0.409836,0.219076,0.113264,0.217586,0.22089,0.5,0.253425,0.0,0.0,3.08904,4.499999,0.23696,0.476415,0.75,0.685535,0.113924,0.5,0.139241,1.0,0.0,0.205479,0.078987,0.135618,0.037258,0.79869,1.055994,0.331839,0.112275,0.393701,0.335855,3.516128,4.999997,0.5,0.268817,6.0,0.311828,1.0,0.322581,0.258065
11600_master,13,13.1,483.0,117.771429,4.101164,2.749481,4.0,0.05176,0.028986,0.00207,0.035197,0.035197,0.167702,0.146998,0.020704,0.16382,0.63354,6.0,0.375,0.5,0.351967,0.153209,0.086957,0.308489,0.176174,0.375,0.087248,0.0,0.006711,2.523489,2.999999,0.229814,0.68018,1.0,0.801802,0.177273,0.75,0.2,0.957143,0.014286,0.067114,0.140787,0.161491,0.018634,0.975595,1.226056,0.340336,0.099156,0.351648,0.340336,2.691357,2.999999,0.5,0.111111,5.0,0.17284,2.0,0.123457,0.123457
11601_master,13,13.2,325.0,114.521739,2.837889,1.926153,2.999999,0.0,0.184615,0.036923,0.033846,0.033846,0.36,0.110769,0.009231,0.157308,1.273846,7.0,0.375,0.375,0.326154,0.150769,0.043077,0.467692,0.160362,0.3625,0.388158,0.072368,0.065789,1.756578,2.999999,0.4,0.530769,1.0,0.707692,0.129845,0.5,0.131783,1.0,0.0,0.019737,0.107692,0.356923,0.156923,0.652415,1.263367,0.408669,0.201863,0.408669,0.408669,1.726495,2.999999,0.25,0.435897,5.0,0.162393,2.0,0.025641,0.025641
11604_master,13+,13.7,624.0,131.368422,4.75,3.560897,4.0,0.008013,0.028846,0.0,0.004808,0.004808,0.203526,0.094551,0.011218,0.131811,0.713141,5.0,0.25,0.375,0.209936,0.088141,0.033654,0.296474,0.160135,0.25,0.097297,0.0,0.010811,3.383783,4.0,0.19391,0.444215,0.75,0.578512,0.145833,0.5,0.183333,0.992308,0.0,0.037838,0.092949,0.201923,0.019231,0.736918,1.012667,0.257235,0.090177,0.262712,0.269492,3.763779,4.999997,0.375,0.094488,4.0,0.062992,2.0,0.055118,0.047244
11605_master,13,13.3,593.0,139.574468,4.248628,2.920741,4.0,0.045531,0.062395,0.0,0.003373,0.003373,0.161889,0.143339,0.040472,0.138912,0.583474,6.0,0.375,0.5,0.286678,0.123103,0.052277,0.298482,0.154661,0.5,0.20904,0.0,0.00565,2.966101,4.0,0.22597,0.55597,1.0,0.791045,0.131579,0.5,0.157895,0.965517,0.0,0.135593,0.136594,0.155143,0.042159,0.805585,1.167195,0.380711,0.150847,0.380711,0.380711,2.906249,4.0,0.5,0.260417,5.0,0.1875,2.0,0.25,0.177083
11607_master,13+,13.7,588.0,142.4,4.129213,3.030611,4.0,0.028912,0.045918,0.0,0.003401,0.003401,0.154762,0.161565,0.02551,0.184099,0.612245,6.0,0.375,0.5,0.426871,0.171769,0.068027,0.307823,0.203039,0.375,0.149171,0.0,0.0,2.524861,4.0,0.244898,0.527778,1.0,0.618056,0.25,0.5,0.335664,1.0,0.0,0.082873,0.153061,0.146259,0.02551,0.735172,1.63333,0.283217,0.085965,0.297753,0.286726,2.76923,4.0,0.375,0.164835,5.0,0.307692,2.0,0.164835,0.120879
11608_master,13,13.4,526.0,130.8,4.021407,3.237642,4.999997,0.001901,0.043726,0.0,0.001901,0.001901,0.180608,0.127376,0.058935,0.179895,0.593156,5.0,0.375,0.375,0.410646,0.144487,0.047529,0.302281,0.167453,0.275,0.144654,0.0,0.006289,2.823898,4.0,0.19962,0.669048,1.0,0.866667,0.211538,0.5,0.288462,1.0,0.0,0.194969,0.121673,0.174905,0.028517,1.112585,1.51784,0.429389,0.179732,0.46087,0.429389,2.96842,4.0,0.25,0.157895,4.0,0.084211,2.0,0.326316,0.294737
11609_master,13,13.2,507.0,145.919118,3.474528,2.767257,4.0,0.051282,0.053254,0.0,0.013807,0.013807,0.203156,0.088757,0.035503,0.179487,0.739645,6.0,0.375,0.5,0.376726,0.140039,0.071006,0.285996,0.218103,0.5,0.186207,0.0,0.0,2.551723,2.999999,0.333333,0.565089,1.0,0.704142,0.21131,0.5,0.25,1.0,0.0,0.124138,0.08284,0.197239,0.04142,0.930039,1.590618,0.413861,0.194444,0.433684,0.435417,2.679611,3.8,0.5,0.203883,4.0,0.067961,2.0,0.174757,0.165049
11610_master,14,14.0,549.0,123.940678,4.429538,3.351548,5.999999,0.080146,0.060109,0.030965,0.020036,0.020036,0.202186,0.180328,0.071038,0.17031,0.717668,6.0,0.375,0.5,0.338798,0.1949,0.092896,0.371585,0.189338,0.5,0.093137,0.014706,0.014706,2.794117,4.999997,0.193078,0.561321,1.0,0.726415,0.195238,0.5,0.238095,0.915663,0.0,0.191176,0.169399,0.191257,0.025501,1.28553,1.66738,0.303473,0.115385,0.336303,0.352442,2.729729,4.0,0.5,0.126126,5.0,0.189189,2.0,0.351351,0.288288
11611_master,14,14.3,627.0,129.473685,4.842683,3.928229,5.999999,0.076555,0.063796,0.017544,0.004785,0.004785,0.172249,0.118022,0.059011,0.152512,0.625199,5.0,0.375,0.375,0.346093,0.127592,0.031898,0.287081,0.164583,0.375,0.205556,0.044444,0.005556,3.299999,5.999999,0.226475,0.524648,1.0,0.669014,0.120567,0.5,0.134752,0.9375,0.0,0.205556,0.114833,0.169059,0.031898,0.945559,1.97459,0.569805,0.406504,0.485714,0.617438,3.833332,5.999999,0.375,0.185185,4.0,0.055556,1.0,0.342593,0.296296
11612_master,14+,14.9,932.0,157.621268,5.912908,4.935623,8.000004,0.012876,0.082618,0.019313,0.023605,0.023605,0.160944,0.083691,0.038627,0.18294,0.560086,5.0,0.375,0.5,0.402361,0.175966,0.07618,0.241416,0.158333,0.375,0.266667,0.004444,0.017778,4.342222,7.000004,0.257511,0.694792,1.0,0.854167,0.211297,0.5,0.322176,0.971429,0.009524,0.16,0.080472,0.157725,0.042918,1.644477,1.647289,0.303825,0.131579,0.375458,0.482569,3.973333,7.000004,0.375,0.266667,4.1,0.1,2.0,0.24,0.14
11613_master,13,13.5,584.0,150.902255,3.870055,3.054794,4.0,0.001712,0.083904,0.023973,0.005137,0.005137,0.190068,0.109589,0.054795,0.182577,0.72774,7.0,0.375,0.5,0.395548,0.179795,0.094178,0.284247,0.201807,0.5,0.210843,0.0,0.0,2.650601,4.0,0.335616,0.53699,1.0,0.704082,0.208974,0.5,0.246154,0.80303,0.19697,0.192771,0.094178,0.174658,0.05137,0.844014,1.594641,0.431271,0.254733,0.388889,0.432759,2.855855,4.0,0.375,0.27027,5.0,0.207207,2.0,0.288288,0.234234
11615_master,13,13.5,500.0,140.842105,3.550075,2.707999,4.0,0.05,0.058,0.008,0.024,0.038,0.254,0.128,0.048,0.1775,0.908,6.0,0.5,0.5,0.376,0.204,0.126,0.372,0.227151,0.5,0.134409,0.0,0.0,2.586021,4.0,0.296,0.471284,1.0,0.486486,0.139456,0.5,0.163265,1.0,0.0,0.129032,0.118,0.244,0.046,1.168891,1.406057,0.46988,0.376258,0.4875,0.46988,2.763779,4.0,0.5,0.181102,5.0,0.173228,2.0,0.188976,0.133858
11616_master,13+,13.7,497.0,123.821656,4.013837,3.794768,5.999999,0.06841,0.072435,0.0,0.020121,0.020121,0.195171,0.156942,0.064386,0.184859,0.688129,6.0,0.375,0.5,0.442656,0.225352,0.066398,0.334004,0.185241,0.375,0.216867,0.0,0.060241,3.078312,4.999997,0.183099,0.634615,1.0,0.923077,0.216667,0.5,0.288889,0.975309,0.0,0.192771,0.138833,0.177062,0.032193,1.278173,1.670768,0.361616,0.153846,0.460705,0.387446,3.082473,5.399998,0.375,0.164948,5.0,0.113402,2.0,0.329897,0.134021
11617_master,13+,13.8,601.0,127.263158,4.722498,3.783693,4.999997,0.088186,0.043261,0.001664,0.024958,0.024958,0.1797,0.02995,0.041597,0.201539,0.627288,7.0,0.5,0.5,0.462562,0.249584,0.104825,0.206323,0.241935,0.5,0.201613,0.0,0.016129,3.153225,4.999997,0.324459,0.576923,1.0,0.6,0.328608,0.75,0.443299,0.983607,0.0,0.201613,0.026622,0.176373,0.033278,1.225475,1.443521,0.495812,0.248739,0.524313,0.584493,3.194444,4.999997,0.5,0.185185,4.0,0.083333,2.0,0.231481,0.212963
11618_master,14,14.4,650.0,130.152363,4.994147,4.086153,7.000004,0.046154,0.083077,0.016923,0.013846,0.013846,0.204615,0.107692,0.021538,0.194808,0.670769,7.0,0.375,0.5,0.438462,0.206154,0.098462,0.289231,0.201463,0.4125,0.228723,0.0,0.005319,3.468084,4.999997,0.244615,0.679245,1.0,0.855346,0.178797,0.5,0.21519,0.964286,0.011905,0.074468,0.084615,0.181538,0.06,1.632038,1.412645,0.307573,0.080495,0.333333,0.40535,3.691729,5.999999,0.375,0.293233,4.8,0.105263,2.0,0.105263,0.097744
11619_master,14+,14.7,750.0,117.954546,6.358381,6.056001,11.000004,0.010667,0.026667,0.005333,0.002667,0.002667,0.102667,0.161333,0.029333,0.179333,0.349333,5.0,0.375,0.5,0.373333,0.154667,0.053333,0.258667,0.20232,0.375,0.087629,0.005155,0.0,4.484536,8.000004,0.190667,0.736014,1.0,0.853147,0.190141,0.5,0.267606,0.988235,0.0,0.113402,0.156,0.097333,0.013333,1.590803,1.843695,0.290885,0.147849,0.452308,0.560209,3.77922,8.000004,0.3,0.12987,5.0,0.142857,2.0,0.285714,0.207792
11620_master,13+,13.8,599.0,133.217822,4.496395,3.355592,4.999997,0.06177,0.086811,0.0,0.025042,0.025042,0.202003,0.095159,0.03172,0.172371,0.78798,7.0,0.375,0.375,0.402337,0.185309,0.043406,0.285476,0.171053,0.375,0.304094,0.0,0.035088,2.695906,4.0,0.240401,0.588542,1.0,0.6875,0.269231,0.5,0.342657,0.961039,0.0,0.111111,0.083472,0.190317,0.071786,0.881143,1.267127,0.333333,0.162752,0.363636,0.38417,2.611569,4.0,0.375,0.355372,5.0,0.115702,2.0,0.157025,0.132231
11621_master,13+,13.7,494.0,130.8,3.776758,3.050606,4.0,0.030364,0.060729,0.0,0.008097,0.008097,0.271255,0.040486,0.078947,0.16751,0.961538,7.0,0.375,0.5,0.342105,0.145749,0.066802,0.307692,0.162007,0.375,0.197368,0.0,0.0,2.74342,2.999999,0.352227,0.533046,1.0,0.637931,0.176301,0.5,0.225434,0.955882,0.0,0.256579,0.036437,0.267206,0.052632,0.732404,1.505961,0.400407,0.179226,0.398287,0.422747,2.746268,2.999999,0.375,0.19403,5.0,0.134328,2.0,0.291045,0.208955
11622_master,13,13.2,399.0,144.5,2.761246,2.649122,4.0,0.055138,0.087719,0.0,0.017544,0.017544,0.270677,0.117794,0.047619,0.171679,0.984962,6.0,0.375,0.5,0.325815,0.162907,0.080201,0.373434,0.165268,0.375,0.234899,0.0,0.0,2.375838,2.999999,0.320802,0.517578,0.75,0.648438,0.177165,0.5,0.173228,0.958904,0.0,0.127517,0.102757,0.255639,0.082707,1.02454,1.449312,0.337662,0.170604,0.349462,0.337662,2.462962,2.999999,0.375,0.305556,5.0,0.231481,2.0,0.175926,0.138889
11623_master,13,13.4,448.0,129.485294,3.459852,2.620535,2.999999,0.020089,0.098214,0.0,0.004464,0.004464,0.241071,0.044643,0.037946,0.171317,0.944196,6.0,0.375,0.5,0.375,0.140625,0.058036,0.279018,0.189,0.375,0.352,0.0,0.0,2.527999,2.999999,0.399554,0.634078,1.0,0.888268,0.155899,0.5,0.185393,0.985714,0.0,0.136,0.037946,0.234375,0.095982,0.814311,1.442813,0.394619,0.193258,0.40367,0.394619,2.48148,2.999999,0.375,0.398148,6.0,0.175926,2.0,0.157407,0.138889
11624_master,14,14.3,693.0,129.6,5.347222,3.828282,5.999999,0.060606,0.102453,0.008658,0.015873,0.027417,0.200577,0.128427,0.02886,0.176407,0.68254,6.0,0.375,0.5,0.393939,0.171717,0.059163,0.314574,0.167431,0.375,0.302752,0.004587,0.013761,3.577981,5.999999,0.292929,0.633005,1.0,0.773399,0.216584,0.5,0.267327,0.980583,0.009709,0.091743,0.113997,0.186147,0.073593,1.115672,1.32903,0.3589,0.142029,0.350674,0.442068,3.884892,5.999999,0.375,0.366906,4.0,0.05036,2.0,0.143885,0.129496
11625_master,14,14.4,874.0,149.425,5.849088,4.140731,5.999999,0.081236,0.037757,0.0,0.019451,0.019451,0.102975,0.1373,0.052632,0.197511,0.395881,8.0,0.375,0.5,0.45881,0.251716,0.086957,0.227689,0.157663,0.375,0.165829,0.0,0.020101,3.713567,4.999997,0.143021,0.592,1.0,0.744,0.264113,0.5,0.354839,0.981818,0.0,0.231156,0.124714,0.090389,0.028604,1.088046,1.309295,0.377727,0.195402,0.500867,0.403186,3.788888,4.999997,0.375,0.277778,4.1,0.1,1.0,0.511111,0.411111
11627_master,14,14.2,659.0,137.68116,4.786421,3.839149,6.2,0.01214,0.139605,0.001517,0.003035,0.003035,0.245827,0.101669,0.015175,0.168627,0.904401,6.0,0.375,0.5,0.273141,0.14871,0.095599,0.347496,0.187227,0.5,0.401747,0.004367,0.0,2.572052,4.0,0.352049,0.53556,1.0,0.711207,0.179654,0.5,0.181818,1.0,0.0,0.043668,0.101669,0.245827,0.115326,0.660805,1.568304,0.325723,0.115854,0.364815,0.382514,2.5679,4.0,0.5,0.469136,5.0,0.141975,2.0,0.061728,0.030864
11628_master,14,14.0,641.0,131.027027,4.89212,3.945397,5.999999,0.031201,0.068643,0.0,0.018721,0.018721,0.143526,0.096724,0.024961,0.179992,0.535101,6.0,0.375,0.5,0.374415,0.188768,0.079563,0.237129,0.189967,0.5,0.289474,0.0,0.059211,3.203947,4.999997,0.333853,0.630841,1.0,0.775701,0.170188,0.5,0.183099,0.971014,0.0,0.105263,0.093604,0.140406,0.059282,1.024437,1.319284,0.302034,0.11442,0.313433,0.302034,3.75,5.999999,0.375,0.413043,5.9,0.282609,2.0,0.173913,0.152174
11629_remaster,13+,13.9,661.0,150.491804,4.392266,3.670196,5.999999,0.027231,0.1059,0.022693,0.046899,0.046899,0.258699,0.05295,0.040847,0.152799,0.888048,6.0,0.375,0.375,0.29652,0.104387,0.037821,0.311649,0.199029,0.375,0.305825,0.038835,0.082524,2.733009,4.0,0.13767,0.532967,1.0,0.648352,0.225,0.5,0.222222,0.955556,0.0,0.131068,0.05295,0.258699,0.089259,0.885036,1.313975,0.270106,0.092705,0.273267,0.270106,2.789473,4.0,0.5,0.345029,5.0,0.134503,2.0,0.157895,0.157895
11630_master,13,13.4,403.0,137.4,2.933042,2.153845,3.8,0.049628,0.066998,0.0,0.019851,0.019851,0.372208,0.131514,0.141439,0.150434,1.615385,9.0,0.375,0.375,0.275434,0.131514,0.042184,0.493797,0.16206,0.375,0.135678,0.0,0.0,2.0201,2.999999,0.19603,0.588608,1.0,0.822785,0.176282,0.5,0.230769,0.97619,0.0,0.286432,0.121588,0.362283,0.059553,0.766662,1.158946,0.234414,0.0775,0.236776,0.234414,2.066666,2.999999,0.375,0.16,6.0,0.313333,2.0,0.38,0.34
11631_master,13+,13.7,637.0,145.617977,4.37446,2.905808,4.999997,0.031397,0.045526,0.00157,0.0,0.0,0.166405,0.271586,0.067504,0.145016,0.629513,6.0,0.25,0.375,0.281005,0.086342,0.040816,0.412873,0.126901,0.25,0.110266,0.003802,0.0,2.81749,4.0,0.273155,0.525862,0.75,0.683908,0.17341,0.5,0.196532,0.973333,0.0,0.163498,0.246468,0.141287,0.037677,0.863173,1.771005,0.43937,0.241325,0.466321,0.444976,2.584905,4.0,0.375,0.226415,5.0,0.235849,2.0,0.40566,0.216981
11633_master,13+,13.8,498.0,112.0,4.446429,4.150601,5.999999,0.074297,0.072289,0.002008,0.014056,0.014056,0.180723,0.088353,0.016064,0.186998,0.616466,6.0,0.5,0.5,0.395582,0.232932,0.116466,0.261044,0.197115,0.5,0.269231,0.0,0.046154,2.876922,4.0,0.242972,0.607438,1.0,0.809917,0.183333,0.5,0.216667,0.966102,0.0,0.061538,0.080321,0.172691,0.056225,1.069938,1.42396,0.280242,0.129293,0.376068,0.310658,2.977777,4.0,0.5,0.311111,5.0,0.155556,2.0,0.088889,0.0
11634_remaster,13+,13.8,617.0,147.0,4.197279,3.419773,7.000004,0.037277,0.061588,0.0,0.011345,0.011345,0.179903,0.141005,0.004862,0.152958,0.675851,7.0,0.375,0.5,0.273906,0.157212,0.079417,0.28201,0.163075,0.5,0.218391,0.0,0.005747,2.591953,4.0,0.320908,0.458333,0.75,0.530303,0.162437,0.5,0.15736,0.985714,0.0,0.017241,0.102107,0.141005,0.055105,0.981231,1.479282,0.292683,0.12215,0.337209,0.350598,2.36036,2.999999,0.5,0.306306,5.0,0.225225,2.0,0.027027,0.027027
11635_master,13,13.4,582.0,157.6,3.692893,2.587628,4.0,0.061856,0.109966,0.024055,0.022337,0.022337,0.292096,0.142612,0.015464,0.203608,1.012027,6.0,0.5,0.5,0.448454,0.271478,0.147766,0.417526,0.222737,0.5,0.255144,0.049383,0.004115,2.028806,2.999999,0.321306,0.462567,0.75,0.59893,0.177419,0.5,0.188172,0.987952,0.0,0.037037,0.12543,0.274914,0.058419,0.865077,1.263739,0.195462,0.064799,0.211538,0.200717,2.088234,2.999999,0.5,0.2,5.0,0.129412,2.0,0.052941,0.052941
11637_remaster,13+,13.8,725.0,140.967741,5.143021,3.801378,4.999997,0.02069,0.034483,0.002759,0.006897,0.006897,0.2,0.133793,0.051034,0.181552,0.713103,6.0,0.375,0.375,0.422069,0.171034,0.044138,0.328276,0.204832,0.375,0.105042,0.008403,0.008403,3.630251,4.999997,0.175172,0.551181,1.0,0.787402,0.202381,0.5,0.238095,0.976,0.0,0.155462,0.128276,0.194483,0.015172,0.674088,1.249775,0.396957,0.134349,0.372378,0.409415,3.751724,4.999997,0.375,0.075862,5.0,0.165517,2.0,0.255172,0.193103
11638_master,13+,13.8,579.0,149.181818,3.88117,2.754749,4.0,0.017271,0.110535,0.031088,0.013817,0.013817,0.362694,0.127807,0.017271,0.134499,1.302245,8.0,0.25,0.5,0.250432,0.096718,0.051813,0.480138,0.165018,0.375,0.18705,0.021583,0.007194,2.431654,4.0,0.314335,0.57967,1.0,0.714286,0.191989,0.5,0.259669,0.885496,0.091603,0.035971,0.117444,0.352332,0.072539,1.503842,1.146204,0.206239,0.100694,0.206239,0.206239,2.57619,4.0,0.25,0.2,4.0,0.066667,2.0,0.047619,0.038095
11640_master,13,13.4,502.0,137.032258,3.663371,3.551792,5.999999,0.109562,0.087649,0.0,0.00996,0.00996,0.193227,0.209163,0.015936,0.1626,0.691235,6.0,0.5,0.5,0.35259,0.167331,0.115538,0.400398,0.20709,0.5,0.218905,0.0,0.004975,2.696516,2.999999,0.39243,0.540609,0.75,0.807107,0.11352,0.5,0.127551,0.9,0.0,0.039801,0.207171,0.191235,0.083665,1.053178,1.611048,0.258333,0.079498,0.292566,0.270742,2.41237,2.999999,0.5,0.43299,5.0,0.175258,2.0,0.082474,0.041237
11641_master,13,13.4,503.0,131.8125,3.816027,3.316103,5.999999,0.115308,0.091451,0.005964,0.00994,0.00994,0.16501,0.210736,0.013917,0.167495,0.487078,6.0,0.375,0.5,0.375746,0.159046,0.083499,0.361829,0.151786,0.375,0.241758,0.005495,0.010989,2.450549,4.0,0.33996,0.533626,1.0,0.578947,0.167647,0.5,0.211765,0.955882,0.0,0.038462,0.196819,0.151093,0.067594,0.772654,1.794042,0.355289,0.162,0.396752,0.386117,2.722891,4.0,0.5,0.409639,4.0,0.096386,2.0,0.084337,0.084337
11642_master,13+,13.8,707.0,131.8125,5.363679,4.332389,5.999999,0.057992,0.07355,0.0,0.007072,0.007072,0.138614,0.120226,0.01273,0.177334,0.473833,6.0,0.5,0.5,0.391796,0.189533,0.121641,0.237624,0.149554,0.375,0.309524,0.0,0.0,2.994046,4.0,0.209335,0.528716,1.0,0.601351,0.153061,0.5,0.156463,0.930556,0.0,0.053571,0.09901,0.117397,0.063649,1.015604,1.641878,0.201418,0.069602,0.2954,0.232406,2.816325,4.0,0.375,0.459184,4.3,0.102041,2.0,0.091837,0.091837
11643_master,14,14.4,743.0,135.665025,5.476725,4.074024,5.999999,0.063257,0.065949,0.005384,0.008075,0.008075,0.199192,0.10498,0.060565,0.180518,0.685061,5.0,0.375,0.5,0.345895,0.188425,0.0821,0.290713,0.177083,0.375,0.222222,0.013889,0.00463,3.523148,5.999999,0.242261,0.544444,1.0,0.672222,0.201117,0.5,0.251397,0.951923,0.0,0.208333,0.091521,0.185734,0.039031,1.245085,1.584832,0.417004,0.202703,0.423729,0.58034,3.418918,5.999999,0.5,0.195946,5.0,0.148649,2.0,0.304054,0.256757
11645_master,13+,13.6,490.0,119.255814,4.108814,2.846938,4.0,0.04898,0.073469,0.0,0.018367,0.018367,0.214286,0.210204,0.046939,0.15051,0.828571,8.0,0.375,0.5,0.293878,0.12449,0.077551,0.420408,0.162015,0.375,0.174757,0.0,0.0,2.742717,4.0,0.367347,0.534722,1.0,0.75,0.128492,0.5,0.145251,0.904762,0.0,0.11165,0.206122,0.210204,0.046939,0.898009,1.659418,0.406316,0.164905,0.405579,0.406316,3.02857,4.599998,0.375,0.219048,5.0,0.161905,2.0,0.219048,0.2
11646_master,14+,14.6,999.0,143.785715,6.947839,5.125125,8.000004,0.092092,0.096096,0.045045,0.011011,0.011011,0.136136,0.195195,0.044044,0.144394,0.515516,6.0,0.375,0.375,0.276276,0.15015,0.042042,0.313313,0.161741,0.375,0.175719,0.01278,0.003195,4.399361,8.000004,0.102102,0.571078,1.0,0.715686,0.232673,0.75,0.29703,0.837838,0.0,0.140575,0.177177,0.118118,0.019019,0.77021,1.703927,0.305978,0.172589,0.424581,0.383471,4.477941,10.0,0.375,0.139706,5.0,0.205882,2.0,0.323529,0.25
11647_master,13+,13.9,568.0,149.574426,3.797441,3.25,4.0,0.077465,0.042254,0.005282,0.028169,0.028169,0.221831,0.239437,0.098592,0.121699,0.778169,5.0,0.375,0.375,0.227113,0.109155,0.035211,0.433099,0.13313,0.375,0.097561,0.012195,0.01626,2.853658,4.0,0.198944,0.535398,1.0,0.699115,0.138393,0.5,0.1875,0.905882,0.0,0.227642,0.211268,0.193662,0.03169,1.338573,1.411662,0.314488,0.168142,0.326531,0.327206,2.999999,4.0,0.375,0.142857,5.0,0.246032,2.0,0.444444,0.261905
11648_master,13+,13.7,666.0,149.0,4.469799,3.666666,5.999999,0.09009,0.046547,0.0,0.018018,0.018018,0.099099,0.237237,0.03003,0.14283,0.382883,6.0,0.375,0.375,0.291291,0.118619,0.040541,0.325826,0.131912,0.375,0.142857,0.0,0.032258,3.428571,5.999999,0.238739,0.578616,1.0,0.742138,0.219937,0.5,0.259494,0.912281,0.0,0.092166,0.226727,0.088589,0.009009,1.209254,1.782617,0.490964,0.179487,0.532258,0.539735,4.015151,5.999999,0.3125,0.090909,5.0,0.318182,2.0,0.30303,0.060606
11650_master,13,13.1,418.0,118.828969,3.517661,2.954544,4.0,0.19378,0.064593,0.04067,0.232057,0.232057,0.19378,0.325359,0.04067,0.134868,0.717703,6.0,0.375,0.5,0.303828,0.15311,0.090909,0.507177,0.107311,0.375,0.127358,0.080189,0.363208,2.938678,4.0,0.241627,0.467822,0.75,0.584158,0.1225,0.275,0.1,0.810811,0.0,0.080189,0.313397,0.181818,0.019139,2.553341,1.038316,0.326923,0.144578,0.330864,0.327711,3.037036,4.0,0.5,0.098765,5.0,0.148148,1.1,0.209877,0.024691
11652_master,13+,13.8,829.0,146.19561,5.670485,5.249698,12.999995,0.179735,0.056695,0.037394,0.007238,0.007238,0.001206,0.352232,0.0,0.129524,0.004825,4.0,0.375,0.375,0.242461,0.107358,0.034982,0.353438,0.107935,0.25,0.143345,0.088737,0.013652,3.583617,5.999999,0.193004,0.473438,0.75,0.54375,0.215409,0.5,0.251572,0.675,0.0,0.0,0.352232,0.001206,0.0,0.824919,1.97415,0.288724,0.158354,0.34375,0.400353,1.0,1.0,0.0,0.0,4.0,0.0,0.0,0.0,0.0
11653_master,13,13.5,582.0,138.169014,4.212232,3.345359,4.999997,0.054983,0.04811,0.0,0.020619,0.020619,0.197595,0.25945,0.084192,0.18256,0.689003,5.0,0.375,0.5,0.408935,0.178694,0.091065,0.457045,0.204417,0.4375,0.105263,0.0,0.037594,3.195487,4.999997,0.187285,0.550459,0.8,0.752294,0.224537,0.5,0.296296,0.925373,0.0,0.184211,0.25945,0.197595,0.022337,0.960647,1.547995,0.264706,0.092014,0.352941,0.274194,3.165216,4.999997,0.375,0.113043,5.0,0.208696,1.0,0.426087,0.408696
11654_master,13,13.3,577.0,146.25,3.945299,3.313691,4.999997,0.020797,0.051993,0.0,0.010399,0.010399,0.121317,0.152513,0.025997,0.165295,0.514731,7.0,0.375,0.5,0.362218,0.133449,0.053726,0.258232,0.177013,0.375,0.201342,0.0,0.013423,2.644294,2.999999,0.282496,0.559816,1.0,0.748466,0.179012,0.5,0.209877,0.984375,0.0,0.100671,0.136915,0.105719,0.036395,1.009325,1.570099,0.433043,0.344948,0.399586,0.464552,2.371428,2.999999,0.375,0.3,6.0,0.485714,3.0,0.214286,0.114286
11656_master,13+,13.6,559.0,119.889503,4.662627,4.010732,7.000004,0.019678,0.112701,0.003578,0.014311,0.014311,0.16458,0.137746,0.010733,0.190295,0.511628,5.0,0.4,0.5,0.418605,0.189624,0.100179,0.293381,0.172256,0.375,0.384146,0.012195,0.0,2.731706,4.0,0.300537,0.508929,0.75,0.630952,0.22006,0.5,0.281437,0.914634,0.0,0.036585,0.128801,0.155635,0.091234,0.805514,1.958963,0.357271,0.223022,0.468085,0.396414,2.956521,4.0,0.375,0.554348,4.0,0.076087,2.0,0.065217,0.054348
11657_master,13+,13.8,588.0,120.9375,4.862016,3.870748,7.000004,0.093537,0.027211,0.0,0.032313,0.032313,0.166667,0.129252,0.003401,0.166879,0.576531,6.0,0.375,0.5,0.37415,0.170068,0.071429,0.292517,0.197674,0.375,0.093023,0.0,0.011628,3.133721,4.0,0.255102,0.528333,0.75,0.62,0.139262,0.5,0.187919,0.922414,0.0,0.011628,0.12585,0.163265,0.017007,1.011724,1.658548,0.332765,0.164103,0.366316,0.388889,3.142857,4.299999,0.375,0.102041,5.0,0.142857,2.0,0.020408,0.010204
11661_expert,13,13.0,712.0,140.404417,5.071066,3.939605,4.999997,0.023876,0.008427,0.0,0.0,0.0,0.058989,0.169944,0.002809,0.162921,0.205056,6.0,0.375,0.375,0.365169,0.171348,0.044944,0.227528,0.160494,0.375,0.037037,0.0,0.0,2.950616,4.0,0.147472,0.452381,0.75,0.6,0.122596,0.425,0.105769,0.985714,0.0,0.012346,0.168539,0.057584,0.002809,1.116754,1.978067,0.328169,0.220028,0.464583,0.360124,3.40476,4.999997,0.375,0.047619,4.9,0.119048,2.0,0.047619,0.047619
11661_master,14+,14.7,1006.0,141.280329,7.120595,5.131211,8.999999,0.044732,0.016899,0.0,0.007952,0.007952,0.190855,0.143141,0.097416,0.164513,0.676938,5.0,0.5,0.5,0.329026,0.190855,0.102386,0.323062,0.208077,0.5,0.052308,0.0,0.0,4.612307,7.000004,0.077535,0.455128,0.75,0.641026,0.12987,0.25,0.090909,0.956897,0.0,0.301538,0.132207,0.17992,0.001988,2.248614,1.883639,0.226096,0.097707,0.408676,0.292526,4.729165,8.999999,0.5,0.010417,4.0,0.088542,2.0,0.510417,0.40625
11662_expert,13+,13.7,718.0,152.054712,4.721985,3.661559,5.999999,0.098886,0.019499,0.001393,0.011142,0.011142,0.075209,0.222841,0.027855,0.118036,0.264624,6.0,0.375,0.375,0.24234,0.118384,0.023677,0.29805,0.120327,0.25,0.065421,0.004673,0.0,3.406541,4.999997,0.157382,0.484513,1.0,0.59292,0.165179,0.5,0.178571,0.939759,0.0,0.093458,0.222841,0.075209,0.005571,1.730472,1.678973,0.351955,0.181818,0.391231,0.400646,3.24074,4.999997,0.25,0.074074,4.0,0.037037,1.0,0.37037,0.277778
11662_master,14+,14.9,1016.0,152.117605,6.679043,5.404528,8.000004,0.014764,0.030512,0.001969,0.004921,0.004921,0.117126,0.120079,0.017717,0.166339,0.419291,14.0,0.375,0.375,0.309055,0.135827,0.047244,0.230315,0.179487,0.375,0.128205,0.004274,0.017094,3.952991,7.000004,0.174213,0.597458,1.0,0.768362,0.174716,0.5,0.164773,0.977444,0.007519,0.076923,0.113189,0.110236,0.011811,2.134596,1.662235,0.220907,0.088845,0.34375,0.357488,4.504202,7.000004,0.375,0.10084,4.0,0.084034,2.0,0.151261,0.117647
11663_expert,13+,13.8,551.0,159.733431,3.449497,3.330308,5.999999,0.068966,0.021779,0.0,0.012704,0.012704,0.210526,0.150635,0.065336,0.141561,0.883848,9.0,0.375,0.5,0.266788,0.143376,0.052632,0.348457,0.138021,0.375,0.0625,0.0,0.005208,2.489582,2.999999,0.15608,0.52907,0.875,0.639535,0.188235,0.5,0.258824,0.878788,0.0,0.1875,0.137931,0.197822,0.016334,1.809923,1.861508,0.388686,0.16819,0.430704,0.461039,2.663792,3.499999,0.375,0.077586,6.0,0.241379,2.0,0.310345,0.198276
11663_master,14+,14.7,963.0,159.83589,6.02493,5.946001,8.999999,0.069574,0.035306,0.012461,0.034268,0.034268,0.100727,0.070613,0.037383,0.143692,0.381101,6.0,0.25,0.375,0.226376,0.099688,0.026999,0.170301,0.146341,0.375,0.158537,0.02439,0.006098,3.499999,7.700004,0.113188,0.662844,1.0,0.788991,0.252315,0.5,0.37037,0.863636,0.0,0.219512,0.069574,0.099688,0.008307,2.209457,2.008476,0.192519,0.07309,0.351942,0.341131,3.463917,5.999999,0.375,0.082474,5.0,0.247423,1.0,0.371134,0.329897
11665_master,13,13.0,407.0,123.535714,3.294594,2.729729,4.0,0.034398,0.078624,0.0,0.004914,0.004914,0.230958,0.103194,0.046683,0.213759,0.869779,7.0,0.5,0.5,0.44226,0.238329,0.157248,0.309582,0.261905,0.5,0.253968,0.0,0.0,2.396824,2.999999,0.398034,0.603395,1.0,0.734568,0.170807,0.5,0.192547,0.896552,0.0,0.150794,0.078624,0.206388,0.071253,0.894951,1.567981,0.402469,0.190594,0.437838,0.409548,2.446808,4.0,0.5,0.308511,5.0,0.255319,2.0,0.202128,0.170213
11668_master,13+,13.7,747.0,153.5,4.86645,3.543507,4.999997,0.008032,0.021419,0.0,0.006693,0.006693,0.091031,0.24498,0.036145,0.197289,0.35743,6.0,0.375,0.5,0.451138,0.171352,0.060241,0.318608,0.237395,0.375,0.067227,0.0,0.0,3.15126,4.0,0.186078,0.453237,0.75,0.625899,0.182971,0.5,0.137681,1.0,0.0,0.113445,0.227577,0.073628,0.01071,1.117549,1.839736,0.240268,0.111559,0.250784,0.256447,3.397058,4.0,0.4125,0.117647,5.0,0.117647,2.0,0.397059,0.382353
11669_master,13+,13.6,514.0,135.153061,3.803096,2.661478,4.0,0.01751,0.143969,0.029183,0.035019,0.035019,0.340467,0.060311,0.025292,0.151751,1.249027,7.0,0.375,0.5,0.303502,0.155642,0.09144,0.398833,0.143902,0.375,0.287805,0.0,0.0,2.585365,2.999999,0.418288,0.677907,1.0,0.846512,0.178738,0.5,0.205607,1.0,0.0,0.063415,0.058366,0.338521,0.101167,0.491823,0.983074,0.421875,0.225049,0.427435,0.431727,2.559999,2.999999,0.5,0.297143,5.0,0.171429,2.0,0.074286,0.057143
11670_master,13,13.1,500.0,125.625,3.9801,3.077999,4.999997,0.03,0.066,0.002,0.004,0.004,0.182,0.092,0.028,0.196,0.726,7.0,0.5,0.5,0.39,0.204,0.118,0.26,0.206731,0.5,0.253846,0.007692,0.0,2.761538,4.0,0.322,0.451863,0.75,0.459627,0.21875,0.5,0.25,0.986486,0.0,0.107692,0.078,0.168,0.048,0.812176,1.552338,0.349398,0.181087,0.384091,0.353659,2.747252,4.0,0.5,0.263736,6.0,0.21978,3.0,0.153846,0.098901
11671_master,13+,13.9,631.0,135.634921,4.652194,3.62282,4.999997,0.087163,0.058637,0.023772,0.017433,0.022187,0.164818,0.166403,0.038035,0.166403,0.584786,6.0,0.375,0.375,0.40412,0.131537,0.045959,0.326466,0.186893,0.375,0.126214,0.019417,0.0,3.233009,4.0,0.1458,0.524457,1.0,0.619565,0.274725,0.5,0.362637,0.852273,0.0,0.116505,0.161648,0.160063,0.025357,0.866025,1.591378,0.411765,0.226115,0.366795,0.469203,3.307692,4.0,0.375,0.153846,4.0,0.096154,2.0,0.230769,0.182692
11672_master,14,14.4,828.0,136.770011,6.053959,4.387681,7.000004,0.025362,0.057971,0.002415,0.002415,0.002415,0.182367,0.030193,0.036232,0.191274,0.677536,6.0,0.5,0.5,0.44686,0.213768,0.119565,0.208937,0.185694,0.375,0.277457,0.011561,0.011561,3.202311,4.999997,0.17029,0.744681,1.0,0.93617,0.208929,0.5,0.264286,1.0,0.0,0.17341,0.02657,0.178744,0.054348,0.904385,2.428527,0.375303,0.231515,0.463617,0.454545,3.086092,4.999997,0.375,0.298013,5.0,0.152318,2.0,0.198675,0.172185
11673_master,14+,14.6,741.0,121.184211,6.114658,5.551957,8.999999,0.095816,0.031039,0.002699,0.016194,0.016194,0.152497,0.110661,0.049933,0.185391,0.568151,6.0,0.375,0.5,0.417004,0.179487,0.070175,0.263158,0.2,0.375,0.117949,0.010256,0.010256,5.153846,8.999999,0.134953,0.5525,1.0,0.71,0.161616,0.5,0.20202,0.913043,0.0,0.189744,0.110661,0.152497,0.016194,1.631146,1.774889,0.271709,0.116573,0.30094,0.447154,4.876106,8.8,0.5,0.106195,5.0,0.159292,2.0,0.327434,0.274336
11674_master,13,13.5,550.0,144.0,3.819444,3.081817,4.999997,0.049091,0.050909,0.0,0.0,0.0,0.227273,0.158182,0.034545,0.182955,0.876364,6.0,0.375,0.5,0.4,0.176364,0.061818,0.374545,0.194782,0.375,0.135922,0.0,0.0,2.529125,4.0,0.272727,0.658333,1.0,0.846667,0.20302,0.5,0.295302,0.962025,0.0,0.092233,0.147273,0.216364,0.041818,1.135468,1.485106,0.293796,0.107861,0.319672,0.294872,2.511999,4.0,0.375,0.184,5.0,0.128,2.0,0.152,0.048
11675_master,14,14.2,763.0,133.5625,5.712681,4.380078,7.000004,0.053735,0.049803,0.002621,0.015727,0.015727,0.108781,0.116645,0.038008,0.16694,0.450852,7.0,0.375,0.5,0.332896,0.173001,0.076016,0.201835,0.171266,0.4625,0.233766,0.0,0.051948,3.454545,5.999999,0.220183,0.556548,0.825,0.696429,0.181138,0.5,0.239521,0.909091,0.0,0.188312,0.093054,0.08519,0.034076,1.42072,2.005462,0.258412,0.081411,0.312227,0.330948,3.578312,5.999999,0.375,0.313253,6.0,0.409639,2.0,0.349398,0.277108
11676_master,13+,13.8,584.0,134.918919,4.328526,3.527396,4.999997,0.030822,0.070205,0.001712,0.010274,0.010274,0.212329,0.107877,0.02911,0.197132,0.784247,7.0,0.5,0.5,0.409247,0.196918,0.104452,0.297945,0.206897,0.5,0.235632,0.005747,0.0,3.252873,4.999997,0.364726,0.588028,1.0,0.765258,0.200472,0.5,0.254717,0.988506,0.0,0.097701,0.085616,0.190068,0.058219,1.105142,1.515928,0.42268,0.19105,0.422764,0.433099,3.443548,4.999997,0.4625,0.274194,5.0,0.145161,2.0,0.137097,0.08871
11677_master,14,14.5,849.0,142.769231,5.946659,4.507656,7.000004,0.001178,0.061249,0.002356,0.0,0.0,0.083628,0.155477,0.029446,0.169464,0.310954,5.0,0.375,0.375,0.371025,0.11543,0.040047,0.228504,0.166237,0.375,0.262887,0.005155,0.0,3.63402,5.999999,0.302709,0.55642,1.0,0.7393,0.205078,0.5,0.273438,0.988636,0.011364,0.128866,0.144876,0.073027,0.03298,1.765709,1.410018,0.281657,0.11032,0.308664,0.37686,4.408451,7.000004,0.25,0.394366,4.0,0.084507,2.0,0.352113,0.253521
11678_master,13+,13.9,721.0,142.659574,5.05399,3.916782,7.000004,0.076283,0.051318,0.0,0.001387,0.001387,0.221914,0.072122,0.051318,0.159501,0.819695,6.0,0.375,0.5,0.334258,0.145631,0.059639,0.288488,0.168269,0.375,0.177885,0.0,0.004808,3.124999,4.999997,0.246879,0.599719,1.0,0.775281,0.194915,0.5,0.225989,0.990654,0.0,0.177885,0.066574,0.216366,0.04577,0.853142,1.254569,0.396384,0.197772,0.44358,0.552326,3.206249,4.999997,0.375,0.20625,5.0,0.11875,2.0,0.23125,0.1875
11679_master,13+,13.7,512.0,134.154929,3.816483,3.095702,4.999997,0.0625,0.089844,0.003906,0.003906,0.003906,0.195312,0.160156,0.068359,0.145508,0.722656,6.0,0.25,0.5,0.304688,0.095703,0.058594,0.347656,0.169944,0.5,0.258427,0.011236,0.0,2.382021,2.999999,0.390625,0.5575,1.0,0.795,0.21608,0.5,0.296482,0.975309,0.0,0.196629,0.152344,0.1875,0.089844,1.043304,1.584269,0.356863,0.225933,0.395973,0.384778,2.419999,2.999999,0.375,0.46,4.0,0.08,1.0,0.35,0.22
11680_master,13,13.3,515.0,131.0,3.931298,2.916504,4.999997,0.013592,0.071845,0.001942,0.005825,0.005825,0.196117,0.143689,0.015534,0.189563,0.732039,6.0,0.375,0.5,0.438835,0.192233,0.07767,0.335922,0.190751,0.375,0.213873,0.00578,0.00578,2.479768,2.999999,0.32233,0.644578,1.0,0.680723,0.283333,0.75,0.418182,0.987952,0.0,0.046243,0.139806,0.192233,0.04466,0.871583,1.295112,0.407407,0.193359,0.439732,0.407407,2.584157,4.0,0.375,0.227723,5.0,0.118812,2.0,0.079208,0.069307
11681_master,14,14.3,684.0,121.976048,5.607658,4.023391,5.999999,0.00731,0.049708,0.001462,0.0,0.0,0.187135,0.095029,0.057018,0.192982,0.684211,7.0,0.375,0.5,0.459064,0.19883,0.086257,0.27924,0.201571,0.375,0.172775,0.0,0.0,3.361256,5.999999,0.27924,0.59555,1.0,0.659686,0.181579,0.5,0.268421,0.9875,0.0,0.204188,0.092105,0.184211,0.032164,0.736907,1.526043,0.40176,0.192364,0.498969,0.445528,3.429687,5.999999,0.375,0.171875,5.0,0.132812,1.4,0.304688,0.273438
11682_master,13+,13.7,544.0,148.4,3.665768,2.955881,4.0,0.073529,0.066176,0.022059,0.007353,0.007353,0.253676,0.198529,0.075368,0.166131,0.924632,6.0,0.375,0.5,0.375,0.176471,0.077206,0.430147,0.167201,0.5,0.136752,0.034188,0.017094,2.713674,4.0,0.193015,0.57619,1.0,0.72381,0.230769,0.5,0.326923,0.9,0.0,0.175214,0.176471,0.231618,0.027574,0.863655,1.680245,0.420664,0.168207,0.430255,0.436782,2.753622,4.0,0.5,0.108696,5.0,0.152174,2.0,0.297101,0.253623
11683_master,13,13.5,527.0,133.740458,3.940468,3.362428,4.999997,0.094877,0.092979,0.0,0.018975,0.018975,0.180266,0.182163,0.047438,0.143501,0.662239,7.0,0.3,0.375,0.280835,0.100569,0.032258,0.352941,0.139113,0.375,0.263441,0.0,0.032258,2.736558,4.0,0.271347,0.646853,1.0,0.846154,0.18838,0.5,0.239437,1.0,0.0,0.134409,0.172676,0.170778,0.039848,0.875866,1.762733,0.28,0.093511,0.313084,0.301927,3.010526,4.0,0.375,0.221053,4.0,0.094737,1.7,0.263158,0.242105
11684_master,14,14.5,826.0,135.0,6.118519,4.898305,7.000004,0.020581,0.067797,0.001211,0.009685,0.009685,0.215496,0.090799,0.076271,0.197639,0.716707,6.0,0.375,0.5,0.432203,0.194915,0.078692,0.284504,0.175,0.375,0.238298,0.004255,0.025532,3.442552,4.999997,0.176755,0.604452,1.0,0.719178,0.213793,0.5,0.248276,0.965116,0.0,0.268085,0.069007,0.193705,0.062954,1.109439,1.445737,0.295261,0.113139,0.418269,0.319317,3.376404,4.999997,0.375,0.292135,5.0,0.146067,2.0,0.353933,0.264045
11685_master,14+,14.8,841.0,151.826087,5.539233,4.01189,5.999999,0.033294,0.02497,0.001189,0.0,0.0,0.174792,0.118906,0.035672,0.173454,0.636147,6.0,0.375,0.375,0.386445,0.148633,0.043995,0.282996,0.176996,0.375,0.088235,0.004202,0.0,3.373949,5.999999,0.151011,0.728346,1.0,0.84252,0.194444,0.5,0.238095,0.988764,0.0,0.12605,0.108205,0.16409,0.020214,1.196731,1.799005,0.261294,0.112745,0.305057,0.297335,3.394557,5.999999,0.375,0.115646,5.0,0.14966,2.0,0.204082,0.136054
11686_expert,13,13.2,526.0,163.435583,3.218393,2.811786,4.999997,0.053232,0.055133,0.0,0.001901,0.001901,0.138783,0.195817,0.013308,0.155181,0.520913,7.0,0.375,0.5,0.287072,0.1673,0.072243,0.309886,0.170245,0.375,0.177914,0.0,0.0,2.269938,2.999999,0.247148,0.532692,1.0,0.615385,0.217054,0.5,0.263566,0.931034,0.0,0.042945,0.171103,0.114068,0.038023,1.092847,1.617355,0.454198,0.160612,0.453799,0.454198,2.136985,2.999999,0.375,0.273973,5.0,0.164384,2.0,0.09589,0.054795
11686_master,14+,14.6,951.0,163.435583,5.818806,4.426918,5.999999,0.037855,0.035752,0.0,0.003155,0.003155,0.116719,0.070452,0.041009,0.186383,0.449001,6.0,0.375,0.5,0.394322,0.166141,0.068349,0.175605,0.203593,0.5,0.203593,0.0,0.011976,3.994011,7.000004,0.260778,0.581653,1.0,0.794355,0.192308,0.5,0.255061,0.971831,0.0,0.233533,0.058885,0.105152,0.029443,1.539154,1.603746,0.376185,0.186709,0.493578,0.42,4.072072,7.000004,0.5,0.252252,6.0,0.243243,2.0,0.351351,0.252252
11687_master,14,14.5,820.0,150.136212,5.461707,4.897561,7.000004,0.062195,0.045122,0.00122,0.002439,0.002439,0.104878,0.129268,0.017073,0.171037,0.415854,7.0,0.375,0.5,0.332927,0.152439,0.060976,0.226829,0.174731,0.375,0.193548,0.0,0.005376,3.451612,5.999999,0.190244,0.576923,1.0,0.724359,0.204839,0.5,0.251613,0.935897,0.0,0.075269,0.121951,0.097561,0.029268,1.729832,1.658936,0.275523,0.124691,0.419786,0.531707,3.360464,6.0,0.375,0.27907,5.0,0.197674,2.0,0.162791,0.151163
11688_master,13,13.5,628.0,151.956521,4.132761,3.484076,5.999999,0.052548,0.055732,0.0,0.012739,0.012739,0.245223,0.121019,0.044586,0.15207,0.917197,6.0,0.375,0.5,0.286624,0.148089,0.06051,0.356688,0.180804,0.5,0.15625,0.0,0.0,2.651785,4.0,0.256369,0.537267,1.0,0.714286,0.19375,0.5,0.19375,0.960396,0.0,0.125,0.111465,0.235669,0.039809,0.739422,1.475567,0.27476,0.12,0.301115,0.28243,2.51948,4.0,0.5,0.162338,6.0,0.220779,2.0,0.181818,0.175325
11689_master,13+,13.7,600.0,151.428879,3.962256,3.138332,4.0,0.106667,0.033333,0.0,0.028333,0.028333,0.213333,0.123333,0.036667,0.176042,0.826667,6.0,0.375,0.5,0.433333,0.193333,0.09,0.33,0.176768,0.375,0.10101,0.0,0.0,2.681817,4.0,0.29,0.524425,1.0,0.609195,0.183526,0.5,0.242775,0.883495,0.0,0.111111,0.116667,0.206667,0.02,0.844452,1.892732,0.441821,0.253807,0.476277,0.459649,2.531249,4.0,0.375,0.09375,5.0,0.265625,2.0,0.171875,0.117188
11690_master,13+,13.8,709.0,151.846154,4.6692,3.555711,4.999997,0.083216,0.014104,0.0,0.055007,0.055007,0.157969,0.133992,0.067701,0.181065,0.699577,7.0,0.375,0.5,0.421721,0.200282,0.093089,0.291961,0.13285,0.375,0.048309,0.0,0.120773,2.932366,4.0,0.1622,0.597826,1.0,0.878261,0.160088,0.5,0.219298,0.893333,0.0,0.231884,0.133992,0.157969,0.009873,0.769356,1.602633,0.335219,0.171388,0.370504,0.361538,2.785713,4.0,0.375,0.0625,6.0,0.446429,3.0,0.428571,0.294643
11691_master,14,14.0,678.0,125.65445,5.39575,4.564897,7.000004,0.038348,0.028024,0.0,0.0059,0.0059,0.131268,0.205015,0.028024,0.165929,0.480826,7.0,0.375,0.5,0.30531,0.156342,0.082596,0.321534,0.117546,0.25,0.087156,0.0,0.018349,3.325687,4.999997,0.141593,0.75,1.0,0.895833,0.118421,0.5,0.178947,1.0,0.0,0.087156,0.190265,0.116519,0.019174,1.317933,1.715654,0.295964,0.158921,0.470109,0.486339,3.101123,4.999997,0.25,0.146067,5.0,0.191011,2.0,0.213483,0.134831
11692_remaster,13+,13.8,566.0,158.918919,3.561565,3.431095,4.999997,0.037102,0.159011,0.014134,0.035336,0.035336,0.265018,0.137809,0.05477,0.174691,0.888693,11.0,0.375,0.5,0.369258,0.167845,0.074205,0.39576,0.200335,0.375,0.370536,0.004464,0.022321,2.656249,4.0,0.432862,0.554082,1.0,0.640816,0.243852,0.5,0.340164,0.96875,0.0,0.138393,0.130742,0.257951,0.114841,1.140754,1.554162,0.268683,0.083929,0.286585,0.284369,2.846666,4.0,0.5,0.433333,4.0,0.08,2.0,0.206667,0.206667
11693_master,13,13.0,507.0,144.705883,3.503659,2.836291,4.0,0.0,0.04931,0.0,0.0,0.0,0.248521,0.122288,0.055227,0.169132,0.911243,7.0,0.375,0.5,0.358974,0.201183,0.096647,0.366864,0.169355,0.375,0.134409,0.0,0.0,2.736558,4.0,0.295858,0.546667,1.0,0.593333,0.184564,0.5,0.214765,1.0,0.0,0.150538,0.118343,0.244576,0.035503,1.657747,1.239922,0.39802,0.176587,0.403226,0.39802,2.769841,4.0,0.375,0.142857,5.0,0.174603,2.0,0.222222,0.222222
11696_remaster,13,13.1,471.0,147.7973,3.186797,2.314224,2.999999,0.036093,0.093418,0.0,0.014862,0.014862,0.269639,0.048832,0.036093,0.176486,1.016985,7.0,0.5,0.5,0.329087,0.195329,0.110403,0.316348,0.207215,0.5,0.295302,0.0,0.0,2.208053,2.999999,0.382166,0.536111,1.0,0.733333,0.206704,0.5,0.217877,0.866667,0.0,0.114094,0.046709,0.267516,0.091295,0.794169,1.828193,0.400853,0.155983,0.400853,0.400853,2.220472,2.999999,0.425,0.338583,5.0,0.15748,2.0,0.133858,0.086614
11697_remaster,13,13.3,575.0,151.50289,3.795307,2.589564,2.999999,0.036522,0.071304,0.0,0.006957,0.006957,0.255652,0.083478,0.017391,0.188478,0.926957,6.0,0.375,0.5,0.417391,0.189565,0.081739,0.33913,0.201923,0.375,0.210256,0.0,0.0,2.22564,2.999999,0.306087,0.612216,1.0,0.727273,0.221429,0.5,0.314286,0.956989,0.0,0.051282,0.083478,0.255652,0.071304,0.620504,1.276075,0.270506,0.113636,0.283364,0.270506,2.272108,2.999999,0.375,0.278912,5.0,0.14966,2.0,0.068027,0.061224
11698_remaster,13,13.2,453.0,132.260869,3.425049,2.205297,2.999999,0.013245,0.101545,0.0,0.00883,0.00883,0.289183,0.161148,0.11479,0.171358,0.935982,5.0,0.375,0.375,0.384106,0.10596,0.04415,0.445916,0.173267,0.25,0.227723,0.0,0.009901,2.133663,2.999999,0.298013,0.498148,0.75,0.562963,0.225746,0.5,0.283582,0.977778,0.0,0.257426,0.156733,0.284768,0.057395,0.63484,1.382128,0.485588,0.28,0.485588,0.485588,2.236641,4.0,0.375,0.198473,4.0,0.015267,2.0,0.396947,0.328244
11699_master,13+,13.6,780.0,148.75,5.243697,3.46923,4.999997,0.0,0.030769,0.002564,0.002564,0.002564,0.137179,0.042308,0.030769,0.187821,0.476923,6.0,0.375,0.5,0.397436,0.214103,0.092308,0.179487,0.219643,0.5,0.157143,0.0,0.0,2.921428,4.0,0.207692,0.532407,1.0,0.709877,0.189441,0.5,0.248447,1.0,0.0,0.171429,0.042308,0.137179,0.028205,0.557287,1.409769,0.368895,0.148005,0.408633,0.385235,3.093457,4.0,0.5,0.205607,5.4,0.130841,3.0,0.224299,0.205607
11700_master,13,13.3,359.0,143.555556,2.500774,1.94986,1.999999,0.016713,0.395543,0.0,0.019499,0.019499,0.462396,0.08078,0.016713,0.226671,1.5961,6.0,0.5,0.5,0.54039,0.303621,0.158774,0.504178,0.228591,0.5,0.78453,0.0,0.005525,1.906077,1.999999,0.97493,0.566429,1.0,0.734286,0.205587,0.5,0.197708,0.989247,0.0,0.033149,0.041783,0.423398,0.389972,0.772323,0.83697,0.184874,0.087079,0.184874,0.184874,1.921686,1.999999,0.5,0.843373,4.0,0.066265,2.0,0.036145,0.036145
11701_master,13,13.0,446.0,148.964768,2.993997,2.246636,2.999999,0.029148,0.091928,0.0,0.004484,0.004484,0.320628,0.163677,0.080717,0.185538,1.257848,7.0,0.5,0.5,0.390135,0.172646,0.116592,0.446188,0.18907,0.5,0.20603,0.0,0.005025,2.145728,2.999999,0.396861,0.624294,1.0,0.717514,0.181818,0.5,0.221591,0.987952,0.0,0.180905,0.125561,0.282511,0.087444,1.072979,1.710768,0.475225,0.266366,0.483945,0.475225,2.069929,2.999999,0.5,0.272727,6.0,0.258741,3.0,0.251748,0.181818
11702_master,13+,13.7,628.0,142.03125,4.421562,3.499999,4.999997,0.049363,0.062102,0.0,0.012739,0.012739,0.13535,0.203822,0.022293,0.178543,0.492038,6.0,0.375,0.5,0.371019,0.176752,0.068471,0.339172,0.175469,0.375,0.183099,0.0,0.014085,2.920187,4.0,0.227707,0.533217,1.0,0.58042,0.202465,0.5,0.253521,0.96875,0.0,0.065728,0.203822,0.13535,0.052548,1.340774,2.173795,0.448882,0.2512,0.53125,0.462687,3.129411,5.599998,0.375,0.388235,5.0,0.141176,1.0,0.164706,0.070588
11704_master,13+,13.6,551.0,141.003906,3.907693,3.098003,4.999997,0.029038,0.067151,0.001815,0.005445,0.005445,0.203267,0.094374,0.027223,0.182849,0.69873,6.0,0.375,0.5,0.410163,0.15245,0.056261,0.277677,0.194444,0.375,0.235294,0.0,0.006536,2.542483,2.999999,0.294011,0.612654,1.0,0.82716,0.253106,0.5,0.341615,0.967033,0.010989,0.098039,0.07441,0.183303,0.056261,0.978292,1.507333,0.395985,0.1883,0.443277,0.402597,2.61607,2.999999,0.375,0.276786,4.9,0.107143,2.0,0.133929,0.098214
11705_master,13,13.4,463.0,117.24138,3.949118,3.138228,4.999997,0.082073,0.036717,0.0,0.021598,0.021598,0.203024,0.151188,0.060475,0.174136,0.799136,6.0,0.375,0.5,0.37797,0.136069,0.073434,0.343413,0.193396,0.375,0.106918,0.0,0.0,2.597483,4.999997,0.198704,0.44837,1.0,0.402174,0.156593,0.5,0.175824,0.961538,0.0,0.176101,0.140389,0.192225,0.023758,1.452784,1.927405,0.364425,0.186957,0.411616,0.373333,2.978722,4.999997,0.5,0.117021,6.0,0.265957,2.0,0.297872,0.159574
11706_master,13+,13.9,646.0,117.446808,5.500362,4.718267,7.000004,0.080495,0.041796,0.001548,0.010836,0.010836,0.168731,0.151703,0.06192,0.171246,0.681115,7.0,0.375,0.375,0.408669,0.137771,0.043344,0.306502,0.168561,0.375,0.131313,0.0,0.0,3.575757,6.3,0.126935,0.591463,1.0,0.743902,0.194444,0.5,0.234568,0.808219,0.013699,0.20202,0.137771,0.154799,0.029412,1.257898,1.614806,0.291601,0.120827,0.412921,0.505682,3.247706,5.999999,0.375,0.174312,5.0,0.357798,2.0,0.366972,0.238532
11707_master,14,14.5,1014.0,145.053191,6.990539,5.169625,7.000004,0.098619,0.02071,0.000986,0.005917,0.005917,0.092702,0.118343,0.0286,0.173817,0.312623,5.0,0.375,0.5,0.37574,0.16075,0.065089,0.211045,0.199182,0.375,0.093458,0.0,0.0,4.939252,8.7,0.154832,0.63535,1.0,0.840764,0.248397,0.5,0.371795,0.955752,0.0,0.135514,0.118343,0.092702,0.009862,1.388797,1.863051,0.305556,0.107463,0.331126,0.497336,5.382978,9.999997,0.5,0.106383,4.0,0.053191,2.0,0.308511,0.287234
11708_master,13,13.4,647.0,149.134616,4.338362,2.816073,4.0,0.088099,0.040185,0.0,0.086553,0.086553,0.190108,0.1051,0.02473,0.178709,0.720247,6.0,0.375,0.5,0.421947,0.159196,0.092736,0.295209,0.218586,0.5,0.136126,0.0,0.0,2.717277,4.0,0.318393,0.561893,1.0,0.626214,0.196341,0.5,0.258537,0.90991,0.0,0.08377,0.1051,0.190108,0.02473,0.528415,1.362049,0.443411,0.232919,0.440945,0.448276,2.715446,4.0,0.5,0.130081,5.0,0.121951,2.0,0.130081,0.113821
11709_master,13,13.3,540.0,137.015523,3.941159,3.022221,4.999997,0.151852,0.07963,0.001852,0.005556,0.005556,0.285185,0.118519,0.072222,0.136806,0.985185,6.0,0.375,0.5,0.290741,0.148148,0.07037,0.375926,0.174261,0.375,0.206897,0.0,0.0,2.275861,2.999999,0.187037,0.529703,1.0,0.673267,0.185,0.5,0.18,0.904762,0.0,0.192118,0.090741,0.257407,0.074074,0.834095,2.381806,0.292683,0.109023,0.297968,0.319018,2.240259,2.999999,0.375,0.25974,5.0,0.162338,2.0,0.253247,0.149351
11710_master,13+,13.7,519.0,128.482758,4.039453,3.177263,4.999997,0.025048,0.082852,0.001927,0.019268,0.019268,0.208092,0.208092,0.094412,0.203757,0.633911,6.0,0.375,0.5,0.504817,0.22158,0.073218,0.410405,0.210681,0.375,0.197183,0.0,0.018779,3.183098,4.999997,0.262042,0.544118,1.0,0.764706,0.17963,0.5,0.237037,0.975,0.0125,0.230047,0.202312,0.202312,0.023121,1.276987,1.271899,0.448743,0.238372,0.482328,0.448743,3.564814,4.999997,0.5,0.111111,5.0,0.148148,2.0,0.453704,0.435185
11713_expert,13,13.0,506.0,151.363637,3.342943,3.122529,4.999997,0.083004,0.033597,0.0,0.01581,0.01581,0.130435,0.227273,0.003953,0.154644,0.523715,6.0,0.375,0.5,0.310277,0.15415,0.092885,0.353755,0.153631,0.5,0.094972,0.0,0.011173,2.575418,4.999997,0.365613,0.5,0.75,0.594595,0.095109,0.25,0.086957,1.0,0.0,0.011173,0.22332,0.126482,0.019763,1.391962,1.936813,0.321429,0.125249,0.335681,0.373272,2.196969,4.0,0.5,0.151515,5.0,0.227273,2.0,0.030303,0.0
11713_master,14,14.5,734.0,151.363637,4.849249,4.008174,8.000004,0.021798,0.081744,0.008174,0.010899,0.010899,0.196185,0.129428,0.024523,0.173535,0.726158,5.0,0.375,0.5,0.385559,0.173025,0.061308,0.317439,0.187768,0.375,0.257511,0.025751,0.008584,3.111587,5.999999,0.262943,0.573834,1.0,0.735751,0.207031,0.5,0.255208,0.971154,0.0,0.077253,0.121253,0.188011,0.054496,1.535123,1.687977,0.281379,0.091286,0.312621,0.372263,2.881944,4.699998,0.375,0.277778,5.0,0.201389,2.0,0.125,0.111111
11715_master,13,13.1,562.0,153.176471,3.668971,2.58185,4.0,0.044484,0.065836,0.001779,0.007117,0.007117,0.266904,0.090747,0.039146,0.186833,1.005338,6.0,0.5,0.5,0.418149,0.218861,0.131673,0.341637,0.223307,0.5,0.192708,0.005208,0.0,2.322916,4.0,0.370107,0.56851,1.0,0.653846,0.228261,0.5,0.328502,0.954545,0.0,0.114583,0.074733,0.25089,0.060498,0.638804,1.503189,0.371841,0.16,0.375691,0.371841,2.293333,4.0,0.5,0.226667,5.0,0.206667,2.0,0.146667,0.093333
11716_master,13+,13.6,569.0,144.875,3.927524,3.10369,4.0,0.047452,0.059754,0.005272,0.033392,0.033392,0.240773,0.186292,0.015817,0.177944,0.787346,6.0,0.5,0.5,0.420035,0.170475,0.12478,0.40949,0.219421,0.5,0.145923,0.012876,0.008584,3.017166,4.0,0.370826,0.529621,0.75,0.701422,0.147619,0.5,0.180952,0.985185,0.0,0.038627,0.168717,0.223199,0.035149,0.633878,1.102673,0.31746,0.125442,0.344168,0.318021,3.211678,4.999997,0.425,0.145985,5.0,0.109489,2.0,0.065693,0.051095
11718_master,13,13.3,376.0,129.555555,2.90223,2.667552,3.499999,0.175532,0.087766,0.007979,0.013298,0.013298,0.300532,0.239362,0.111702,0.130984,1.106383,7.0,0.25,0.40625,0.335106,0.093085,0.050532,0.486702,0.135246,0.375,0.180328,0.016393,0.016393,2.311474,2.999999,0.340426,0.689453,1.0,0.8125,0.100394,0.25,0.070866,0.935484,0.0,0.229508,0.18617,0.24734,0.058511,1.16629,1.496599,0.465241,0.260054,0.48324,0.479339,2.274335,2.999999,0.375,0.19469,5.0,0.292035,2.0,0.371681,0.221239
11720_master,14+,14.7,962.0,143.052632,6.724798,5.482328,9.999997,0.055094,0.016632,0.00104,0.005198,0.005198,0.04158,0.177755,0.0,0.16762,0.154886,5.0,0.375,0.5,0.262994,0.147609,0.065489,0.212058,0.161152,0.5,0.078431,0.004902,0.004902,3.803921,5.999999,0.177755,0.501462,0.75,0.690058,0.197059,0.5,0.241176,0.903226,0.0,0.0,0.170478,0.034304,0.012474,1.161358,1.825971,0.213062,0.03652,0.286031,0.372043,3.349999,5.999999,0.5,0.3,4.0,0.075,1.2,0.0,0.0
11721_expert,13,13.0,498.0,111.666666,4.459702,3.449798,4.999997,0.040161,0.004016,0.0,0.002008,0.002008,0.13253,0.040161,0.006024,0.143323,0.401606,4.0,0.375,0.39375,0.363454,0.108434,0.050201,0.170683,0.235294,0.375,0.023529,0.0,0.011765,2.37647,3.6,0.182731,0.508242,1.0,0.626374,0.252778,0.75,0.3,1.0,0.0,0.035294,0.038153,0.130522,0.002008,0.968252,1.146227,0.516129,0.359596,0.408867,0.516129,2.560605,4.0,0.375,0.015152,4.0,0.0,2.0,0.045455,0.0
11721_master,14,14.0,648.0,112.0,5.785714,4.024691,5.999999,0.00463,0.023148,0.0,0.001543,0.001543,0.128086,0.092593,0.049383,0.195988,0.408951,4.0,0.375,0.375,0.46142,0.171296,0.044753,0.220679,0.189685,0.375,0.104895,0.0,0.0,3.650349,4.999997,0.222222,0.588542,1.0,0.708333,0.246503,0.7,0.307692,0.985075,0.0,0.223776,0.092593,0.128086,0.013889,1.335231,1.163044,0.366873,0.165891,0.384298,0.371473,3.79518,5.999999,0.375,0.108434,4.0,0.0,2.0,0.385542,0.373494
11722_master,13,13.4,467.0,149.0,3.134228,2.749464,4.399999,0.038544,0.119914,0.034261,0.019272,0.019272,0.244111,0.147752,0.029979,0.172645,1.025696,7.0,0.375,0.5,0.357602,0.207709,0.09636,0.389722,0.207418,0.5,0.263736,0.043956,0.0,2.280219,4.0,0.32334,0.511589,1.0,0.543046,0.188333,0.5,0.206667,0.987179,0.012821,0.076923,0.14561,0.24197,0.06424,0.975344,1.604089,0.270968,0.086207,0.289412,0.270968,2.614034,4.0,0.5,0.263158,6.0,0.385965,2.0,0.122807,0.078947
11723_master,13+,13.6,492.0,118.588235,4.14881,2.973576,4.0,0.028455,0.069106,0.0,0.0,0.0,0.166667,0.186992,0.018293,0.148374,0.554878,5.0,0.4875,0.5,0.268293,0.148374,0.101626,0.337398,0.171687,0.5,0.204819,0.0,0.0,2.433734,4.0,0.398374,0.419643,0.75,0.454082,0.147436,0.5,0.174359,1.0,0.0,0.054217,0.170732,0.150407,0.044715,0.680264,1.464565,0.340816,0.165644,0.359477,0.351579,2.634145,3.9,0.5,0.268293,4.0,0.073171,2.0,0.109756,0.109756
11724_master,13+,13.6,624.0,144.0,4.333333,3.083332,4.999997,0.057692,0.072115,0.0,0.004808,0.004808,0.160256,0.147436,0.025641,0.169071,0.543269,6.0,0.375,0.5,0.365385,0.168269,0.0625,0.302885,0.174603,0.4,0.238095,0.0,0.0,2.68783,4.2,0.282051,0.558239,1.0,0.636364,0.235714,0.5,0.274286,0.97619,0.0,0.084656,0.142628,0.155449,0.065705,1.174845,1.298782,0.311897,0.101449,0.325,0.311897,2.719999,5.099997,0.5,0.41,4.0,0.08,2.0,0.16,0.07
11725_master,14,14.2,697.0,136.344786,5.11204,3.810616,5.999999,0.012912,0.074605,0.0,0.001435,0.001435,0.223816,0.104735,0.035868,0.200681,0.870875,6.0,0.375,0.5,0.451937,0.233859,0.094692,0.321377,0.223772,0.5,0.232143,0.0,0.004464,3.165178,4.0,0.243902,0.641176,1.0,0.823529,0.193787,0.5,0.213018,0.981818,0.0,0.111607,0.097561,0.216643,0.073171,1.076365,2.11207,0.309353,0.142651,0.367837,0.350329,3.121794,4.499999,0.5,0.326923,6.0,0.198718,2.0,0.160256,0.160256
11726_master,13+,13.6,469.0,149.032258,3.14697,2.784648,4.0,0.025586,0.172708,0.008529,0.008529,0.008529,0.232409,0.15565,0.021322,0.186301,0.886994,6.0,0.5,0.5,0.428571,0.240938,0.102345,0.362473,0.174265,0.5,0.476471,0.023529,0.023529,2.294117,4.0,0.41791,0.55102,1.0,0.709184,0.187179,0.5,0.220513,0.965517,0.0,0.058824,0.130064,0.206823,0.144989,1.060119,1.464276,0.394004,0.251073,0.413093,0.41629,2.412843,4.0,0.5,0.623853,5.0,0.247706,2.0,0.091743,0.073394
11727_master,13,13.2,594.0,144.262295,4.1175,3.419191,4.999997,0.030303,0.06734,0.006734,0.023569,0.023569,0.146465,0.180135,0.013468,0.161406,0.538721,5.0,0.375,0.5,0.338384,0.124579,0.060606,0.314815,0.159759,0.375,0.203209,0.010695,0.02139,2.930481,4.0,0.254209,0.59106,1.0,0.854305,0.166667,0.5,0.233333,0.927273,0.0,0.042781,0.16835,0.13468,0.030303,0.907056,1.422077,0.373311,0.19797,0.388,0.373311,3.068965,4.0,0.375,0.206897,4.4,0.103448,2.0,0.091954,0.08046
11728_master,13,13.1,603.0,146.684211,4.110872,3.067993,4.999997,0.0199,0.094527,0.00995,0.028192,0.028192,0.260365,0.044776,0.026534,0.193408,0.900498,5.0,0.5,0.5,0.402985,0.260365,0.144279,0.305141,0.203804,0.5,0.277174,0.0,0.021739,2.532608,4.0,0.330017,0.574121,1.0,0.698492,0.246212,0.5,0.318182,1.0,0.0,0.086957,0.044776,0.260365,0.067993,0.587978,1.266105,0.336106,0.143333,0.331502,0.361011,2.598725,4.0,0.5,0.261146,5.0,0.159236,1.5,0.101911,0.076433
11730_master,13+,13.8,571.0,143.076923,3.99086,3.138353,4.0,0.014011,0.038529,0.0,0.012259,0.012259,0.248687,0.14711,0.04028,0.169877,0.961471,7.0,0.375,0.5,0.378284,0.189142,0.094571,0.390543,0.177691,0.375,0.098655,0.0,0.0,2.789237,4.0,0.341506,0.551282,1.0,0.728205,0.176546,0.5,0.216495,1.0,0.0,0.103139,0.141856,0.243433,0.036778,1.269204,1.393158,0.339192,0.151408,0.344383,0.352834,2.739436,4.0,0.375,0.147887,5.0,0.225352,2.0,0.161972,0.147887
11731_master,13,13.1,445.0,142.411765,3.124742,2.346066,2.999999,0.049438,0.053933,0.0,0.017978,0.017978,0.21573,0.2,0.044944,0.185112,0.847191,7.0,0.5,0.5,0.388764,0.197753,0.114607,0.395506,0.181818,0.5,0.136364,0.0,0.045455,2.051136,2.999999,0.395506,0.576705,1.0,0.767045,0.19,0.5,0.234286,0.956522,0.0,0.113636,0.179775,0.195506,0.035955,0.870007,1.693773,0.442438,0.248869,0.4447,0.442438,2.270832,2.999999,0.5,0.166667,5.0,0.21875,2.0,0.208333,0.114583
11733_master,13+,13.7,620.0,152.857143,4.056075,3.099999,4.999997,0.022581,0.108065,0.0,0.016129,0.016129,0.201613,0.03871,0.016129,0.177823,0.733871,6.0,0.375,0.5,0.387097,0.18871,0.058065,0.237097,0.134354,0.3,0.455782,0.0,0.0,2.435373,4.0,0.329032,0.604167,1.0,0.735294,0.204433,0.5,0.26601,0.842105,0.0,0.068027,0.035484,0.198387,0.104839,0.958822,1.435651,0.309061,0.111831,0.321293,0.309061,2.255999,2.999999,0.25,0.52,5.0,0.152,2.0,0.08,0.08
11734_master,13+,13.7,414.0,87.058824,4.755405,3.37198,4.999997,0.021739,0.065217,0.0,0.002415,0.002415,0.229469,0.070048,0.021739,0.170894,0.871981,5.0,0.375,0.5,0.364734,0.178744,0.070048,0.299517,0.178427,0.375,0.217742,0.0,0.0,2.967741,4.0,0.299517,0.645161,1.0,0.814516,0.189024,0.5,0.186992,0.983607,0.0,0.072581,0.070048,0.229469,0.055556,0.822511,1.272368,0.296117,0.126521,0.295699,0.324468,2.915789,4.0,0.45,0.242105,5.0,0.189474,1.0,0.094737,0.094737
11736_master,13,13.0,426.0,143.612903,2.966307,2.314553,2.999999,0.096244,0.14554,0.018779,0.030516,0.030516,0.321596,0.183099,0.053991,0.193075,1.197183,6.0,0.5,0.5,0.424883,0.201878,0.126761,0.485915,0.213164,0.5,0.299517,0.038647,0.057971,2.178743,2.999999,0.399061,0.489706,1.0,0.611765,0.221893,0.5,0.260355,0.920635,0.0,0.111111,0.164319,0.302817,0.115023,1.005378,1.480438,0.360849,0.144208,0.359903,0.366093,2.277371,2.999999,0.5,0.357664,5.0,0.233577,2.0,0.167883,0.065693
11737_master,13,13.5,494.0,132.5,3.728302,3.127529,4.999997,0.087045,0.07085,0.01417,0.018219,0.018219,0.198381,0.226721,0.036437,0.144737,0.720648,6.0,0.375,0.5,0.295547,0.123482,0.05668,0.406883,0.153607,0.375,0.149254,0.00995,0.024876,2.691541,4.0,0.214575,0.542453,1.0,0.679245,0.221429,0.5,0.219048,0.935897,0.025641,0.089552,0.208502,0.180162,0.04251,1.355422,1.883647,0.394309,0.154786,0.419355,0.408421,2.60204,4.0,0.375,0.214286,5.0,0.142857,2.0,0.183673,0.061224
11738_master,13+,13.8,508.0,143.448276,3.541346,2.531495,4.0,0.141732,0.094488,0.0,0.041339,0.041339,0.305118,0.05315,0.082677,0.136073,1.031496,6.0,0.375,0.5,0.271654,0.112205,0.062992,0.352362,0.171788,0.5,0.268156,0.0,0.01676,2.536312,4.0,0.277559,0.730496,1.0,0.865248,0.210714,0.5,0.285714,0.95,0.0,0.234637,0.047244,0.299213,0.090551,0.86546,1.359524,0.440711,0.229703,0.44511,0.440711,2.593548,4.0,0.5,0.296774,5.0,0.174194,2.0,0.270968,0.167742
11739_master,14,14.1,768.0,140.706522,5.458169,4.360677,7.000004,0.035156,0.089844,0.026042,0.020833,0.020833,0.160156,0.050781,0.018229,0.193197,0.619792,6.0,0.375,0.5,0.397135,0.1875,0.078125,0.207031,0.211478,0.375,0.320755,0.012579,0.012579,2.924528,4.0,0.268229,0.549757,1.0,0.640777,0.232927,0.5,0.326829,0.939759,0.0,0.08805,0.046875,0.15625,0.061198,0.897878,1.544409,0.220762,0.102767,0.280412,0.227642,2.772357,4.0,0.375,0.382114,5.0,0.195122,2.0,0.113821,0.089431
11740_master,13+,13.7,543.0,132.640449,4.093774,2.992633,5.999999,0.075506,0.099448,0.0,0.01105,0.01105,0.222836,0.121547,0.040516,0.175875,0.845304,6.0,0.375,0.5,0.370166,0.165746,0.077348,0.3407,0.177027,0.375,0.291892,0.0,0.0,2.308107,2.999999,0.285451,0.546774,1.0,0.606452,0.24513,0.5,0.311688,0.966667,0.0,0.118919,0.117864,0.219153,0.06814,0.977693,1.612159,0.429907,0.219512,0.491304,0.456349,2.413222,4.0,0.375,0.305785,4.0,0.099174,2.0,0.181818,0.157025
11741_expert,13,13.0,497.0,145.628572,3.412792,2.885311,4.0,0.022133,0.034205,0.0,0.002012,0.002012,0.15493,0.096579,0.024145,0.160714,0.515091,6.0,0.375,0.375,0.364185,0.126761,0.044266,0.229376,0.198465,0.375,0.149123,0.0,0.008772,2.236841,3.7,0.259557,0.474806,1.0,0.511628,0.195312,0.5,0.21875,1.0,0.0,0.105263,0.074447,0.132797,0.032193,1.526163,1.663413,0.573737,0.380567,0.596195,0.573737,2.363636,4.0,0.375,0.207792,4.0,0.090909,2.0,0.155844,0.155844
11741_master,14+,14.7,733.0,146.057143,5.018584,4.009549,5.999999,0.047749,0.051842,0.0,0.004093,0.004093,0.186903,0.225102,0.066849,0.189291,0.71487,7.0,0.375,0.5,0.416098,0.171896,0.098226,0.407913,0.170569,0.375,0.12709,0.0,0.003344,3.438126,5.999999,0.199181,0.691781,1.0,0.90411,0.17931,0.5,0.206897,0.975904,0.0,0.16388,0.22101,0.18281,0.028649,1.613227,1.702214,0.359781,0.143836,0.459402,0.391952,3.452554,5.999999,0.5,0.153285,5.0,0.321168,3.0,0.357664,0.350365
11742_master,13,13.4,455.0,138.529412,3.284501,2.767032,4.0,0.054945,0.083516,0.002198,0.013187,0.015385,0.235165,0.21978,0.072527,0.180495,0.848352,7.0,0.375,0.5,0.373626,0.175824,0.076923,0.426374,0.195876,0.375,0.195876,0.005155,0.020619,2.108247,2.999999,0.246154,0.540179,1.0,0.625,0.247748,0.5,0.279279,0.92,0.0,0.170103,0.191209,0.206593,0.050549,0.925441,1.391975,0.359823,0.146018,0.362559,0.381733,2.121495,2.999999,0.5,0.214953,5.4,0.158879,2.0,0.308411,0.186916
11743_master,13+,13.8,544.0,129.101124,4.213751,2.92647,4.0,0.104779,0.040441,0.005515,0.018382,0.018382,0.205882,0.169118,0.079044,0.147748,0.775735,6.0,0.375,0.375,0.284926,0.125,0.038603,0.365809,0.148241,0.375,0.095477,0.0,0.025126,2.753768,4.0,0.181985,0.588384,1.0,0.757576,0.191327,0.5,0.234694,0.943662,0.028169,0.21608,0.159926,0.196691,0.027574,1.22792,1.581572,0.387454,0.160813,0.401198,0.388889,3.044642,4.999997,0.375,0.133929,5.0,0.232143,1.0,0.383929,0.3125
11744_master,14,14.4,621.0,137.668712,4.510829,4.066022,5.999999,0.028986,0.066023,0.003221,0.004831,0.004831,0.185185,0.130435,0.067633,0.186393,0.636071,6.0,0.375,0.5,0.425121,0.138486,0.059581,0.301127,0.182487,0.375,0.213904,0.005348,0.0,3.299464,5.999999,0.239936,0.600671,1.0,0.765101,0.256757,0.5,0.378378,0.932432,0.0,0.224599,0.115942,0.170692,0.05314,1.310103,1.753891,0.285251,0.105691,0.404826,0.300518,3.086956,5.999999,0.375,0.286957,5.0,0.165217,2.0,0.365217,0.286957
11745_expert,13,13.4,521.0,152.195122,3.423237,3.193857,5.999999,0.051823,0.092131,0.0,0.003839,0.003839,0.143954,0.15739,0.015355,0.15667,0.558541,6.0,0.375,0.5,0.332054,0.109405,0.069098,0.289827,0.139901,0.25,0.317881,0.0,0.006623,2.602648,4.0,0.28023,0.508562,0.75,0.643836,0.160345,0.5,0.2,0.962025,0.0,0.05298,0.145873,0.132438,0.059501,1.324811,1.697595,0.33526,0.146718,0.372998,0.401848,2.973333,5.999999,0.25,0.413333,5.0,0.253333,2.0,0.106667,0.106667
11745_master,14+,14.8,815.0,152.198171,5.354861,4.663804,7.000004,0.030675,0.051534,0.0,0.0,0.0,0.201227,0.057669,0.050307,0.214264,0.753374,7.0,0.5,0.5,0.452761,0.268712,0.154601,0.256442,0.190789,0.4,0.200957,0.0,0.0,3.167464,5.199998,0.207362,0.779586,1.0,0.869822,0.208333,0.5,0.315476,0.967391,0.0,0.196172,0.055215,0.198773,0.046626,1.490745,1.659773,0.258621,0.075216,0.359244,0.4371,3.317073,5.999999,0.5,0.231707,4.0,0.097561,1.0,0.25,0.189024
11746_master,14+,14.8,892.0,135.120482,6.601516,4.920403,8.000004,0.050448,0.066143,0.008969,0.008969,0.008969,0.14574,0.139013,0.048206,0.197029,0.520179,5.0,0.5,0.5,0.418161,0.199552,0.118834,0.276906,0.214575,0.5,0.218623,0.012146,0.0,4.076922,7.000004,0.235426,0.672619,1.0,0.809524,0.226077,0.5,0.325359,0.94898,0.020408,0.174089,0.131166,0.137892,0.035874,1.204208,1.688094,0.266292,0.116985,0.403153,0.310734,4.553845,8.000004,0.375,0.246154,4.0,0.092308,1.0,0.330769,0.307692
11747_master,13+,13.6,478.0,123.492823,3.87067,2.947698,4.0,0.098326,0.077406,0.0,0.025105,0.025105,0.167364,0.169456,0.020921,0.175471,0.594142,6.0,0.375,0.5,0.403766,0.167364,0.087866,0.330544,0.18038,0.375,0.234177,0.0,0.0,2.92405,4.0,0.271967,0.625,1.0,0.730769,0.253876,0.5,0.356589,0.952941,0.0,0.063291,0.16318,0.161088,0.046025,0.712454,1.556285,0.469214,0.228145,0.488789,0.487859,2.999999,4.0,0.375,0.275,4.1,0.1,2.0,0.125,0.0625
11748_master,13,13.2,446.0,150.0,2.973333,2.360986,4.0,0.080717,0.076233,0.002242,0.047085,0.047085,0.266816,0.163677,0.049327,0.179652,0.96861,7.0,0.5,0.5,0.396861,0.179372,0.109865,0.426009,0.198684,0.5,0.178947,0.005263,0.026316,2.247368,4.0,0.338565,0.509934,1.0,0.589404,0.17,0.5,0.22,0.91358,0.0,0.115789,0.159193,0.262332,0.067265,0.792199,1.47157,0.36036,0.158014,0.36036,0.36036,2.22689,4.0,0.5,0.252101,5.0,0.142857,2.0,0.184874,0.159664
11749_master,14,14.4,720.0,154.18421,4.669739,4.231944,7.000004,0.120833,0.031944,0.004167,0.0375,0.0375,0.202778,0.195833,0.098611,0.146354,0.795833,11.0,0.375,0.375,0.3,0.126389,0.047222,0.376389,0.157749,0.375,0.077491,0.00369,0.02214,3.287822,4.999997,0.125,0.558333,1.0,0.677778,0.216292,0.5,0.337079,0.841463,0.02439,0.261993,0.173611,0.180556,0.022222,1.604057,1.776985,0.331404,0.185131,0.410314,0.438976,3.226027,4.999997,0.375,0.109589,5.0,0.308219,1.0,0.486301,0.205479
11750_master,13+,13.9,550.0,126.46875,4.3489,3.463636,5.999999,0.092727,0.090909,0.0,0.007273,0.007273,0.172727,0.125455,0.041818,0.138636,0.658182,7.0,0.375,0.5,0.272727,0.12,0.065455,0.274545,0.134106,0.25,0.331126,0.0,0.0,2.622516,4.0,0.312727,0.627907,1.0,0.744186,0.181287,0.5,0.245614,0.957143,0.0,0.152318,0.101818,0.149091,0.081818,0.808901,1.524521,0.441606,0.215722,0.497845,0.478261,2.863157,4.0,0.375,0.473684,7.0,0.2,2.0,0.242105,0.126316
11751_master,13+,13.8,501.0,114.864865,4.361647,3.856287,5.999999,0.057884,0.035928,0.0,0.001996,0.001996,0.209581,0.101796,0.053892,0.179391,0.750499,6.0,0.375,0.5,0.407186,0.155689,0.081836,0.303393,0.189145,0.5,0.118421,0.0,0.0,3.236842,5.999999,0.273453,0.547445,1.0,0.576642,0.185662,0.5,0.257353,0.951613,0.0,0.177632,0.093812,0.201597,0.035928,1.57085,1.687106,0.312625,0.11245,0.314363,0.32981,3.590476,5.999999,0.45,0.171429,5.0,0.12381,2.0,0.257143,0.161905
11752_expert,13,13.5,678.0,152.64,4.441824,3.796459,4.999997,0.053097,0.001475,0.0,0.001475,0.001475,0.060472,0.147493,0.004425,0.146571,0.202065,5.0,0.375,0.5,0.349558,0.147493,0.075221,0.20354,0.148551,0.375,0.007246,0.0,0.0,3.471013,4.999997,0.269912,0.5,0.75,0.797814,0.089286,0.5,0.115385,0.983051,0.0,0.021739,0.143068,0.056047,0.001475,1.45138,1.378485,0.285503,0.115556,0.358268,0.3088,3.14634,4.999997,0.5,0.02439,4.0,0.097561,2.0,0.073171,0.04878
11752_master,14+,14.7,897.0,152.52,5.881196,4.846153,8.000004,0.090301,0.073579,0.015608,0.017837,0.017837,0.171683,0.142698,0.049052,0.146321,0.627648,6.0,0.375,0.5,0.276477,0.124861,0.055741,0.309922,0.148831,0.375,0.215827,0.028777,0.017986,3.748201,5.999999,0.168339,0.660596,1.0,0.86755,0.2,0.5,0.233333,0.970588,0.0,0.158273,0.138239,0.167224,0.03456,1.428242,1.683923,0.270694,0.098544,0.35865,0.390728,3.772726,6.700002,0.375,0.201299,6.0,0.155844,2.0,0.285714,0.24026
11753_expert,13,13.5,493.0,155.331401,3.173859,3.612575,5.999999,0.129817,0.016227,0.0,0.028398,0.028398,0.123732,0.233266,0.030426,0.151369,0.448276,10.0,0.375,0.5,0.288032,0.146045,0.058824,0.338742,0.154192,0.375,0.047904,0.0,0.02994,2.383233,4.0,0.154158,0.444079,0.75,0.5,0.223333,0.65,0.293333,0.813953,0.0,0.08982,0.21501,0.105477,0.01217,1.424036,2.661871,0.320329,0.146091,0.421512,0.368421,2.836065,7.000004,0.375,0.098361,4.0,0.098361,2.0,0.245902,0.213115
11753_master,14+,14.9,795.0,155.291928,5.11939,4.84654,8.999999,0.062893,0.071698,0.018868,0.011321,0.011321,0.240252,0.086792,0.128302,0.156918,0.838994,6.0,0.375,0.4125,0.315723,0.118239,0.050314,0.316981,0.146825,0.375,0.186508,0.019841,0.015873,4.0,7.000004,0.158491,0.640873,1.0,0.809524,0.188,0.5,0.264,0.890411,0.0,0.404762,0.07673,0.230189,0.041509,1.623794,2.356635,0.301144,0.107143,0.427602,0.450382,4.005235,7.000004,0.375,0.172775,5.0,0.183246,2.0,0.534031,0.361257
11754_master,14,14.0,808.0,141.349694,5.716319,4.168316,5.999999,0.011139,0.032178,0.0,0.00495,0.00495,0.12995,0.081683,0.037129,0.180074,0.496287,6.0,0.375,0.5,0.418317,0.163366,0.061881,0.200495,0.18287,0.375,0.160494,0.0,0.0,3.271604,5.999999,0.204208,0.613636,1.0,0.769697,0.181402,0.5,0.256098,0.986842,0.0,0.185185,0.070545,0.118812,0.022277,0.92306,1.238446,0.299007,0.12795,0.43002,0.301627,3.409523,5.999999,0.375,0.171429,6.0,0.257143,2.0,0.285714,0.266667
11755_master,14,14.2,749.0,141.495567,5.293452,4.141521,5.999999,0.129506,0.073431,0.014686,0.008011,0.008011,0.141522,0.178905,0.046729,0.170561,0.570093,7.0,0.375,0.5,0.335113,0.190921,0.088117,0.291055,0.158257,0.375,0.252294,0.050459,0.009174,3.275228,5.999999,0.208278,0.540064,1.0,0.621795,0.154839,0.5,0.154839,0.873418,0.0,0.16055,0.149533,0.11215,0.036048,1.170655,1.629703,0.287818,0.11126,0.376842,0.306475,3.283018,5.999999,0.375,0.254717,6.0,0.330189,2.0,0.330189,0.226415
11756_master,13+,13.7,618.0,151.578947,4.077083,3.331715,4.999997,0.090615,0.061489,0.0,0.006472,0.006472,0.179612,0.176375,0.037217,0.125607,0.734628,10.0,0.25,0.5,0.224919,0.097087,0.053398,0.330097,0.148284,0.375,0.186275,0.0,0.009804,3.073529,4.0,0.263754,0.519939,0.75,0.668712,0.162037,0.5,0.191358,0.892473,0.0,0.112745,0.150485,0.153722,0.02589,1.527523,1.56254,0.38961,0.219512,0.402904,0.43295,3.279279,4.0,0.375,0.144144,6.0,0.342342,2.0,0.207207,0.135135
11757_master,13,13.4,672.0,150.171428,4.474886,3.440475,5.999999,0.098214,0.05506,0.002976,0.05506,0.05506,0.159226,0.087798,0.008929,0.162574,0.572917,7.0,0.375,0.5,0.294643,0.145833,0.083333,0.244048,0.179878,0.5,0.213415,0.0,0.02439,2.463414,2.999999,0.245536,0.522727,1.0,0.648485,0.189024,0.5,0.256098,0.878049,0.0,0.036585,0.084821,0.15625,0.043155,0.868823,1.845867,0.317365,0.121622,0.363128,0.344156,2.448597,2.999999,0.5,0.271028,5.0,0.205607,2.0,0.056075,0.028037
11758_master,13+,13.7,624.0,140.907258,4.428445,3.841345,5.999999,0.036859,0.073718,0.024038,0.004808,0.004808,0.120192,0.166667,0.035256,0.205329,0.432692,7.0,0.375,0.5,0.504808,0.227564,0.084936,0.280449,0.181429,0.375,0.257143,0.08,0.005714,2.851428,4.999997,0.179487,0.607143,1.0,0.830357,0.213964,0.5,0.261261,0.959459,0.0,0.125714,0.160256,0.113782,0.024038,1.263469,1.52918,0.325282,0.116129,0.432161,0.334437,3.293332,5.999999,0.375,0.2,5.0,0.133333,2.0,0.293333,0.266667
11759_master,14,14.1,572.0,123.340909,4.637553,3.725524,8.000004,0.013986,0.02972,0.003497,0.013986,0.013986,0.26049,0.061189,0.094406,0.1816,1.038462,7.0,0.5,0.5,0.393357,0.185315,0.103147,0.316434,0.196133,0.375,0.082873,0.0,0.0,2.950276,4.999997,0.194056,0.601351,1.0,0.684685,0.184091,0.5,0.254545,0.984375,0.0,0.298343,0.055944,0.255245,0.019231,1.102946,1.454374,0.310526,0.11775,0.358974,0.369979,3.181208,4.999997,0.5,0.073826,6.0,0.255034,3.0,0.362416,0.308725
11760_remaster,13,13.2,380.0,87.98077,4.319126,3.260526,5.999999,0.107895,0.052632,0.0,0.007895,0.007895,0.184211,0.055263,0.036842,0.148684,0.705263,6.0,0.375,0.5,0.326316,0.118421,0.052632,0.226316,0.165698,0.375,0.232558,0.0,0.034884,2.709302,5.999999,0.189474,0.600694,1.0,0.694444,0.235915,0.5,0.323944,0.914894,0.0,0.162791,0.042105,0.171053,0.047368,0.78953,1.69862,0.391534,0.153846,0.444099,0.421965,2.799999,5.999999,0.375,0.257143,5.0,0.171429,1.0,0.2,0.128571
11761_master,13+,13.9,472.0,141.764641,3.329462,2.519067,4.0,0.114407,0.103814,0.0,0.069915,0.069915,0.360169,0.150424,0.067797,0.152807,1.336864,6.0,0.375,0.5,0.317797,0.17161,0.095339,0.466102,0.147159,0.375,0.222727,0.0,0.004545,2.349999,2.999999,0.317797,0.636667,1.0,0.853333,0.159396,0.5,0.208054,0.964706,0.0,0.145455,0.105932,0.315678,0.101695,0.737082,1.369315,0.393617,0.204691,0.391209,0.41573,2.317646,2.999999,0.375,0.282353,5.1,0.229412,2.0,0.188235,0.029412
11763_remaster,13,13.5,625.0,137.058823,4.560086,3.164799,4.0,0.0048,0.0448,0.0,0.0048,0.0048,0.1344,0.136,0.0224,0.1952,0.4512,5.0,0.375,0.5,0.4464,0.1808,0.0976,0.2608,0.184049,0.475,0.171779,0.0,0.01227,2.785275,4.0,0.312,0.60641,1.0,0.774359,0.158505,0.5,0.190722,0.9875,0.0,0.08589,0.1264,0.1248,0.0384,0.638098,1.431336,0.35634,0.181672,0.366492,0.35634,2.797618,4.0,0.5,0.285714,4.0,0.059524,2.0,0.166667,0.107143
11764_remaster,13,13.4,455.0,127.272727,3.575,2.962636,4.0,0.138462,0.098901,0.008791,0.074725,0.074725,0.204396,0.178022,0.028571,0.166484,0.865934,6.0,0.5,0.5,0.362637,0.182418,0.105495,0.373626,0.177206,0.375,0.247059,0.005882,0.088235,2.588234,2.999999,0.378022,0.536337,1.0,0.616279,0.160819,0.5,0.157895,0.825581,0.0,0.076471,0.169231,0.195604,0.046154,0.80863,1.436508,0.273731,0.119469,0.285714,0.287081,2.548386,2.999999,0.5,0.225806,5.8,0.376344,2.0,0.139785,0.107527
11765_master,13,13.1,535.0,146.276595,3.657455,2.702803,4.0,0.046729,0.04486,0.0,0.013084,0.013084,0.181308,0.127103,0.035514,0.195327,0.736449,7.0,0.5,0.5,0.431776,0.214953,0.106542,0.291589,0.214744,0.375,0.153846,0.0,0.00641,2.442307,2.999999,0.35514,0.503947,1.0,0.610526,0.190476,0.5,0.243386,0.975309,0.0,0.121795,0.11028,0.164486,0.039252,0.709947,1.511968,0.386492,0.156015,0.391892,0.402344,2.371133,2.999999,0.425,0.216495,5.0,0.28866,2.0,0.195876,0.164948
11767_master,13,13.0,522.0,133.246753,3.917544,3.091953,4.999997,0.024904,0.030651,0.001916,0.009579,0.009579,0.185824,0.065134,0.032567,0.176964,0.737548,6.0,0.375,0.5,0.356322,0.159004,0.091954,0.243295,0.161417,0.5,0.125984,0.007874,0.007874,2.661417,4.0,0.227969,0.598739,1.0,0.680672,0.169492,0.5,0.220339,0.986111,0.0,0.133858,0.057471,0.178161,0.02682,0.823631,1.519397,0.421154,0.169557,0.430131,0.424419,2.525772,4.0,0.5,0.14433,6.0,0.268041,2.0,0.175258,0.14433
11769_master,13+,13.8,650.0,149.432353,4.349794,3.238461,4.999997,0.152308,0.086154,0.015385,0.061538,0.066154,0.169231,0.226154,0.053846,0.149808,0.649231,6.0,0.375,0.5,0.38,0.130769,0.056923,0.389231,0.136858,0.375,0.221344,0.039526,0.023715,3.332015,5.999999,0.275385,0.560056,1.0,0.659218,0.185393,0.5,0.230337,0.858407,0.0,0.13834,0.22,0.163077,0.021538,0.899173,2.256662,0.380488,0.215107,0.365942,0.373057,3.045454,4.999997,0.375,0.127273,5.0,0.318182,2.0,0.318182,0.209091
11770_master,13+,13.7,623.0,159.929803,3.895459,3.391653,4.999997,0.016051,0.049759,0.006421,0.00321,0.00321,0.203852,0.117175,0.032103,0.193218,0.788122,7.0,0.375,0.5,0.425361,0.179775,0.085072,0.311396,0.217139,0.5,0.139175,0.0,0.005155,2.788659,4.0,0.255217,0.646226,1.0,0.779874,0.210443,0.5,0.253165,0.986486,0.0,0.103093,0.107544,0.194222,0.033708,1.362461,2.443928,0.346216,0.125806,0.369115,0.364726,2.944881,4.0,0.5,0.165354,5.0,0.23622,2.0,0.15748,0.149606
11771_master,14,14.2,665.0,140.704846,4.726205,3.563909,5.999999,0.042105,0.051128,0.0,0.0,0.0,0.23609,0.147368,0.046617,0.172744,0.843609,7.0,0.375,0.5,0.353383,0.169925,0.07218,0.368421,0.171939,0.375,0.138776,0.0,0.0,2.816326,4.0,0.193985,0.540698,1.0,0.689922,0.222656,0.5,0.265625,0.968504,0.0,0.126531,0.132331,0.221053,0.02406,1.245497,1.46135,0.396947,0.228528,0.437838,0.466302,2.980891,4.0,0.375,0.101911,5.0,0.152866,2.0,0.197452,0.089172
11772_master,13+,13.7,454.0,123.8,3.667205,3.396475,5.999999,0.151982,0.055066,0.019824,0.026432,0.026432,0.240088,0.068282,0.061674,0.127753,0.938326,9.0,0.3375,0.375,0.270925,0.101322,0.039648,0.297357,0.157407,0.375,0.125926,0.007407,0.0,2.318518,2.999999,0.262115,0.655462,1.0,0.823529,0.228814,0.5,0.288136,0.867647,0.029412,0.207407,0.057269,0.229075,0.03304,1.078819,1.887403,0.35177,0.148559,0.408,0.407692,2.3211,2.999999,0.375,0.137615,6.2,0.211009,2.0,0.256881,0.192661
11773_master,13,13.1,390.0,143.586207,2.716138,2.41282,2.999999,0.041026,0.084615,0.0,0.012821,0.012821,0.307692,0.141026,0.05641,0.156731,1.171795,6.0,0.5,0.5,0.338462,0.184615,0.112821,0.394872,0.178571,0.5,0.214286,0.0,0.0,1.935064,2.999999,0.346154,0.37963,0.9,0.244444,0.134328,0.5,0.19403,0.962264,0.0,0.142857,0.087179,0.253846,0.082051,0.86311,1.547226,0.391753,0.160207,0.394256,0.39895,2.008332,2.999999,0.5,0.266667,5.0,0.3,2.0,0.183333,0.125
11774_master,13,13.0,473.0,124.875,3.787788,4.496829,11.000004,0.010571,0.061311,0.0,0.002114,0.002114,0.171247,0.12685,0.014799,0.178911,0.627907,8.0,0.375,0.5,0.308668,0.173362,0.090909,0.289641,0.196168,0.5,0.211679,0.0,0.007299,2.09489,2.999999,0.255814,0.516529,1.0,0.61157,0.210417,0.5,0.191667,0.984615,0.0,0.051095,0.118393,0.162791,0.048626,1.083886,1.776791,0.239915,0.110638,0.329377,0.317416,2.098765,2.999999,0.5,0.283951,4.0,0.08642,2.0,0.08642,0.074074
11775_master,13,13.2,430.0,148.0,2.905405,2.865116,4.999997,0.081395,0.051163,0.0,0.013953,0.013953,0.255814,0.146512,0.032558,0.179651,0.974419,6.0,0.375,0.5,0.437209,0.197674,0.095349,0.383721,0.215909,0.5,0.133333,0.0,0.012121,2.163636,2.999999,0.232558,0.6175,1.0,0.96,0.141414,0.5,0.181818,0.934426,0.0,0.084848,0.127907,0.237209,0.048837,1.178213,1.837437,0.350467,0.156909,0.380577,0.408719,2.290909,4.0,0.5,0.190909,5.0,0.309091,2.0,0.127273,0.081818
11776_master,13+,13.7,650.0,152.357143,4.266292,3.166153,4.999997,0.027692,0.052308,0.0,0.006154,0.006154,0.147692,0.12,0.038462,0.203654,0.52,6.0,0.375,0.5,0.449231,0.212308,0.083077,0.267692,0.228448,0.5,0.195402,0.0,0.005747,2.735631,4.0,0.249231,0.54784,1.0,0.660494,0.220497,0.5,0.254658,0.988372,0.0,0.143678,0.12,0.147692,0.023077,0.882643,1.293535,0.328704,0.094281,0.355,0.331776,2.947916,4.499999,0.5,0.15625,4.0,0.09375,2.0,0.260417,0.177083
11777_master,13,13.2,340.0,146.024971,2.328369,2.047058,2.999999,0.017647,0.011765,0.0,0.014706,0.014706,0.517647,0.055882,0.302941,0.169118,2.194118,7.0,0.375,0.5,0.367647,0.2,0.070588,0.567647,0.158679,0.375,0.020725,0.0,0.025907,1.88601,1.999999,0.123529,0.630952,1.0,0.738095,0.140244,0.5,0.146341,1.0,0.0,0.533679,0.05,0.511765,0.011765,0.724668,1.33344,0.491124,0.367953,0.497006,0.491124,1.892045,2.499999,0.375,0.022727,6.0,0.346591,1.0,0.585227,0.517045
11778_remaster,14,14.0,554.0,108.956962,5.084576,4.095668,7.000004,0.001805,0.052347,0.001805,0.001805,0.001805,0.205776,0.039711,0.039711,0.208032,0.731047,6.0,0.375,0.5,0.469314,0.243682,0.075812,0.241877,0.216418,0.5,0.208955,0.0,0.007463,3.104477,4.999997,0.272563,0.55298,1.0,0.615894,0.201667,0.5,0.266667,1.0,0.0,0.164179,0.036101,0.202166,0.045126,1.063811,2.022116,0.29529,0.083485,0.340541,0.408521,3.052631,4.999997,0.5,0.219298,5.0,0.149123,2.0,0.192982,0.166667
11779_remaster,13+,13.7,362.0,90.882353,3.983172,2.646408,4.0,0.022099,0.060773,0.0,0.013812,0.013812,0.220994,0.10221,0.052486,0.174378,0.850829,6.0,0.375,0.5,0.39779,0.116022,0.058011,0.303867,0.170455,0.375,0.2,0.0,0.018182,2.399999,2.999999,0.367403,0.528195,1.0,0.616541,0.162879,0.5,0.219697,0.961538,0.0,0.172727,0.082873,0.201657,0.055249,0.680582,1.17474,0.425,0.175487,0.432665,0.425,2.537499,3.099999,0.375,0.25,5.0,0.175,1.0,0.2375,0.1375
11781_master,13,13.0,447.0,128.716993,3.472735,2.727068,4.0,0.017897,0.102908,0.004474,0.01566,0.01566,0.187919,0.221477,0.024609,0.168624,0.686801,6.0,0.375,0.375,0.342282,0.14094,0.042506,0.371365,0.178464,0.375,0.26506,0.0,0.012048,2.277107,2.999999,0.275168,0.605691,1.0,0.715447,0.295082,0.75,0.385246,0.953125,0.0,0.066265,0.183445,0.149888,0.053691,0.986393,2.195773,0.341573,0.137387,0.356796,0.343891,2.154761,2.999999,0.375,0.285714,4.0,0.071429,1.8,0.130952,0.059524
11782_master,13,13.4,572.0,148.153846,3.860852,2.935314,4.0,0.006993,0.045455,0.0,0.005245,0.005245,0.351399,0.073427,0.031469,0.207168,1.263986,6.0,0.5,0.5,0.472028,0.251748,0.145105,0.412587,0.220869,0.5,0.110169,0.0,0.008475,2.525423,4.0,0.246503,0.505319,1.0,0.588652,0.167857,0.5,0.221429,0.980583,0.0,0.076271,0.061189,0.339161,0.036713,0.725726,1.439397,0.396491,0.219684,0.416822,0.452,2.527362,4.0,0.5,0.104478,5.0,0.159204,2.0,0.089552,0.059701
11783_master,13+,13.7,586.0,150.4,3.896277,3.298634,5.999999,0.03413,0.056314,0.0,0.005119,0.005119,0.250853,0.179181,0.073379,0.209044,0.853242,6.0,0.5,0.5,0.47099,0.255973,0.138225,0.426621,0.2,0.5,0.132,0.0,0.012,2.635999,4.0,0.267918,0.547771,1.0,0.605096,0.150641,0.5,0.205128,0.977528,0.0,0.172,0.175768,0.24744,0.032423,0.935054,1.763522,0.316781,0.147513,0.36478,0.330357,2.523809,2.999999,0.5,0.129252,5.0,0.176871,2.0,0.292517,0.231293
11784_master,13+,13.8,463.0,115.764706,3.999492,3.157667,5.999999,0.222462,0.133909,0.00216,0.041037,0.043197,0.276458,0.144708,0.012959,0.151998,1.00432,6.0,0.375,0.5,0.341253,0.174946,0.099352,0.414687,0.195964,0.5,0.322917,0.005208,0.052083,2.276041,2.999999,0.336933,0.602564,1.0,0.75641,0.198387,0.5,0.258065,0.859155,0.0,0.03125,0.138229,0.269978,0.114471,0.786696,1.571528,0.309133,0.096927,0.330645,0.313539,2.382812,2.999999,0.375,0.414062,5.0,0.1875,2.0,0.046875,0.023438
11785_master,13,13.1,516.0,130.105263,3.966019,2.858526,4.0,0.069767,0.056202,0.0,0.001938,0.001938,0.162791,0.085271,0.001938,0.16061,0.556202,6.0,0.5,0.5,0.352713,0.174419,0.102713,0.246124,0.218504,0.5,0.228346,0.0,0.0,2.55118,4.0,0.325581,0.583333,1.0,0.720238,0.232036,0.5,0.287425,0.905405,0.0,0.007874,0.083333,0.160853,0.032946,0.521534,1.042802,0.38716,0.157895,0.384615,0.394841,2.559523,4.0,0.5,0.202381,4.7,0.107143,2.0,0.011905,0.011905
11786_master,13+,13.7,509.0,130.971428,3.886344,2.736738,4.0,0.072692,0.090373,0.0,0.0,0.0,0.223969,0.172888,0.05501,0.162328,0.78389,6.0,0.375,0.5,0.343811,0.117878,0.058939,0.394892,0.1449,0.25,0.228856,0.0,0.0,2.323382,2.999999,0.247544,0.654762,1.0,0.785714,0.286,0.5,0.432,0.939759,0.0,0.139303,0.170923,0.222004,0.060904,1.129096,1.321407,0.394477,0.158103,0.418803,0.394477,2.289473,2.999999,0.375,0.27193,4.0,0.04386,2.0,0.245614,0.166667
11787_master,13+,13.7,583.0,129.090909,4.516197,3.780445,5.999999,0.017153,0.039451,0.0,0.0,0.0,0.178388,0.039451,0.048027,0.19554,0.655232,6.0,0.375,0.5,0.396226,0.222985,0.092624,0.216123,0.183532,0.375,0.18254,0.0,0.0,2.531745,4.0,0.25729,0.588333,1.0,0.746667,0.213087,0.5,0.255034,1.0,0.0,0.222222,0.037736,0.176672,0.034305,1.204846,1.782298,0.359725,0.151724,0.451852,0.387037,2.701922,4.699998,0.375,0.192308,5.0,0.211538,2.0,0.269231,0.230769
11788_master,13+,13.9,725.0,132.430939,5.474552,4.361379,7.000004,0.075862,0.031724,0.005517,0.008276,0.008276,0.148966,0.096552,0.046897,0.170345,0.535172,6.0,0.375,0.5,0.351724,0.144828,0.056552,0.233103,0.185651,0.375,0.136095,0.023669,0.011834,3.763313,5.999999,0.197241,0.59965,1.0,0.755245,0.216549,0.5,0.295775,0.96,0.0,0.201183,0.084138,0.136552,0.023448,0.980178,1.53561,0.351314,0.142659,0.34763,0.364943,3.74074,5.999999,0.375,0.157407,4.0,0.055556,1.0,0.314815,0.25
11789_master,14,14.4,783.0,158.75,4.932283,3.977011,5.999999,0.075351,0.047254,0.011494,0.011494,0.011494,0.208174,0.122605,0.06258,0.176724,0.812261,6.0,0.375,0.5,0.403576,0.182631,0.085568,0.310345,0.190844,0.475,0.115226,0.0,0.00823,3.415637,5.999999,0.131545,0.711165,1.0,0.864078,0.208333,0.5,0.245098,0.967742,0.0,0.201646,0.102171,0.187739,0.028097,1.481349,1.533731,0.359795,0.173077,0.423358,0.391243,3.153374,5.799999,0.5,0.134969,5.0,0.245399,2.0,0.300613,0.257669
11790_master,14,14.2,656.0,132.631579,4.946032,4.286585,7.000004,0.067073,0.115854,0.010671,0.003049,0.003049,0.135671,0.175305,0.018293,0.189787,0.464939,7.0,0.5,0.5,0.416159,0.21189,0.125,0.309451,0.161946,0.5,0.369458,0.029557,0.004926,3.399015,5.999999,0.277439,0.627747,1.0,0.774725,0.229282,0.5,0.292818,0.881579,0.013158,0.059113,0.17378,0.134146,0.042683,1.432554,1.388057,0.325688,0.140888,0.378897,0.5,3.224719,4.999997,0.5,0.314607,5.0,0.11236,2.0,0.134831,0.101124
11792_master,13+,13.8,586.0,133.869206,4.377407,4.071672,5.999999,0.023891,0.042662,0.0,0.006826,0.006826,0.136519,0.162116,0.015358,0.173422,0.508532,5.0,0.375,0.5,0.319113,0.165529,0.061433,0.295222,0.213873,0.5,0.144509,0.0,0.0,3.335259,5.799999,0.153584,0.588889,1.0,0.777778,0.129213,0.5,0.134831,0.983051,0.0,0.052023,0.158703,0.133106,0.008532,1.462756,1.612232,0.356164,0.137221,0.451777,0.382353,3.849999,5.999999,0.375,0.0625,5.0,0.15,1.0,0.1125,0.1
11793_master,13,13.2,577.0,147.081081,3.923006,3.053725,4.0,0.015598,0.057192,0.0,0.0,0.0,0.169844,0.142114,0.012132,0.175043,0.630849,6.0,0.375,0.5,0.407279,0.135182,0.062392,0.306759,0.187147,0.375,0.186441,0.0,0.0,2.740112,4.0,0.298094,0.584302,1.0,0.703488,0.185673,0.5,0.25731,0.908163,0.0,0.039548,0.136915,0.164645,0.043328,0.716136,1.362216,0.372174,0.158537,0.382353,0.372174,2.836734,4.0,0.375,0.255102,4.0,0.091837,2.0,0.071429,0.071429
11794_master,13,13.4,542.0,136.470588,3.971552,2.797047,4.0,0.012915,0.057196,0.0,0.001845,0.001845,0.297048,0.073801,0.027675,0.190498,1.075646,6.0,0.5,0.5,0.383764,0.230627,0.132841,0.359779,0.214744,0.5,0.158974,0.0,0.0,2.651281,4.0,0.295203,0.579688,1.0,0.63125,0.237421,0.5,0.333333,0.991071,0.0,0.076923,0.062731,0.285978,0.055351,0.663919,1.123322,0.342593,0.170686,0.342007,0.349057,2.670807,4.0,0.5,0.186335,5.0,0.167702,2.0,0.093168,0.080745
11796_master,13+,13.8,649.0,164.67352,3.941132,3.036979,4.0,0.120185,0.038521,0.003082,0.007704,0.007704,0.291217,0.023112,0.089368,0.190293,1.11094,7.0,0.5,0.5,0.428351,0.246533,0.144838,0.312789,0.200123,0.5,0.1133,0.0,0.0,2.724137,4.0,0.289676,0.607713,1.0,0.835106,0.17246,0.5,0.229947,0.933333,0.009524,0.285714,0.021572,0.289676,0.035439,1.03347,1.536367,0.346213,0.167183,0.358333,0.36039,2.714285,4.0,0.5,0.121693,5.0,0.153439,2.0,0.306878,0.100529
11797_master,13+,13.7,505.0,144.533334,3.494004,2.471286,4.0,0.039604,0.069307,0.005941,0.017822,0.017822,0.265347,0.138614,0.047525,0.149257,0.908911,6.0,0.375,0.375,0.322772,0.10297,0.047525,0.388119,0.153061,0.375,0.178571,0.015306,0.035714,2.290816,4.0,0.255446,0.496124,0.75,0.689922,0.189453,0.5,0.21875,0.980198,0.0,0.122449,0.122772,0.249505,0.051485,0.867753,1.549704,0.38171,0.141434,0.380762,0.373717,2.261193,4.0,0.375,0.19403,4.0,0.067164,2.0,0.179104,0.089552
11798_master,13,13.2,532.0,157.542857,3.376859,2.669172,4.0,0.056391,0.039474,0.0,0.024436,0.024436,0.263158,0.095865,0.035714,0.165179,1.045113,6.0,0.375,0.5,0.366541,0.135338,0.071429,0.353383,0.176862,0.375,0.111702,0.0,0.0,2.414893,4.0,0.227444,0.541322,1.0,0.694215,0.164583,0.5,0.225,0.884211,0.0,0.101064,0.090226,0.257519,0.028195,1.151717,1.503922,0.420755,0.15879,0.426386,0.42315,2.235714,4.0,0.375,0.107143,5.0,0.257143,2.0,0.135714,0.057143
11799_master,13,13.2,466.0,139.285714,3.345641,2.341201,2.999999,0.027897,0.05794,0.0,0.027897,0.027897,0.175966,0.145923,0.021459,0.188036,0.708155,7.0,0.5,0.5,0.43133,0.16309,0.11588,0.309013,0.204861,0.5,0.1875,0.0,0.013889,2.04861,2.999999,0.414163,0.450777,0.75,0.450777,0.14974,0.5,0.208333,0.956522,0.0,0.069444,0.133047,0.16309,0.045064,0.659888,1.586238,0.359914,0.207343,0.361656,0.363834,2.109755,2.999999,0.4875,0.256098,5.0,0.341463,2.0,0.121951,0.073171
117_master,13+,13.7,290.0,117.5,2.468085,2.020689,2.999999,0.0,0.0,0.0,0.0,0.0,0.406897,0.2,0.144828,0.153017,1.510345,4.0,0.375,0.5,0.286207,0.193103,0.086207,0.596552,0.165462,0.5,0.0,0.0,0.0,1.947976,2.999999,0.017241,0.25,0.25,0.0,0.0,0.0,0.0,1.0,0.0,0.242775,0.189655,0.396552,0.0,1.086126,1.345463,0.329861,0.132404,0.329861,0.329861,1.999999,2.999999,0.5,0.0,4.0,0.0,1.0,0.355932,0.211864
11800_master,13+,13.8,744.0,150.065217,4.957844,3.465053,5.999999,0.076613,0.067204,0.014785,0.018817,0.018817,0.162634,0.295699,0.038978,0.158266,0.590054,7.0,0.375,0.375,0.353495,0.135753,0.040323,0.448925,0.177021,0.375,0.11976,0.002994,0.0,3.281437,4.999997,0.201613,0.575,1.0,0.7,0.221477,0.75,0.275168,0.850467,0.018692,0.086826,0.28629,0.153226,0.021505,1.614464,1.619287,0.401651,0.234807,0.40315,0.420063,2.876032,4.0,0.375,0.132231,5.0,0.115702,2.0,0.239669,0.132231
11802_master,13,13.0,476.0,142.605634,3.337877,2.626049,4.0,0.031513,0.094538,0.0,0.002101,0.006303,0.138655,0.271008,0.031513,0.186712,0.481092,6.0,0.375,0.5,0.394958,0.191176,0.094538,0.357143,0.1875,0.375,0.264706,0.0,0.0,2.47647,2.999999,0.451681,0.466279,1.0,0.506977,0.170561,0.5,0.238318,0.950617,0.0,0.088235,0.218487,0.086134,0.027311,0.829994,1.572332,0.449367,0.245243,0.469663,0.465066,2.424241,2.999999,0.5,0.19697,5.0,0.136364,2.0,0.227273,0.166667
11803_master,13+,13.7,474.0,133.529412,3.54978,2.886075,4.0,0.090717,0.044304,0.0,0.010549,0.010549,0.21308,0.270042,0.056962,0.180116,0.822785,7.0,0.5,0.5,0.352321,0.181435,0.137131,0.470464,0.159753,0.375,0.09417,0.0,0.0,2.596412,4.0,0.28903,0.554745,1.0,0.759124,0.200368,0.5,0.242647,0.909091,0.0,0.121076,0.257384,0.200422,0.025316,0.968646,2.120567,0.353814,0.199575,0.359268,0.404412,2.475247,4.0,0.375,0.118812,5.0,0.247525,2.0,0.267327,0.069307
11804_master,13+,13.8,585.0,146.918919,3.981788,3.62564,5.999999,0.063248,0.044444,0.001709,0.015385,0.015385,0.155556,0.147009,0.035897,0.16688,0.635897,7.0,0.375,0.5,0.335043,0.160684,0.076923,0.295726,0.146676,0.375,0.150289,0.00578,0.011561,2.84971,4.999997,0.259829,0.544408,1.0,0.664474,0.203642,0.5,0.231788,0.972603,0.0,0.121387,0.140171,0.148718,0.02735,1.161276,1.511351,0.439108,0.19244,0.423341,0.444444,2.868131,4.999997,0.375,0.175824,6.0,0.307692,2.0,0.230769,0.142857
11805_master,13,13.2,585.0,154.8,3.77907,2.924785,4.0,0.013675,0.078632,0.039316,0.010256,0.010256,0.213675,0.129915,0.08547,0.16453,0.8,6.0,0.375,0.5,0.326496,0.164103,0.073504,0.321368,0.193484,0.5,0.132979,0.010638,0.031915,2.835105,4.0,0.218803,0.527344,0.75,0.695312,0.177165,0.5,0.181102,0.972973,0.0,0.265957,0.107692,0.191453,0.042735,0.856872,1.394036,0.327616,0.14433,0.349817,0.327616,3.127999,4.999997,0.5,0.2,5.0,0.216,2.0,0.4,0.28
11806_master,13+,13.7,472.0,145.384615,3.246561,2.463982,4.0,0.027542,0.110169,0.006356,0.010593,0.010593,0.262712,0.186441,0.059322,0.18697,1.044492,6.0,0.5,0.5,0.355932,0.21822,0.131356,0.385593,0.165522,0.375,0.269231,0.0,0.016484,1.934065,2.999999,0.434322,0.481707,1.0,0.502439,0.161765,0.5,0.171569,0.985075,0.0,0.153846,0.122881,0.199153,0.099576,0.842703,1.529285,0.308511,0.183369,0.31929,0.315904,2.024193,2.999999,0.375,0.379032,6.0,0.266129,2.0,0.225806,0.056452
11807_master,13+,13.8,572.0,124.390244,4.598431,3.251747,5.999999,0.017483,0.052448,0.006993,0.0,0.0,0.283217,0.066434,0.064685,0.180726,1.089161,7.0,0.375,0.5,0.382867,0.178322,0.094406,0.342657,0.217474,0.5,0.153061,0.020408,0.0,2.658162,2.999999,0.236014,0.561111,1.0,0.681481,0.212687,0.5,0.283582,1.0,0.0,0.188776,0.059441,0.276224,0.045455,0.727936,1.472317,0.35614,0.182777,0.388211,0.382298,2.722221,4.0,0.5,0.160494,6.0,0.240741,2.0,0.228395,0.203704
11808_master,13+,13.8,647.0,138.290323,4.678563,3.720247,5.999999,0.083462,0.05255,0.027821,0.02473,0.043277,0.188563,0.102009,0.054096,0.155526,0.734158,6.0,0.375,0.5,0.31221,0.137558,0.061824,0.289026,0.200535,0.5,0.085561,0.0,0.005348,3.368984,7.000004,0.173107,0.475446,0.75,0.508929,0.216216,0.5,0.306306,0.878378,0.0,0.187166,0.100464,0.187017,0.021638,0.898377,1.771726,0.404651,0.200311,0.429961,0.485019,3.5,8.000004,0.5,0.114754,5.0,0.196721,2.0,0.286885,0.278689
11809_master,14+,14.6,747.0,138.780991,5.382582,4.776438,8.000004,0.078983,0.041499,0.005355,0.01071,0.01071,0.191432,0.198126,0.045515,0.152276,0.714859,10.0,0.375,0.5,0.305221,0.133869,0.062918,0.37751,0.151596,0.375,0.102837,0.007092,0.003546,4.131205,7.000004,0.187416,0.616071,1.0,0.792857,0.208633,0.5,0.266187,0.93913,0.008696,0.120567,0.186078,0.179384,0.017403,1.933432,1.965723,0.375339,0.198639,0.502404,0.461825,4.34965,8.000004,0.375,0.090909,5.0,0.125874,1.0,0.237762,0.125874
11810_master,14+,14.7,765.0,129.294872,5.916708,4.372548,5.999999,0.023529,0.066667,0.0,0.002614,0.002614,0.181699,0.08366,0.064052,0.173693,0.713725,7.0,0.375,0.375,0.371242,0.143791,0.045752,0.262745,0.145522,0.375,0.253731,0.0,0.0,3.746268,5.999999,0.216993,0.674699,1.0,0.813253,0.230303,0.5,0.30303,0.945652,0.0,0.243781,0.081046,0.179085,0.058824,0.985005,1.641406,0.364351,0.150919,0.463252,0.416537,3.496402,4.999997,0.375,0.323741,6.0,0.165468,2.0,0.352518,0.323741
11811_master,13+,13.7,545.0,129.882353,4.196105,3.227522,5.999999,0.016514,0.034862,0.0,0.011009,0.011009,0.130275,0.177982,0.020183,0.172477,0.53945,6.0,0.375,0.5,0.33578,0.154128,0.080734,0.286239,0.16266,0.375,0.121795,0.0,0.00641,2.474358,2.999999,0.304587,0.581325,1.0,0.710843,0.237879,0.75,0.30303,0.963636,0.0,0.070513,0.155963,0.108257,0.031193,1.282068,1.507759,0.349908,0.167897,0.39083,0.349908,2.507041,2.999999,0.375,0.239437,6.0,0.352113,2.0,0.15493,0.126761
11812_master,13+,13.8,528.0,145.256757,3.634943,3.028408,4.0,0.018939,0.111742,0.039773,0.047348,0.047348,0.248106,0.125,0.024621,0.147727,0.956439,7.0,0.375,0.375,0.310606,0.111742,0.045455,0.371212,0.153699,0.375,0.22449,0.030612,0.015306,2.734693,4.0,0.339015,0.625698,1.0,0.776536,0.220506,0.5,0.308989,0.830189,0.141509,0.066327,0.123106,0.246212,0.054924,0.952971,1.66542,0.502879,0.277457,0.528184,0.508738,2.923663,4.0,0.375,0.221374,5.0,0.167939,2.0,0.099237,0.068702
11813_master,14,14.2,694.0,147.9,4.69236,3.756483,5.999999,0.028818,0.037464,0.017291,0.010086,0.010086,0.24928,0.066282,0.057637,0.196506,1.067723,7.0,0.375,0.5,0.451009,0.247839,0.083573,0.293948,0.18076,0.375,0.068627,0.0,0.0,2.936273,5.999999,0.121037,0.66369,1.0,0.904762,0.156627,0.5,0.228916,0.962617,0.028037,0.196078,0.044669,0.227666,0.010086,0.772519,1.422999,0.280347,0.136035,0.397436,0.283626,2.901733,5.999999,0.375,0.040462,5.0,0.398844,2.0,0.231214,0.156069
11814_master,14+,14.8,739.0,124.827586,5.920166,4.621109,7.000004,0.105548,0.056834,0.012179,0.02571,0.02571,0.167794,0.074425,0.056834,0.145805,0.64682,7.0,0.375,0.375,0.304465,0.125846,0.043302,0.2341,0.159682,0.375,0.196532,0.00578,0.011561,3.566473,5.999999,0.224628,0.694277,1.0,0.873494,0.218182,0.5,0.260606,0.904762,0.0,0.242775,0.066306,0.159675,0.02571,1.452424,1.930984,0.321221,0.089443,0.423529,0.362295,3.935483,5.999999,0.375,0.153226,5.0,0.209677,2.0,0.33871,0.233871
11815_master,14,14.1,655.0,133.551137,4.904488,3.682442,5.999999,0.070229,0.039695,0.001527,0.030534,0.030534,0.20458,0.109924,0.076336,0.172328,0.787786,7.0,0.375,0.5,0.387786,0.163359,0.065649,0.294656,0.167746,0.375,0.134715,0.005181,0.051813,2.507771,4.0,0.230534,0.687086,1.0,0.81457,0.223333,0.525,0.333333,0.957746,0.0,0.259067,0.090076,0.184733,0.032061,0.970691,2.087358,0.338983,0.139104,0.447761,0.364238,2.686566,4.0,0.375,0.156716,6.0,0.276119,2.0,0.373134,0.216418
11816_master,14,14.0,574.0,125.166667,4.585885,4.050523,7.000004,0.076655,0.066202,0.015679,0.013937,0.013937,0.186411,0.135889,0.052265,0.160279,0.632404,6.0,0.375,0.375,0.308362,0.127178,0.04007,0.303136,0.153736,0.375,0.172414,0.005747,0.011494,2.896551,4.699998,0.170732,0.579082,1.0,0.72449,0.224227,0.5,0.309278,0.964286,0.0,0.172414,0.116725,0.167247,0.043554,1.482599,1.654452,0.364273,0.196491,0.514905,0.365554,3.084111,4.399999,0.25,0.233645,4.4,0.102804,2.0,0.280374,0.168224
11817_master,13+,13.9,600.0,154.62585,3.880334,3.051666,4.999997,0.081667,0.056667,0.015,0.001667,0.001667,0.135,0.253333,0.086667,0.145625,0.493333,5.0,0.375,0.375,0.293333,0.106667,0.04,0.365,0.164384,0.375,0.114155,0.0,0.0,2.812785,4.999997,0.145,0.577586,1.0,0.632184,0.159884,0.625,0.174419,0.90625,0.0,0.237443,0.23,0.111667,0.013333,1.035959,2.575747,0.412162,0.197279,0.434109,0.420074,2.888888,4.999997,0.375,0.098765,5.0,0.160494,1.0,0.641975,0.518519
11818_expert,13,13.1,598.0,154.969421,3.858826,3.47826,4.999997,0.078595,0.008361,0.0,0.011706,0.011706,0.075251,0.09699,0.005017,0.170778,0.255853,6.0,0.5,0.5,0.401338,0.175585,0.11204,0.172241,0.139563,0.25,0.048544,0.0,0.009709,2.737863,4.0,0.33612,0.475124,1.0,0.537313,0.15625,0.5,0.21,0.901961,0.0,0.029126,0.09699,0.075251,0.006689,1.32969,2.135968,0.436242,0.231933,0.514403,0.47532,2.999999,4.599998,0.375,0.088889,4.0,0.088889,2.0,0.066667,0.066667
11818_master,14+,14.9,942.0,155.554787,6.055744,5.244161,8.999999,0.078556,0.05414,0.0,0.024416,0.024416,0.159236,0.193206,0.04034,0.165738,0.636943,9.0,0.375,0.5,0.36518,0.136943,0.080679,0.343949,0.15625,0.375,0.157407,0.0,0.009259,4.737654,8.999999,0.211253,0.649497,1.0,0.78392,0.184343,0.5,0.257576,0.924528,0.0,0.117284,0.184713,0.150743,0.031847,1.621173,2.03502,0.299674,0.104575,0.406667,0.461404,3.813333,5.999999,0.375,0.2,8.0,0.233333,2.0,0.253333,0.14
11820_expert,13+,13.7,1009.0,252.187693,4.000988,3.433101,5.999999,0.040634,0.011893,0.0,0.010902,0.010902,0.07334,0.11001,0.002973,0.192765,0.258672,6.0,0.375,0.5,0.460852,0.200198,0.089197,0.176412,0.172753,0.375,0.067416,0.0,0.0,2.370786,4.0,0.22002,0.472973,1.0,0.522523,0.140271,0.5,0.18552,0.973684,0.0,0.016854,0.103072,0.066402,0.010902,1.366378,2.1623,0.317776,0.150099,0.375,0.321932,2.513513,5.699998,0.5,0.148649,4.0,0.081081,2.0,0.040541,0.040541
11820_master,14+,14.9,1657.0,250.187693,6.623028,5.328907,8.999999,0.048884,0.040435,0.004225,0.003018,0.003018,0.136391,0.123114,0.047073,0.16634,0.474955,7.0,0.375,0.5,0.33796,0.141219,0.068799,0.254074,0.183195,0.375,0.144893,0.002375,0.0,4.781472,8.000004,0.199759,0.593656,1.0,0.734139,0.187879,0.5,0.254545,0.978836,0.005291,0.185273,0.117683,0.13096,0.020519,1.684146,2.168747,0.317043,0.134027,0.419314,0.418643,4.752212,8.500001,0.4375,0.150442,4.0,0.079646,1.0,0.345133,0.300885
11821_master,14,14.0,845.0,238.244681,3.546774,3.350295,4.999997,0.123077,0.073373,0.020118,0.014201,0.014201,0.202367,0.195266,0.055621,0.156361,0.721893,6.0,0.375,0.5,0.318343,0.150296,0.059172,0.373964,0.165744,0.375,0.14557,0.003165,0.003165,3.240506,4.999997,0.222485,0.571809,1.0,0.675532,0.223262,0.5,0.28877,0.860465,0.015504,0.148734,0.171598,0.178698,0.028402,1.613645,1.828468,0.370679,0.174641,0.394558,0.399713,2.877192,4.0,0.5,0.140351,5.0,0.116959,2.0,0.274854,0.152047
11822_master,13+,13.9,557.0,114.67742,4.857103,3.748653,5.999999,0.096948,0.077199,0.005386,0.019749,0.019749,0.204668,0.025135,0.057451,0.148115,0.827648,7.0,0.375,0.5,0.256732,0.125673,0.055655,0.229803,0.137695,0.375,0.3125,0.0,0.015625,3.304687,5.299998,0.263914,0.498299,0.75,0.598639,0.200342,0.5,0.219178,0.876923,0.015385,0.25,0.025135,0.204668,0.066427,0.961546,1.631936,0.320721,0.106498,0.362416,0.350394,3.315789,4.999997,0.375,0.324561,6.0,0.236842,2.0,0.280702,0.140351
11823_master,14,14.3,513.0,113.513514,4.519286,3.37037,5.999999,0.031189,0.08577,0.005848,0.011696,0.011696,0.270955,0.140351,0.064327,0.190058,0.929825,5.0,0.375,0.5,0.423002,0.196881,0.076023,0.387914,0.198492,0.375,0.211055,0.005025,0.01005,2.954773,4.0,0.192982,0.679293,1.0,0.858586,0.232143,0.5,0.316327,0.942529,0.0,0.165829,0.116959,0.247563,0.054581,0.987311,1.654094,0.317025,0.113725,0.359036,0.341053,2.992805,4.2,0.375,0.201439,5.0,0.115108,1.0,0.23741,0.151079
11824_master,13+,13.7,578.0,154.5,3.7411,3.062283,4.999997,0.019031,0.060554,0.0,0.0,0.0,0.259516,0.067474,0.062284,0.174524,0.984429,7.0,0.375,0.5,0.375433,0.17301,0.093426,0.320069,0.169595,0.375,0.189189,0.0,0.0,2.513513,4.0,0.302768,0.597143,1.0,0.714286,0.183908,0.5,0.218391,0.98,0.0,0.194595,0.060554,0.252595,0.046713,0.734459,1.560156,0.397569,0.184348,0.440945,0.419414,2.506666,2.999999,0.3875,0.18,5.0,0.28,2.0,0.24,0.166667
11825_master,13+,13.8,690.0,141.046875,4.891991,3.499999,4.999997,0.034783,0.085507,0.004348,0.021739,0.021739,0.221739,0.133333,0.06087,0.166486,0.811594,7.0,0.375,0.5,0.349275,0.17971,0.086957,0.34058,0.164894,0.5,0.238298,0.0,0.017021,3.195744,4.999997,0.244928,0.596154,1.0,0.692308,0.171131,0.5,0.172619,0.976378,0.0,0.178723,0.118841,0.207246,0.068116,0.73671,1.510499,0.4375,0.211063,0.444037,0.447917,3.124182,4.999997,0.5,0.30719,6.0,0.156863,2.0,0.27451,0.248366
11826_master,13+,13.7,564.0,129.576923,4.352627,3.281914,4.999997,0.132979,0.051418,0.003546,0.005319,0.005319,0.109929,0.210993,0.044326,0.166002,0.434397,6.0,0.375,0.5,0.384752,0.120567,0.065603,0.306738,0.184249,0.375,0.156069,0.0,0.0,2.826588,4.0,0.241135,0.520221,1.0,0.625,0.268519,0.65,0.340741,0.972603,0.0,0.144509,0.196809,0.095745,0.030142,0.64693,1.582522,0.359431,0.15508,0.407725,0.382576,2.870967,2.999999,0.5,0.274194,5.0,0.209677,2.0,0.403226,0.225806
11827_master,13+,13.7,636.0,139.440559,4.561083,3.64308,4.999997,0.141509,0.066038,0.004717,0.022013,0.022013,0.171384,0.125786,0.058176,0.149568,0.632075,7.0,0.25,0.375,0.349057,0.070755,0.029874,0.278302,0.160311,0.25,0.225989,0.00565,0.0,2.610168,4.0,0.166667,0.57783,1.0,0.783019,0.209524,0.5,0.285714,0.971014,0.028986,0.20904,0.106918,0.152516,0.056604,1.066264,1.66152,0.298107,0.153239,0.487738,0.311448,2.633026,4.999997,0.25,0.330275,5.2,0.155963,2.0,0.33945,0.229358
11828_master,13+,13.8,556.0,132.344827,4.201146,3.473021,7.000004,0.136691,0.059353,0.019784,0.001799,0.001799,0.095324,0.266187,0.019784,0.146358,0.383094,7.0,0.25,0.375,0.334532,0.091727,0.026978,0.354317,0.134518,0.375,0.126904,0.015228,0.0,3.720812,8.000004,0.210432,0.570513,1.0,0.735043,0.202586,0.5,0.25,0.915493,0.0,0.055838,0.258993,0.088129,0.026978,0.907688,2.001858,0.33574,0.189873,0.328889,0.396552,2.71698,4.0,0.375,0.283019,5.0,0.132075,2.0,0.207547,0.09434
11829_master,13+,13.6,534.0,127.912088,4.174742,3.213482,4.999997,0.052434,0.026217,0.0,0.013109,0.013109,0.194757,0.305243,0.043071,0.175328,0.70412,6.0,0.375,0.5,0.385768,0.177903,0.095506,0.483146,0.177326,0.375,0.054264,0.0,0.0,3.054263,4.999997,0.256554,0.594891,1.0,0.635036,0.165441,0.5,0.227941,0.988764,0.0,0.089147,0.28839,0.177903,0.005618,0.622557,1.56982,0.428571,0.184557,0.452991,0.446184,2.913461,4.999997,0.4625,0.028846,5.0,0.259615,2.0,0.221154,0.211538
11830_master,13+,13.8,432.0,110.228571,3.919129,3.074073,5.999999,0.025463,0.020833,0.006944,0.009259,0.009259,0.398148,0.0625,0.150463,0.179398,1.465278,6.0,0.375,0.5,0.368056,0.18287,0.094907,0.423611,0.210383,0.5,0.032787,0.0,0.0,2.202185,2.999999,0.108796,0.659574,1.0,0.87234,0.222826,0.5,0.282609,0.965517,0.0,0.355191,0.025463,0.361111,0.013889,0.883756,1.608459,0.369767,0.202797,0.379888,0.392593,2.19186,2.999999,0.5,0.034884,5.9,0.255814,2.0,0.377907,0.284884
11832_master,13+,13.8,587.0,153.506756,3.823936,3.131175,4.999997,0.080068,0.117547,0.015332,0.056218,0.056218,0.25724,0.224872,0.057922,0.151831,0.834753,5.0,0.375,0.5,0.315162,0.151618,0.078365,0.459966,0.160648,0.5,0.237037,0.014815,0.048148,2.699999,4.0,0.34753,0.566176,1.0,0.710784,0.211823,0.5,0.256158,0.886792,0.028302,0.125926,0.202726,0.235094,0.086882,0.791258,1.681697,0.480836,0.285965,0.49703,0.495512,2.768211,4.0,0.5,0.337748,5.0,0.125828,2.0,0.225166,0.10596
11833_master,13,13.0,494.0,139.0,3.553957,2.872469,4.0,0.105263,0.032389,0.0,0.006073,0.006073,0.192308,0.08502,0.032389,0.165486,0.779352,6.0,0.375,0.41875,0.313765,0.172065,0.050607,0.271255,0.239739,0.5,0.119403,0.0,0.0,3.134327,4.999997,0.131579,0.484615,1.0,0.507692,0.207031,0.5,0.28125,1.0,0.0,0.119403,0.078947,0.186235,0.026316,1.053506,1.28324,0.422764,0.150713,0.448276,0.422764,3.010525,4.999997,0.5,0.136842,5.6,0.273684,2.0,0.168421,0.136842
11834_master,13+,13.7,510.0,142.0,3.591549,3.084313,4.0,0.011765,0.123529,0.003922,0.001961,0.001961,0.262745,0.156863,0.019608,0.170098,0.870588,6.0,0.5,0.5,0.319608,0.178431,0.101961,0.360784,0.178668,0.5,0.342391,0.01087,0.005435,2.749999,4.0,0.315686,0.534161,0.75,0.720497,0.2,0.5,0.25625,0.987805,0.0,0.054348,0.098039,0.203922,0.096078,1.013741,1.459756,0.399606,0.183432,0.400415,0.424947,2.843283,4.0,0.5,0.365672,4.0,0.08209,2.0,0.074627,0.052239
11835_remaster,13,13.2,596.0,152.44898,3.909505,2.815435,4.0,0.058725,0.04698,0.003356,0.0,0.0,0.157718,0.184564,0.013423,0.190227,0.550336,5.0,0.375,0.5,0.412752,0.182886,0.087248,0.327181,0.205769,0.5,0.138462,0.005128,0.0,2.420512,2.999999,0.239933,0.625874,1.0,0.706294,0.227113,0.75,0.316901,0.928571,0.0,0.041026,0.169463,0.142617,0.033557,0.607002,1.252654,0.324916,0.123103,0.336237,0.324916,2.329786,2.999999,0.375,0.212766,4.0,0.085106,2.0,0.085106,0.0
11836_remaster,13,13.2,536.0,165.25,3.24357,2.729477,4.0,0.054104,0.080224,0.003731,0.016791,0.016791,0.257463,0.104478,0.072761,0.177239,0.94403,6.0,0.375,0.5,0.402985,0.152985,0.085821,0.36194,0.195876,0.375,0.216495,0.005155,0.0,2.530927,4.0,0.309701,0.534639,1.0,0.614458,0.192424,0.5,0.224242,0.866667,0.0,0.201031,0.104478,0.257463,0.065299,0.966432,1.563729,0.466292,0.371482,0.458175,0.466292,2.550724,4.0,0.375,0.253623,6.0,0.195652,2.0,0.282609,0.210145
11838_remaster,13+,13.8,625.0,153.081081,4.082804,3.5792,5.999999,0.04,0.0816,0.0016,0.024,0.024,0.2512,0.0928,0.0288,0.1912,0.9088,7.0,0.375,0.5,0.4688,0.176,0.0656,0.328,0.204268,0.375,0.24878,0.004878,0.0,2.746341,4.0,0.224,0.632143,1.0,0.807143,0.235612,0.5,0.302158,0.988506,0.0,0.087805,0.0768,0.2352,0.072,0.977517,1.382279,0.308562,0.116694,0.318,0.308562,2.872611,4.0,0.5,0.286624,5.0,0.140127,2.0,0.11465,0.070064
11840_master,13,13.3,513.0,141.12676,3.63503,2.93957,4.0,0.120858,0.05848,0.015595,0.005848,0.005848,0.247563,0.074074,0.054581,0.16155,0.982456,6.0,0.375,0.5,0.380117,0.146199,0.05848,0.31384,0.200311,0.5,0.186335,0.049689,0.006211,2.627328,4.0,0.300195,0.696429,1.0,0.863636,0.197712,0.5,0.267974,0.987013,0.0,0.173913,0.066277,0.239766,0.054581,0.976575,1.586748,0.336595,0.103922,0.359574,0.345382,2.614172,4.0,0.5,0.220472,5.0,0.212598,2.0,0.220472,0.173228
11841_master,13,13.3,516.0,125.470588,4.112518,2.877906,4.999997,0.079457,0.036822,0.0,0.0,0.0,0.267442,0.112403,0.071705,0.16376,0.965116,7.0,0.375,0.5,0.335271,0.168605,0.069767,0.362403,0.164439,0.375,0.101604,0.0,0.0,2.556149,4.0,0.22093,0.567982,1.0,0.701754,0.172566,0.5,0.20354,0.986842,0.0,0.197861,0.094961,0.25,0.031008,0.836228,1.514579,0.463035,0.267057,0.4926,0.469428,2.550724,4.0,0.375,0.115942,6.0,0.188406,2.0,0.268116,0.231884
11842_master,14,14.1,867.0,154.666667,5.605603,4.805075,7.000004,0.114187,0.036909,0.004614,0.017301,0.017301,0.113033,0.1188,0.031142,0.162197,0.380623,5.0,0.375,0.375,0.350634,0.129181,0.044983,0.2203,0.187173,0.375,0.151832,0.005236,0.005236,3.712041,5.999999,0.149942,0.586538,1.0,0.792308,0.261628,0.5,0.395349,0.923077,0.0,0.141361,0.107266,0.101499,0.023068,1.916961,1.76893,0.33526,0.16088,0.442013,0.386152,3.530611,4.999997,0.375,0.204082,4.0,0.081633,2.0,0.27551,0.204082
11843_master,13,13.1,533.0,151.428572,3.519811,2.643526,4.0,0.061914,0.069418,0.005629,0.043152,0.043152,0.232645,0.133208,0.041276,0.160882,0.866792,7.0,0.375,0.5,0.324578,0.163227,0.086304,0.337711,0.185417,0.5,0.188889,0.0,0.027778,2.349999,2.999999,0.234522,0.508,1.0,0.656,0.197581,0.5,0.266129,0.924731,0.0,0.122222,0.105066,0.204503,0.046904,0.649402,1.549124,0.242938,0.101887,0.248555,0.242938,2.314515,2.999999,0.5,0.201613,5.0,0.145161,2.0,0.177419,0.080645
11844_master,13+,13.8,615.0,152.02454,4.0454,2.980487,4.999997,0.039024,0.130081,0.003252,0.03252,0.03252,0.256911,0.123577,0.042276,0.14939,0.939837,5.0,0.25,0.375,0.326829,0.089431,0.026016,0.377236,0.165409,0.375,0.336207,0.0,0.021552,2.64224,2.999999,0.286179,0.617898,1.0,0.818182,0.2,0.5,0.274286,0.974359,0.008547,0.112069,0.120325,0.253659,0.105691,0.877673,1.349579,0.305057,0.099673,0.316547,0.326923,2.860758,2.999999,0.375,0.411392,5.0,0.183544,2.0,0.164557,0.158228
11845_master,13,13.0,286.0,118.686131,2.409717,2.178321,2.999999,0.01049,0.115385,0.0,0.006993,0.006993,0.58042,0.034965,0.073427,0.201486,2.160839,7.0,0.375,0.5,0.41958,0.234266,0.090909,0.590909,0.226331,0.5,0.195266,0.0,0.0,2.088756,2.999999,0.20979,0.579167,1.0,0.733333,0.237288,0.75,0.288136,0.957143,0.0,0.12426,0.01049,0.555944,0.115385,0.622364,1.069899,0.338028,0.113074,0.338028,0.338028,2.096385,2.999999,0.5,0.198795,5.0,0.277108,2.0,0.126506,0.114458
11846_master,13,13.4,390.0,107.203414,3.637944,3.017948,4.999997,0.210256,0.053846,0.007692,0.038462,0.038462,0.176923,0.171795,0.041026,0.1375,0.617949,6.0,0.375,0.375,0.284615,0.135897,0.041026,0.333333,0.147115,0.375,0.138462,0.0,0.0,2.799999,4.999997,0.189744,0.574324,1.0,0.702703,0.19863,0.5,0.232877,0.8,0.054545,0.123077,0.15641,0.161538,0.04359,0.791487,2.286296,0.467914,0.305405,0.509259,0.510324,2.47826,4.0,0.375,0.246377,5.0,0.246377,2.0,0.231884,0.202899
11847_master,13+,13.7,662.0,150.3125,4.404158,4.648035,12.999995,0.036254,0.034743,0.001511,0.007553,0.007553,0.214502,0.090634,0.013595,0.166541,0.78852,7.0,0.375,0.5,0.327795,0.172205,0.095166,0.305136,0.189356,0.5,0.108911,0.0,0.009901,2.539603,4.0,0.178248,0.491525,0.825,0.677966,0.132479,0.5,0.136752,0.965217,0.0,0.044554,0.090634,0.214502,0.030211,1.631772,1.489493,0.287879,0.127466,0.351779,0.368627,2.640844,4.0,0.5,0.140845,5.0,0.190141,2.0,0.06338,0.035211
11848_master,14,14.1,768.0,146.643357,5.237196,3.740885,5.999999,0.032552,0.079427,0.001302,0.013021,0.013021,0.127604,0.06901,0.014323,0.185384,0.459635,6.0,0.375,0.5,0.382812,0.161458,0.079427,0.195312,0.261667,0.5,0.4,0.0,0.0,2.919999,4.0,0.246094,0.572751,1.0,0.661376,0.25133,0.5,0.37766,0.989899,0.0,0.073333,0.067708,0.126302,0.054688,0.68937,1.776629,0.379896,0.188235,0.434641,0.432392,2.959183,4.0,0.5,0.428571,4.0,0.040816,2.0,0.112245,0.112245
11849_master,14,14.0,504.0,114.333333,4.408163,4.323412,7.000004,0.011905,0.029762,0.0,0.001984,0.001984,0.168651,0.15873,0.041667,0.213542,0.579365,5.0,0.5,0.5,0.470238,0.236111,0.117063,0.303571,0.191176,0.5,0.098039,0.0,0.0,3.17647,5.999999,0.244048,0.556911,1.0,0.585366,0.239754,0.5,0.352459,0.981132,0.0,0.137255,0.134921,0.144841,0.021825,1.784245,1.654307,0.341365,0.143145,0.448905,0.35124,3.270588,7.000004,0.325,0.129412,5.0,0.129412,2.0,0.247059,0.164706
11850_master,13,13.2,464.0,154.2,3.009079,2.433189,2.999999,0.002155,0.0625,0.00431,0.002155,0.002155,0.24569,0.209052,0.025862,0.202586,1.006466,7.0,0.5,0.5,0.424569,0.252155,0.133621,0.44181,0.169512,0.5,0.141463,0.009756,0.0,2.341462,2.999999,0.338362,0.466561,1.0,0.503185,0.158654,0.5,0.153846,0.988764,0.0,0.058537,0.196121,0.232759,0.05819,0.803684,1.634074,0.5,0.264642,0.507761,0.5,2.491227,2.999999,0.5,0.236842,6.0,0.245614,2.0,0.105263,0.087719
11851_master,13,13.2,397.0,119.318182,3.327238,2.20151,2.999999,0.073048,0.143577,0.020151,0.032746,0.032746,0.335013,0.123426,0.042821,0.145781,1.193955,7.0,0.375,0.5,0.31738,0.13602,0.057935,0.458438,0.153159,0.375,0.28022,0.010989,0.005495,2.153845,2.999999,0.405542,0.614907,1.0,0.701863,0.20625,0.5,0.25625,0.932432,0.0,0.093407,0.123426,0.335013,0.125945,0.684126,1.340929,0.38481,0.185279,0.385787,0.388747,2.270676,2.999999,0.375,0.37594,4.0,0.090226,1.0,0.12782,0.105263
11853_master,13,13.3,640.0,135.567568,4.720893,4.264062,7.000004,0.126562,0.08125,0.001563,0.007812,0.007812,0.15,0.167187,0.017188,0.161133,0.601562,6.0,0.375,0.5,0.35625,0.184375,0.05625,0.260937,0.079341,0.25,0.311377,0.005988,0.0,3.137724,6.400001,0.23125,0.527027,1.0,0.621622,0.181973,0.5,0.238095,0.862069,0.0,0.065868,0.110937,0.09375,0.070312,1.024328,1.717692,0.359107,0.099476,0.389972,0.380692,2.156249,4.0,0.3125,0.46875,5.0,0.291667,2.0,0.114583,0.083333
11854_master,13+,13.9,587.0,118.0,4.974576,4.325383,8.000004,0.051107,0.032368,0.0,0.011925,0.011925,0.177172,0.122658,0.061329,0.182709,0.591141,6.0,0.375,0.5,0.408859,0.180579,0.068143,0.270869,0.158019,0.375,0.119497,0.0,0.018868,2.949685,5.999999,0.241908,0.610915,1.0,0.746479,0.171986,0.5,0.212766,0.966102,0.0,0.226415,0.093697,0.148211,0.027257,1.219598,1.632529,0.321368,0.111301,0.358289,0.461538,2.951922,4.999997,0.375,0.153846,5.0,0.134615,2.0,0.346154,0.201923
11855_master,14,14.2,717.0,135.594758,5.287815,4.198047,5.999999,0.058577,0.083682,0.001395,0.009763,0.009763,0.225941,0.171548,0.066946,0.171722,0.781032,6.0,0.375,0.5,0.333333,0.16318,0.06834,0.366806,0.144962,0.375,0.228137,0.003802,0.007605,3.771862,5.999999,0.235704,0.606509,1.0,0.727811,0.197917,0.5,0.261905,0.98,0.0,0.18251,0.140865,0.195258,0.066946,0.938114,1.638003,0.31213,0.104012,0.347222,0.322581,3.358024,4.999997,0.375,0.296296,5.0,0.135802,2.0,0.296296,0.222222
11858_master,13,13.0,338.0,114.521739,2.951405,1.95562,2.999999,0.079882,0.100592,0.011834,0.02071,0.02071,0.254438,0.059172,0.073964,0.141272,1.035503,7.0,0.375,0.5,0.301775,0.121302,0.071006,0.313609,0.163915,0.5,0.320755,0.037736,0.009434,1.698112,2.999999,0.360947,0.713115,1.0,0.754098,0.221074,0.75,0.330579,0.872727,0.0,0.235849,0.059172,0.254438,0.091716,0.76963,1.450844,0.342262,0.122388,0.342262,0.342262,1.651162,1.999999,0.5,0.360465,6.0,0.337209,3.0,0.290698,0.255814
11859_master,13+,13.8,530.0,152.041666,3.485887,3.084905,4.0,0.086792,0.054717,0.00566,0.045283,0.045283,0.375472,0.133962,0.096226,0.215094,1.575472,6.0,0.5,0.5,0.522642,0.29434,0.143396,0.479245,0.218996,0.5,0.114173,0.011811,0.003937,2.728346,4.0,0.275472,0.597603,1.0,0.739726,0.191379,0.5,0.268966,0.954955,0.0,0.200787,0.103774,0.345283,0.043396,1.038051,1.811291,0.37931,0.186538,0.40795,0.419492,2.713567,4.0,0.5,0.115578,6.0,0.40201,2.0,0.256281,0.165829
11860_master,14,14.5,764.0,147.326732,5.185753,4.405759,7.000004,0.037958,0.058901,0.002618,0.007853,0.007853,0.121728,0.150524,0.028796,0.186355,0.405759,9.0,0.375,0.5,0.409686,0.157068,0.090314,0.267016,0.155025,0.25,0.220588,0.009804,0.009804,3.446078,5.999999,0.303665,0.613147,1.0,0.762931,0.22619,0.5,0.298701,0.916667,0.0,0.107843,0.145288,0.116492,0.040576,1.508403,1.805874,0.375661,0.131649,0.471215,0.547206,4.150537,6.800003,0.25,0.333333,4.0,0.075269,2.0,0.236559,0.225806
11861_master,14,14.2,520.0,118.77551,4.378007,4.509615,8.000004,0.063462,0.05,0.007692,0.011538,0.011538,0.138462,0.203846,0.038462,0.151202,0.542308,6.0,0.375,0.375,0.288462,0.128846,0.040385,0.317308,0.147727,0.375,0.145455,0.012121,0.018182,3.339393,5.999999,0.144231,0.693333,1.0,0.906667,0.165541,0.5,0.175676,0.969697,0.0,0.121212,0.178846,0.113462,0.019231,1.774787,1.638686,0.391892,0.191489,0.543624,0.511335,3.430555,5.999999,0.375,0.138889,5.0,0.166667,1.0,0.277778,0.222222
11862_master,13,13.5,644.0,168.888889,3.813158,3.059005,4.0,0.031056,0.015528,0.001553,0.024845,0.024845,0.203416,0.113354,0.083851,0.149845,0.891304,7.0,0.375,0.375,0.338509,0.107143,0.045031,0.302795,0.124359,0.25,0.051282,0.005128,0.0,2.794871,4.0,0.284161,0.476776,0.75,0.562842,0.163462,0.5,0.225275,0.87013,0.0,0.276923,0.099379,0.189441,0.013975,0.975662,1.461964,0.390966,0.160686,0.398026,0.399682,2.648854,4.0,0.25,0.068702,6.0,0.412214,3.0,0.412214,0.335878
11863_master,13,13.0,488.0,144.071856,3.387199,2.249999,2.999999,0.038934,0.088115,0.0,0.010246,0.012295,0.290984,0.17623,0.061475,0.154201,1.05123,7.0,0.375,0.5,0.321721,0.131148,0.059426,0.45082,0.146023,0.375,0.195455,0.0,0.004545,2.10909,2.999999,0.211066,0.546117,1.0,0.737864,0.193627,0.5,0.235294,0.989011,0.0,0.136364,0.159836,0.27459,0.061475,0.672182,1.042246,0.541152,0.327835,0.541152,0.541152,2.183098,2.999999,0.375,0.211268,5.0,0.147887,2.0,0.211268,0.176056
11865_master,13,13.3,648.0,150.230769,4.313364,3.467591,4.999997,0.020062,0.012346,0.003086,0.0,0.0,0.199074,0.063272,0.078704,0.195602,0.697531,6.0,0.375,0.5,0.425926,0.226852,0.08642,0.246914,0.135156,0.375,0.04375,0.00625,0.0,2.762499,4.0,0.155864,0.341584,0.5,0.316832,0.065,0.25,0.02,0.909091,0.0,0.31875,0.04784,0.183642,0.010802,0.974317,1.195517,0.328173,0.186047,0.46087,0.329193,2.875968,4.0,0.25,0.054264,5.0,0.193798,2.0,0.395349,0.341085
11866_master,13,13.3,484.0,150.508475,3.215766,2.177685,4.0,0.088843,0.061983,0.002066,0.006198,0.006198,0.262397,0.144628,0.086777,0.134814,1.043388,6.0,0.375,0.48125,0.293388,0.130165,0.051653,0.376033,0.107143,0.375,0.159341,0.0,0.0,1.884615,2.999999,0.233471,0.599558,1.0,0.858407,0.1875,0.5,0.232143,0.9,0.0,0.230769,0.113636,0.231405,0.059917,0.856005,1.488424,0.342324,0.143451,0.342324,0.342324,1.937007,2.999999,0.375,0.228346,6.0,0.220472,1.5,0.330709,0.259843
11867_master,13,13.0,501.0,154.5,3.242718,2.441117,4.0,0.025948,0.06986,0.003992,0.025948,0.025948,0.273453,0.131737,0.0499,0.170409,1.055888,7.0,0.5,0.5,0.339321,0.175649,0.101796,0.393214,0.189086,0.375,0.167513,0.0,0.005076,2.142131,2.999999,0.357285,0.537709,1.0,0.603352,0.178371,0.5,0.168539,0.956044,0.010989,0.126904,0.11976,0.261477,0.05988,0.837629,1.532846,0.279919,0.156823,0.29087,0.280488,2.167882,2.999999,0.425,0.218978,5.4,0.262774,2.0,0.182482,0.175182
11867_remaster,13+,13.7,616.0,154.5,3.987055,3.550324,5.999999,0.021104,0.006494,0.0,0.001623,0.001623,0.237013,0.112013,0.00974,0.164773,0.873377,7.0,0.375,0.5,0.355519,0.154221,0.087662,0.331169,0.165441,0.4625,0.019608,0.0,0.0,2.220587,2.999999,0.198052,0.547131,1.0,0.786885,0.115702,0.5,0.157025,1.0,0.0,0.029412,0.094156,0.219156,0.00487,0.699561,1.638453,0.290164,0.133224,0.327586,0.318182,2.232876,2.999999,0.5,0.020548,5.0,0.178082,1.0,0.041096,0.027397
11868_master,13,13.3,377.0,131.428571,2.868478,2.416445,2.999999,0.06366,0.103448,0.002653,0.055703,0.055703,0.334218,0.137931,0.076923,0.154841,1.180371,6.0,0.375,0.5,0.323607,0.140584,0.076923,0.461538,0.168103,0.375,0.224138,0.005747,0.017241,2.29885,2.999999,0.217507,0.612805,1.0,0.756098,0.20679,0.5,0.234568,0.8875,0.0,0.166667,0.127321,0.323607,0.090186,1.277396,1.560663,0.453333,0.219251,0.473538,0.453333,2.388888,2.999999,0.5,0.269841,5.0,0.134921,2.0,0.230159,0.206349
11869_master,13+,13.6,472.0,121.756097,3.876603,2.68644,4.0,0.074153,0.050847,0.0,0.04661,0.04661,0.309322,0.199153,0.044492,0.140625,1.09322,6.0,0.375,0.5,0.290254,0.169492,0.080508,0.493644,0.130365,0.375,0.103004,0.0,0.012876,2.673819,4.0,0.211864,0.74,1.0,0.83,0.169192,0.5,0.191919,0.846154,0.0,0.090129,0.184322,0.294492,0.040254,0.703717,1.130212,0.491379,0.231602,0.491342,0.493506,2.616437,4.0,0.375,0.130137,5.0,0.123288,2.0,0.143836,0.082192
11870_master,13+,13.8,640.0,146.134969,4.379513,3.409374,5.999999,0.021875,0.05625,0.0,0.00625,0.00625,0.20625,0.153125,0.045312,0.173047,0.742188,7.0,0.375,0.5,0.339062,0.1375,0.082812,0.351562,0.202778,0.5,0.16,0.0,0.008889,2.613332,4.0,0.334375,0.591121,1.0,0.682243,0.210094,0.5,0.295775,0.985075,0.0,0.128889,0.145313,0.198437,0.042188,0.999606,1.661804,0.380878,0.174254,0.411335,0.407035,2.507575,2.999999,0.5,0.204545,5.0,0.128788,2.0,0.219697,0.128788
11872_master,13,13.2,468.0,146.466165,3.195277,2.752136,4.0,0.111111,0.032051,0.004274,0.002137,0.002137,0.132479,0.220085,0.014957,0.162126,0.455128,6.0,0.375,0.5,0.339744,0.151709,0.094017,0.350427,0.165396,0.375,0.079268,0.0,0.006098,2.628048,4.0,0.286325,0.61194,1.0,0.671642,0.236842,0.75,0.353383,0.857143,0.0,0.042683,0.217949,0.130342,0.023504,1.44328,1.595543,0.439914,0.243011,0.413483,0.442765,2.854838,4.0,0.5,0.177419,4.0,0.080645,2.0,0.112903,0.064516
11873_master,13,13.0,510.0,140.142857,3.639144,2.754901,4.0,0.017647,0.035294,0.005882,0.007843,0.007843,0.231373,0.158824,0.05098,0.157108,0.905882,6.0,0.375,0.5,0.370588,0.152941,0.056863,0.390196,0.143844,0.375,0.075377,0.0,0.0,2.587939,4.0,0.245098,0.62,1.0,0.848,0.15121,0.5,0.209677,0.975309,0.0,0.130653,0.158824,0.231373,0.027451,0.69006,1.199204,0.588583,0.47929,0.588583,0.588583,2.491525,3.299999,0.375,0.118644,6.0,0.245763,2.0,0.220339,0.220339
11874_master,13+,13.9,614.0,120.661765,5.088604,3.5114,5.999999,0.107492,0.043974,0.0,0.021173,0.021173,0.162866,0.213355,0.045603,0.161645,0.614007,6.0,0.375,0.5,0.340391,0.175896,0.053746,0.369707,0.134361,0.375,0.118943,0.0,0.004405,2.876651,4.399999,0.166124,0.64951,1.0,0.77451,0.210396,0.5,0.277228,0.97619,0.0,0.123348,0.20684,0.156352,0.026059,0.811392,1.412565,0.401961,0.148936,0.465753,0.439286,2.829999,4.0,0.375,0.16,6.0,0.23,2.0,0.28,0.26
11875_master,13+,13.8,522.0,121.7,4.289236,3.911877,5.999999,0.076628,0.055556,0.02682,0.009579,0.009579,0.183908,0.16092,0.097701,0.167625,0.710728,6.0,0.375,0.5,0.319923,0.185824,0.070881,0.33908,0.14548,0.375,0.084746,0.0,0.016949,3.056496,5.999999,0.17433,0.554945,1.0,0.703297,0.236111,0.5,0.311111,0.980769,0.0,0.288136,0.155172,0.178161,0.017241,1.114633,1.589569,0.290385,0.121387,0.371831,0.32043,3.406249,5.999999,0.375,0.09375,6.0,0.239583,1.0,0.53125,0.520833
11876_expert,13,13.0,535.0,154.4,3.465026,2.844859,4.0,0.071028,0.014953,0.0,0.001869,0.001869,0.063551,0.123364,0.003738,0.179907,0.269159,7.0,0.5,0.625,0.373832,0.231776,0.143925,0.183178,0.17602,0.375,0.081633,0.0,0.0,2.122448,4.0,0.42243,0.461283,0.75,0.676991,0.123333,0.25,0.066667,0.883721,0.0,0.020408,0.119626,0.059813,0.011215,0.98761,1.544638,0.257036,0.097744,0.265748,0.267578,1.705882,2.999999,0.375,0.176471,6.0,0.382353,2.0,0.058824,0.0
11876_master,14,14.4,778.0,154.333334,5.041037,4.291773,8.000004,0.053985,0.066838,0.014139,0.008997,0.008997,0.160668,0.151671,0.023136,0.161954,0.546272,5.0,0.375,0.5,0.325193,0.154242,0.061697,0.308483,0.18125,0.375,0.204167,0.033333,0.016667,3.354166,5.999999,0.218509,0.586765,1.0,0.776471,0.220414,0.5,0.295858,0.979167,0.0,0.075,0.147815,0.156812,0.03599,1.442951,1.778492,0.302835,0.112258,0.355731,0.389273,3.695999,5.999999,0.5,0.224,4.0,0.096,2.0,0.144,0.128
11877_master,13+,13.8,658.0,148.695653,4.425146,3.785714,5.999999,0.139818,0.042553,0.006079,0.021277,0.021277,0.109422,0.142857,0.007599,0.159954,0.401216,6.0,0.375,0.5,0.341945,0.142857,0.054711,0.25076,0.135606,0.375,0.145455,0.0,0.018182,4.018181,7.000004,0.173252,0.576754,1.0,0.649123,0.20354,0.5,0.283186,0.922078,0.0,0.030303,0.141337,0.107903,0.027356,1.232924,1.470297,0.342988,0.157252,0.378026,0.343511,3.694444,4.999997,0.375,0.25,4.0,0.055556,2.0,0.069444,0.055556
11878_master,13,13.1,512.0,153.4,3.337679,2.623046,2.999999,0.025391,0.052734,0.0,0.0,0.0,0.269531,0.173828,0.0625,0.16333,1.273438,7.0,0.375,0.375,0.294922,0.138672,0.017578,0.408203,0.186005,0.375,0.129187,0.0,0.0,2.392343,2.999999,0.185547,0.542105,1.0,0.631579,0.191489,0.5,0.244681,0.938144,0.0,0.15311,0.138672,0.234375,0.048828,0.862852,1.28128,0.343137,0.166994,0.34585,0.343137,2.275361,2.999999,0.375,0.181159,6.0,0.5,2.0,0.231884,0.07971
11879_expert,13+,13.7,550.0,157.965471,3.481774,3.316363,4.0,0.043636,0.005455,0.0,0.001818,0.001818,0.070909,0.225455,0.0,0.189091,0.267273,6.0,0.375,0.5,0.481818,0.203636,0.072727,0.289091,0.171384,0.375,0.018868,0.0,0.0,4.075471,12.199995,0.269091,0.510135,0.75,0.682432,0.173469,0.5,0.22449,0.980392,0.0,0.0,0.218182,0.063636,0.005455,1.131953,2.361583,0.325714,0.138462,0.322772,0.328215,2.128204,4.0,0.375,0.076923,5.0,0.128205,2.0,0.0,0.0
11879_master,14+,14.9,989.0,155.965471,6.341147,5.22548,8.000004,0.043478,0.043478,0.002022,0.001011,0.001011,0.16178,0.169869,0.068756,0.160137,0.623862,7.0,0.375,0.5,0.340748,0.125379,0.060667,0.296259,0.186433,0.375,0.139932,0.0,0.0,5.365187,8.999999,0.231547,0.575328,1.0,0.764192,0.179825,0.5,0.241228,0.984615,0.0,0.232082,0.134479,0.12639,0.023256,1.638435,2.277435,0.350052,0.169652,0.437882,0.437917,5.793749,13.099996,0.375,0.14375,5.0,0.275,1.0,0.425,0.4
11880_master,13+,13.7,587.0,149.010989,3.939307,3.153321,4.999997,0.035775,0.086882,0.006814,0.008518,0.008518,0.30494,0.088586,0.035775,0.166099,1.126065,6.0,0.375,0.5,0.378194,0.148211,0.080068,0.374787,0.173864,0.5,0.218182,0.004545,0.0,2.795454,4.0,0.282794,0.682229,1.0,0.807229,0.157576,0.5,0.175758,0.947917,0.0,0.095455,0.069847,0.286201,0.076661,0.789356,1.457045,0.376068,0.159247,0.368914,0.380623,2.787708,4.999997,0.5,0.251397,5.0,0.195531,2.0,0.117318,0.089385
11881_master,13+,13.8,734.0,147.8125,4.965751,3.719345,5.999999,0.047684,0.059946,0.001362,0.006812,0.006812,0.156676,0.113079,0.029973,0.157357,0.551771,5.0,0.25,0.375,0.340599,0.092643,0.035422,0.26158,0.179036,0.375,0.229167,0.005208,0.0,3.218749,4.999997,0.254768,0.55615,1.0,0.73262,0.182796,0.5,0.231183,0.932773,0.0,0.114583,0.104905,0.148501,0.03951,1.026182,1.599442,0.422131,0.180575,0.441941,0.535529,3.208695,5.999999,0.375,0.252174,5.0,0.156522,2.0,0.191304,0.147826
11899_master,13+,13.8,823.0,143.666666,5.728538,4.054677,5.999999,0.057108,0.032807,0.00486,0.003645,0.003645,0.149453,0.17497,0.071689,0.171628,0.592953,7.0,0.375,0.5,0.353584,0.115431,0.054678,0.307412,0.154644,0.375,0.106719,0.01581,0.0,3.671936,7.000004,0.238153,0.61352,1.0,0.704082,0.223077,0.5,0.302564,0.987952,0.0,0.233202,0.157959,0.132442,0.018226,0.806559,1.678494,0.383678,0.189024,0.414261,0.41502,4.268292,7.000004,0.25,0.121951,5.0,0.235772,1.0,0.479675,0.406504
11900_master,14,14.2,632.0,127.5,4.956863,3.276898,4.0,0.115506,0.047468,0.007911,0.0,0.0,0.177215,0.09019,0.018987,0.14735,0.658228,7.0,0.375,0.5,0.316456,0.181962,0.074367,0.238924,0.150662,0.25,0.165563,0.0,0.0,2.708608,2.999999,0.166139,0.5,1.0,0.685714,0.139423,0.25,0.086538,0.977528,0.0,0.07947,0.061709,0.148734,0.031646,0.664877,1.166151,0.350794,0.249603,0.355628,0.359935,2.723213,2.999999,0.25,0.178571,5.9,0.160714,2.0,0.107143,0.0
11906_remaster,14,14.0,642.0,118.333334,5.425352,3.886293,7.000004,0.056075,0.03271,0.001558,0.0,0.0,0.232087,0.049844,0.037383,0.177765,0.892523,7.0,0.375,0.5,0.380062,0.176012,0.076324,0.278816,0.188547,0.5,0.117318,0.005587,0.0,2.843575,4.0,0.253894,0.526074,1.0,0.662577,0.146605,0.5,0.154321,0.988235,0.0,0.134078,0.046729,0.228972,0.031153,0.652982,1.252037,0.148438,0.053208,0.173469,0.151033,2.85906,4.0,0.5,0.134228,5.0,0.295302,2.0,0.161074,0.161074
11907_master,13,13.0,304.0,88.666667,3.428571,2.671052,4.0,0.065789,0.055921,0.006579,0.0,0.0,0.1875,0.125,0.019737,0.147204,0.710526,6.0,0.375,0.5,0.289474,0.134868,0.075658,0.3125,0.146053,0.375,0.157895,0.0,0.0,2.526315,4.0,0.332237,0.492574,1.0,0.534653,0.1825,0.5,0.19,0.964286,0.017857,0.063158,0.125,0.1875,0.036184,0.981733,1.379463,0.427119,0.194539,0.420139,0.43299,2.298245,2.999999,0.375,0.192982,5.0,0.157895,2.0,0.105263,0.105263
11908_master,13,13.3,457.0,123.818182,3.690896,2.671772,4.0,0.076586,0.085339,0.026258,0.015317,0.015317,0.150985,0.155361,0.013129,0.117615,0.612691,6.0,0.25,0.375,0.221007,0.078775,0.030635,0.293217,0.137127,0.375,0.201493,0.0,0.029851,1.955223,2.999999,0.207877,0.507895,1.0,0.652632,0.196809,0.5,0.212766,0.963636,0.0,0.044776,0.142232,0.137856,0.045952,0.970731,1.4615,0.479121,0.438326,0.485459,0.480176,2.434782,2.999999,0.375,0.304348,6.0,0.217391,2.0,0.086957,0.072464
11909_master,13+,13.6,298.0,142.153846,2.09632,2.023489,2.999999,0.130872,0.087248,0.0,0.030201,0.030201,0.590604,0.057047,0.110738,0.14849,2.238255,7.0,0.375,0.5,0.362416,0.16443,0.080537,0.634228,0.152778,0.375,0.137566,0.0,0.0,2.079364,2.999999,0.328859,0.721939,1.0,0.897959,0.213918,0.5,0.329897,0.882353,0.0,0.174603,0.043624,0.577181,0.087248,0.622048,1.253262,0.358108,0.179661,0.358108,0.358108,2.113635,2.999999,0.4375,0.147727,5.0,0.215909,3.0,0.1875,0.017045
11911_master,13,13.0,298.0,97.372882,3.0604,1.885905,2.999999,0.016779,0.036913,0.0,0.003356,0.003356,0.322148,0.204698,0.090604,0.163171,1.305369,7.0,0.375,0.5,0.308725,0.127517,0.067114,0.506711,0.164735,0.375,0.072848,0.0,0.0,1.761589,1.999999,0.258389,0.792208,1.0,0.896104,0.115132,0.5,0.157895,0.956522,0.0,0.178808,0.184564,0.302013,0.033557,0.557662,1.253414,0.398649,0.20339,0.398649,0.398649,1.791666,1.999999,0.5,0.104167,6.5,0.302083,2.0,0.28125,0.197917
11912_master,13,13.4,501.0,139.058633,3.602797,2.820358,4.0,0.065868,0.0998,0.00998,0.023952,0.023952,0.155689,0.141717,0.013972,0.194361,0.576846,7.0,0.5,0.5,0.419162,0.213573,0.133733,0.289421,0.189655,0.5,0.344828,0.034483,0.034483,2.406896,2.999999,0.41517,0.489183,1.0,0.605769,0.137681,0.5,0.154589,0.953846,0.0,0.048276,0.133733,0.147705,0.065868,1.011533,1.89016,0.366733,0.168675,0.382979,0.366733,2.730768,4.0,0.5,0.423077,4.3,0.102564,2.0,0.089744,0.089744
11913_remaster,13,13.4,413.0,131.136364,3.149393,2.617433,4.0,0.021792,0.050847,0.0,0.01937,0.01937,0.280872,0.128329,0.077482,0.175545,1.038741,6.0,0.375,0.5,0.397094,0.205811,0.079903,0.401937,0.169428,0.375,0.126506,0.0,0.006024,2.572288,4.0,0.254237,0.485714,1.0,0.628571,0.161058,0.5,0.173077,0.946667,0.0,0.192771,0.121065,0.273608,0.033898,0.823825,1.732037,0.430657,0.221951,0.431707,0.443609,2.456896,4.0,0.375,0.12069,5.0,0.146552,2.0,0.275862,0.25
11914_remaster,13+,13.7,576.0,140.558823,4.097928,3.024305,4.999997,0.078125,0.036458,0.0,0.008681,0.008681,0.279514,0.086806,0.034722,0.169054,1.09375,7.0,0.4375,0.5,0.355903,0.178819,0.100694,0.361111,0.186298,0.5,0.100962,0.0,0.0,2.485576,4.0,0.288194,0.60241,1.0,0.710843,0.163636,0.5,0.181818,0.952941,0.0,0.096154,0.081597,0.274306,0.032986,0.731011,1.38904,0.280488,0.095986,0.289575,0.290614,2.403726,2.999999,0.5,0.118012,6.0,0.31677,2.0,0.124224,0.080745
11916_master,13,13.1,438.0,110.106383,3.977971,3.068492,4.0,0.03653,0.105023,0.0,0.002283,0.002283,0.1621,0.134703,0.011416,0.167808,0.579909,6.0,0.375,0.5,0.358447,0.159817,0.059361,0.294521,0.20155,0.375,0.356589,0.0,0.007752,2.837209,4.0,0.296804,0.557692,1.0,0.723077,0.238372,0.75,0.286822,0.986667,0.0,0.03876,0.13242,0.159817,0.063927,0.894785,1.236935,0.375576,0.194444,0.378313,0.395631,2.943661,4.0,0.375,0.394366,4.0,0.056338,1.1,0.070423,0.0
11917_master,14,14.1,773.0,143.7,5.379262,4.126778,5.999999,0.06727,0.020699,0.006468,0.003881,0.003881,0.184994,0.194049,0.095731,0.161546,0.637775,5.0,0.375,0.375,0.353169,0.121604,0.033635,0.366106,0.173145,0.375,0.042403,0.003534,0.003534,3.537102,5.999999,0.064683,0.595,1.0,0.84,0.178571,0.5,0.183673,0.941176,0.029412,0.261484,0.181113,0.172057,0.005175,1.0174,1.828533,0.329442,0.175325,0.440801,0.372059,3.496503,5.799999,0.475,0.027972,4.0,0.062937,2.0,0.517483,0.405594
11918_master,14,14.3,650.0,144.257812,4.505822,3.987691,5.999999,0.024615,0.078462,0.007692,0.021538,0.021538,0.164615,0.172308,0.032308,0.143269,0.567692,5.0,0.375,0.375,0.298462,0.14,0.044615,0.321538,0.148923,0.375,0.239234,0.019139,0.033493,3.28708,4.999997,0.18,0.728632,1.0,0.91453,0.159483,0.5,0.206897,0.921053,0.0,0.100478,0.156923,0.149231,0.027692,1.350509,1.4392,0.299383,0.120556,0.402685,0.33564,3.766354,4.999997,0.375,0.168224,5.0,0.130841,2.0,0.196262,0.102804
11951_master,13,13.0,509.0,132.12766,3.852335,2.86051,4.0,0.053045,0.072692,0.0,0.007859,0.007859,0.210216,0.137525,0.037328,0.149558,0.797642,6.0,0.375,0.5,0.312377,0.133595,0.053045,0.341847,0.147989,0.375,0.212644,0.0,0.005747,2.71839,4.0,0.257367,0.545802,1.0,0.648855,0.157692,0.5,0.176923,0.972727,0.0,0.109195,0.131631,0.204322,0.058939,0.578995,0.873674,0.495069,0.286561,0.495069,0.495069,2.747663,4.0,0.375,0.280374,5.0,0.28972,2.0,0.17757,0.140187
119_master,13,13.4,333.0,88.137931,3.778169,2.93093,4.0,0.0,0.018018,0.0,0.0,0.0,0.099099,0.18018,0.0,0.154279,0.36036,4.0,0.375,0.375,0.201201,0.114114,0.048048,0.279279,0.181452,0.375,0.064516,0.0,0.0,2.333333,3.8,0.105105,0.45,0.9,0.428571,0.183824,0.675,0.205882,1.0,0.0,0.0,0.18018,0.099099,0.012012,0.791439,1.422639,0.513595,0.269697,0.513595,0.513595,2.21212,2.999999,0.6,0.121212,4.0,0.0,1.0,0.0,0.0
1235_master,14,14.5,792.0,129.893618,6.097297,4.690656,7.000004,0.0,0.065657,0.0,0.0,0.0,0.169192,0.075758,0.037879,0.177399,0.613636,5.0,0.375,0.5,0.335859,0.152778,0.066919,0.238636,0.188492,0.375,0.275132,0.0,0.0,3.798941,5.999999,0.248737,0.553299,1.0,0.695431,0.239796,0.5,0.306122,1.0,0.0,0.15873,0.069444,0.162879,0.046717,0.847856,1.720295,0.324607,0.111549,0.315789,0.442202,3.91791,5.999999,0.375,0.276119,4.0,0.067164,2.0,0.223881,0.201493
125_master,13,13.4,421.0,106.753247,3.943674,2.990498,4.999997,0.0,0.033254,0.0,0.0,0.0,0.111639,0.092637,0.023753,0.165677,0.389549,4.0,0.375,0.5,0.280285,0.128266,0.08076,0.187648,0.115506,0.25,0.177215,0.0,0.0,2.41772,2.999999,0.406176,0.513158,1.0,0.573099,0.167647,0.5,0.176471,1.0,0.0,0.126582,0.07601,0.095012,0.033254,0.733309,1.480131,0.336516,0.12201,0.330688,0.336516,2.404254,4.399999,0.25,0.297872,4.0,0.0,1.0,0.212766,0.212766
1301_master,13+,13.9,633.0,133.636364,4.736735,3.84834,5.999999,0.0,0.045814,0.0,0.0,0.0,0.153239,0.083728,0.044234,0.172591,0.538705,6.0,0.375,0.375,0.350711,0.127962,0.044234,0.233807,0.168074,0.2875,0.195946,0.0,0.0,2.743242,4.299999,0.199052,0.585317,1.0,0.825397,0.176,0.5,0.216,1.0,0.0,0.189189,0.080569,0.150079,0.037915,1.454191,1.374893,0.332805,0.120635,0.448037,0.335463,2.948453,4.999997,0.25,0.247423,5.0,0.134021,2.0,0.28866,0.237113
130_master,13+,13.7,391.0,80.0,4.8875,3.616367,5.999999,0.0,0.030691,0.0,0.0,0.0,0.089514,0.214834,0.0,0.179987,0.329923,4.0,0.375,0.5,0.332481,0.199488,0.086957,0.278772,0.163991,0.375,0.110092,0.0,0.0,2.871559,4.999997,0.107417,0.583333,1.0,0.571429,0.189024,0.75,0.219512,1.0,0.0,0.0,0.189258,0.063939,0.015345,1.166806,1.214675,0.323907,0.136598,0.410345,0.323907,3.399999,5.999999,0.5,0.171429,4.0,0.0,1.0,0.0,0.0
131_remaster,13,13.5,277.0,76.363636,3.627381,2.667869,4.0,0.0,0.050542,0.0,0.0,0.0,0.31769,0.169675,0.090253,0.236011,1.115523,6.0,0.5,0.5,0.530686,0.299639,0.220217,0.462094,0.229492,0.5,0.109375,0.0,0.0,2.539062,2.999999,0.411552,0.489035,0.925,0.464912,0.097345,0.5,0.141593,1.0,0.0,0.195312,0.144404,0.292419,0.039711,0.576521,1.538421,0.385455,0.222628,0.389513,0.395522,2.386363,2.999999,0.5,0.125,5.0,0.147727,2.0,0.284091,0.204545
132_expert,13,13.1,371.0,79.230769,4.682524,3.053907,4.0,0.0,0.0,0.0,0.0,0.0,0.02965,0.134771,0.0,0.118598,0.105121,4.0,0.25,0.25,0.121294,0.024259,0.002695,0.161725,0.1375,0.125,0.0,0.0,0.0,3.049999,4.0,0.053908,0.5375,0.75,0.6,0.131579,0.5,0.157895,1.0,0.0,0.0,0.132075,0.026954,0.0,0.591908,1.215458,0.506775,0.407609,0.506775,0.506775,2.545453,2.999999,0.375,0.0,4.0,0.0,1.0,0.0,0.0
132_master,13+,13.7,368.0,77.884615,4.724938,3.241847,4.0,0.0,0.019022,0.0,0.0,0.0,0.17663,0.103261,0.029891,0.184783,0.646739,4.0,0.375,0.5,0.383152,0.222826,0.097826,0.279891,0.275485,0.5,0.067961,0.0,0.0,2.640776,2.999999,0.059783,0.5,0.5,1.0,0.0,0.0,0.0,1.0,0.0,0.106796,0.103261,0.17663,0.0,0.513339,1.627149,0.464481,0.383562,0.469444,0.470914,2.415384,2.999999,0.5,0.0,4.0,0.0,1.0,0.169231,0.153846
133_master,13+,13.7,377.0,74.433962,5.064892,3.615384,4.999997,0.0,0.013263,0.0,0.0,0.0,0.145889,0.013263,0.015915,0.168767,0.527851,4.0,0.25,0.375,0.262599,0.084881,0.03183,0.151194,0.210526,0.375,0.087719,0.0,0.0,3.087719,5.399998,0.045093,0.691176,1.0,0.882353,0.296875,0.625,0.4375,1.0,0.0,0.105263,0.005305,0.137931,0.013263,0.999915,1.308526,0.506667,0.200535,0.556575,0.506667,3.163636,5.599998,0.375,0.090909,4.0,0.0,1.0,0.109091,0.072727
133_remaster,13+,13.9,423.0,74.433962,5.68289,3.962174,5.999999,0.0,0.056738,0.0,0.0,0.0,0.158392,0.052009,0.052009,0.198877,0.612293,6.0,0.375,0.5,0.411348,0.158392,0.061466,0.208038,0.228693,0.4125,0.272727,0.0,0.0,3.261363,4.0,0.3026,0.660156,1.0,0.765625,0.238189,0.5,0.338583,1.0,0.0,0.25,0.049645,0.156028,0.037825,0.950176,1.263538,0.413302,0.152381,0.5125,0.42029,3.358208,4.999997,0.375,0.238806,4.0,0.074627,1.0,0.328358,0.268657
134_master,13,13.2,216.0,78.897637,2.737725,2.412036,2.999999,0.0,0.0,0.0,0.0,0.0,0.356481,0.194444,0.046296,0.138889,1.425926,4.0,0.25,0.375,0.314815,0.092593,0.009259,0.541667,0.15812,0.25,0.0,0.0,0.0,2.188033,2.999999,0.013889,1.0,1.0,1.0,0.0,0.0,0.0,1.0,0.0,0.08547,0.185185,0.347222,0.0,0.754194,1.712424,0.514019,0.356808,0.52381,0.514019,2.246752,2.999999,0.25,0.0,4.0,0.0,0.0,0.12987,0.116883
134_remaster,13,13.4,288.0,79.370078,3.628571,2.944444,4.0,0.0,0.048611,0.0,0.0,0.0,0.333333,0.180556,0.145833,0.190538,1.229167,5.0,0.375,0.5,0.447917,0.1875,0.0625,0.482639,0.206835,0.375,0.100719,0.0,0.0,2.892086,4.0,0.145833,0.529762,1.0,0.833333,0.091463,0.25,0.097561,1.0,0.0,0.302158,0.149306,0.302083,0.041667,0.91957,1.374135,0.335664,0.108772,0.345324,0.335664,3.03125,4.0,0.375,0.125,5.0,0.125,1.0,0.4375,0.40625
135_master,13,13.2,235.0,79.756098,2.946483,2.561701,4.0,0.0,0.025532,0.0,0.0,0.0,0.293617,0.221277,0.06383,0.209574,1.021277,4.0,0.45,0.5,0.425532,0.242553,0.102128,0.506383,0.246849,0.5,0.05042,0.0,0.0,2.319327,2.999999,0.085106,0.5,0.75,0.75,0.052632,0.25,0.0,1.0,0.0,0.12605,0.212766,0.285106,0.008511,0.64573,1.570492,0.369099,0.193966,0.373913,0.369099,2.130434,2.999999,0.5,0.028986,4.0,0.0,0.0,0.217391,0.217391
136_master,13+,13.7,239.0,76.2,3.136483,2.564853,4.0,0.0,0.008368,0.0,0.0,0.0,0.364017,0.188285,0.108787,0.180962,1.284519,4.0,0.375,0.5,0.376569,0.242678,0.09205,0.531381,0.197835,0.5,0.015748,0.0,0.0,2.322834,4.0,0.09205,0.715909,1.0,0.772727,0.166667,0.5,0.142857,1.0,0.0,0.204724,0.167364,0.343096,0.004184,0.94694,1.814803,0.362869,0.110169,0.382222,0.362869,2.367815,4.0,0.375,0.011494,4.0,0.0,1.0,0.298851,0.275862
137_master,13,13.4,292.0,77.076923,3.788423,3.287671,4.999997,0.0,0.0,0.0,0.0,0.0,0.130137,0.35274,0.0,0.202483,0.472603,4.0,0.5,0.5,0.465753,0.239726,0.126712,0.476027,0.205036,0.375,0.0,0.0,0.0,2.748201,4.0,0.020548,0.375,0.5,0.5,0.1,0.25,0.0,1.0,0.0,0.0,0.34589,0.123288,0.0,0.937103,1.415611,0.358621,0.193772,0.409449,0.358621,2.36842,2.999999,0.375,0.0,4.0,0.0,1.0,0.0,0.0
138_master,13,13.4,347.0,79.090909,4.387356,3.074927,4.0,0.0,0.057637,0.0,0.0,0.0,0.236311,0.07781,0.063401,0.112752,0.723343,4.0,0.25,0.375,0.15562,0.092219,0.020173,0.314121,0.143349,0.375,0.183486,0.0,0.0,2.541283,2.999999,0.161383,0.607143,1.0,0.642857,0.422727,0.75,0.418182,1.0,0.0,0.201835,0.07781,0.236311,0.04611,0.552875,1.099918,0.284058,0.148256,0.305296,0.284058,2.548779,3.9,0.375,0.195122,3.0,0.0,0.0,0.268293,0.256098
139_master,13,13.4,363.0,79.666667,4.556485,3.482093,5.999999,0.0,0.0,0.0,0.0,0.0,0.088154,0.033058,0.011019,0.170455,0.322314,4.0,0.25,0.5,0.206612,0.088154,0.082645,0.112948,0.158537,0.25,0.0,0.0,0.0,2.365853,4.0,0.201102,0.318493,0.5,0.246575,0.118056,0.25,0.041667,1.0,0.0,0.097561,0.024793,0.07989,0.0,0.897425,1.184056,0.163435,0.088889,0.196013,0.163435,2.656249,4.0,0.125,0.0,4.0,0.0,1.0,0.125,0.125
140_master,13,13.3,281.0,73.651686,3.815255,2.615657,2.999999,0.0,0.014235,0.0,0.0,0.0,0.156584,0.405694,0.014235,0.192171,0.55516,4.0,0.375,0.5,0.384342,0.177936,0.060498,0.544484,0.202614,0.375,0.026144,0.0,0.0,2.346404,2.999999,0.088968,0.51,1.0,0.44,0.177083,0.5,0.25,1.0,0.0,0.026144,0.3879,0.13879,0.014235,0.82434,1.26442,0.419355,0.230216,0.438931,0.419355,1.90909,2.999999,0.5,0.090909,4.0,0.0,1.0,0.090909,0.090909
141_master,14,14.1,523.0,77.142857,6.77963,4.569788,7.000004,0.0,0.0,0.0,0.0,0.0,0.022945,0.126195,0.0,0.172801,0.086042,4.0,0.375,0.375,0.298279,0.14914,0.042065,0.147228,0.13961,0.25,0.0,0.0,0.0,3.207791,4.999997,0.047801,0.54,1.0,0.44,0.166667,0.75,0.208333,1.0,0.0,0.0,0.124283,0.021033,0.0,0.847851,1.140894,0.264875,0.111538,0.420063,0.298056,3.083332,4.0,0.25,0.0,4.0,0.0,1.0,0.0,0.0
142_expert,13,13.0,306.0,74.260564,4.120626,3.192809,4.999997,0.0,0.009804,0.0,0.0,0.0,0.006536,0.117647,0.0,0.153186,0.026144,4.0,0.25,0.375,0.287582,0.078431,0.045752,0.124183,0.121711,0.25,0.078947,0.0,0.0,2.315788,2.999999,0.045752,0.357143,0.775,0.142857,0.057692,0.0,0.076923,1.0,0.0,0.0,0.117647,0.006536,0.0,1.148851,1.327596,0.296053,0.171617,0.315789,0.296053,1.0,1.0,0.35,0.0,4.0,0.0,0.0,0.0,0.0
142_master,13,13.3,269.0,74.15493,3.62754,2.48327,2.999999,0.0,0.011152,0.0,0.0,0.0,0.152416,0.178439,0.037175,0.159851,0.572491,4.0,0.375,0.5,0.29368,0.148699,0.092937,0.315985,0.219118,0.5,0.035294,0.0,0.0,2.105881,2.999999,0.122677,0.606061,0.95,0.818182,0.140625,0.475,0.125,1.0,0.0,0.117647,0.163569,0.137546,0.0,0.470569,1.471794,0.348315,0.274436,0.359073,0.348315,2.09756,2.999999,0.375,0.0,4.0,0.0,0.1,0.243902,0.097561
143_master,14,14.2,620.0,77.0,8.051948,4.829032,7.000004,0.0,0.001613,0.0,0.0,0.0,0.008065,0.0,0.006452,0.24254,0.032258,4.0,0.375,0.5,0.556452,0.320968,0.087097,0.008065,0.2,0.25,0.2,0.0,0.0,5.800003,7.000004,0.053226,0.666667,1.0,0.818182,0.234375,0.5,0.25,0.0,0.0,0.8,0.0,0.008065,0.001613,0.849226,0.790772,0.320388,0.141005,0.37234,0.320388,5.800003,7.000004,0.25,0.2,4.0,0.0,0.0,0.8,0.6
143_remaster,14+,14.6,363.0,79.666667,4.556485,3.517906,7.000004,0.0,0.123967,0.0,0.0,0.0,0.564738,0.030303,0.132231,0.207645,2.168044,6.0,0.375,0.5,0.53168,0.198347,0.082645,0.586777,0.201878,0.375,0.211268,0.0,0.0,3.234741,4.999997,0.275482,0.89,1.0,0.96,0.078283,0.5,0.131313,1.0,0.0,0.225352,0.022039,0.556474,0.123967,1.270505,1.212414,0.296399,0.175,0.325503,0.296399,3.131707,4.999997,0.375,0.219512,6.0,0.282927,3.0,0.234146,0.165854
144_master,13,13.3,384.0,73.576643,5.219048,3.476562,4.699998,0.0,0.0,0.0,0.0,0.0,0.007812,0.09375,0.005208,0.141276,0.03125,4.0,0.25,0.375,0.213542,0.096354,0.033854,0.101562,0.185897,0.375,0.0,0.0,0.0,2.820511,2.999999,0.03125,1.0,1.0,1.0,0.0,0.0,0.0,1.0,0.0,0.051282,0.09375,0.007812,0.0,0.923202,0.914223,0.387435,0.07874,0.411111,0.387435,2.999999,2.999999,0.1,0.0,4.0,0.0,0.0,0.666667,0.666667
144_remaster,13+,13.7,390.0,73.576643,5.300595,3.535897,4.999997,0.0,0.028205,0.0,0.0,0.0,0.115385,0.087179,0.028205,0.139103,0.430769,5.0,0.25,0.5,0.192308,0.074359,0.05641,0.197436,0.162338,0.375,0.142857,0.0,0.0,3.155843,4.0,0.161538,0.738095,1.0,0.761905,0.165323,0.75,0.16129,1.0,0.0,0.142857,0.082051,0.110256,0.025641,0.947009,0.91245,0.376289,0.077519,0.407821,0.376289,3.133332,4.0,0.5,0.222222,4.0,0.088889,1.7,0.244444,0.2
146_master,13,13.0,378.0,114.342857,3.305847,2.100528,2.999999,0.0,0.0,0.0,0.0,0.0,0.10582,0.174603,0.0,0.191799,0.343915,4.0,0.5,0.5,0.378307,0.193122,0.12963,0.280423,0.179245,0.375,0.0,0.0,0.0,1.896226,2.999999,0.248677,0.457447,0.75,0.457447,0.110215,0.5,0.139785,1.0,0.0,0.0,0.174603,0.10582,0.0,0.557612,1.210568,0.337766,0.157333,0.337766,0.337766,2.449999,2.999999,0.375,0.0,4.0,0.0,1.0,0.0,0.0
146_remaster,13,13.4,395.0,114.685714,3.444195,2.179746,2.999999,0.0,0.027848,0.0,0.0,0.0,0.293671,0.15443,0.075949,0.157595,1.243038,7.0,0.5,0.5,0.313924,0.182278,0.108861,0.425316,0.151786,0.5,0.065476,0.0,0.0,2.208332,2.999999,0.227848,0.436111,0.75,0.4,0.160112,0.5,0.213483,1.0,0.0,0.178571,0.131646,0.270886,0.017722,0.529561,1.147765,0.363868,0.137755,0.363868,0.363868,2.310344,2.999999,0.5,0.060345,5.0,0.25,2.0,0.258621,0.215517
152_master,13,13.2,325.0,104.1,3.121998,2.596923,4.0,0.0,0.027692,0.0,0.0,0.0,0.215385,0.166154,0.0,0.199231,0.778462,4.0,0.375,0.5,0.467692,0.138462,0.061538,0.363077,0.20339,0.375,0.076271,0.0,0.0,1.838982,1.999999,0.153846,0.55,1.0,0.64,0.178571,0.5,0.183673,1.0,0.0,0.0,0.147692,0.196923,0.018462,0.824061,1.446529,0.377709,0.329193,0.377709,0.377709,1.871428,1.999999,0.5,0.085714,4.0,0.0,1.0,0.0,0.0
153_master,13,13.2,329.0,102.756757,3.201736,2.489361,2.999999,0.0,0.06079,0.0,0.0,0.0,0.273556,0.200608,0.0,0.192249,0.990881,4.0,0.5,0.5,0.410334,0.215805,0.118541,0.474164,0.170673,0.375,0.128205,0.0,0.0,2.26282,2.999999,0.267477,0.539773,0.75,0.715909,0.132184,0.5,0.137931,1.0,0.0,0.0,0.200608,0.273556,0.06079,0.607775,1.577174,0.437309,0.303681,0.437309,0.437309,2.177777,2.999999,0.375,0.222222,4.0,0.0,1.0,0.0,0.0
154_expert,13,13.2,407.0,98.421052,4.135294,2.928746,4.0,0.0,0.0,0.0,0.0,0.0,0.039312,0.09828,0.002457,0.219595,0.137592,4.0,0.5,0.75,0.405405,0.265356,0.132678,0.137592,0.198661,0.375,0.0,0.0,0.0,2.67857,3.499999,0.085995,0.278571,0.25,0.057143,0.029412,0.0,0.058824,1.0,0.0,0.017857,0.09828,0.039312,0.0,1.14099,1.496101,0.730864,0.670792,0.743719,0.730864,3.249999,4.0,0.125,0.0,4.0,0.0,1.0,0.0625,0.0625
154_master,13+,13.7,456.0,98.447368,4.631917,3.42763,4.999997,0.0,0.0,0.0,0.0,0.0,0.061404,0.188596,0.006579,0.190515,0.223684,4.0,0.375,0.5,0.39693,0.179825,0.061404,0.241228,0.176136,0.375,0.0,0.0,0.0,2.481817,4.0,0.057018,0.605769,1.0,0.576923,0.11,0.5,0.2,1.0,0.0,0.027273,0.179825,0.052632,0.0,0.880874,1.493075,0.453744,0.426049,0.622356,0.468182,3.357143,7.000004,0.2875,0.0,4.0,0.0,1.0,0.107143,0.107143
155_master,13,13.2,340.0,127.697368,2.662545,2.238234,2.999999,0.0,0.041176,0.0,0.0,0.0,0.261765,0.297059,0.047059,0.173897,1.002941,4.0,0.375,0.5,0.308824,0.129412,0.061765,0.482353,0.176829,0.375,0.085366,0.0,0.0,1.957316,2.999999,0.152941,0.586538,1.0,0.634615,0.22549,0.5,0.294118,1.0,0.0,0.097561,0.220588,0.185294,0.038235,0.838971,1.356189,0.39645,0.21365,0.39645,0.39645,1.988763,2.999999,0.375,0.146067,4.0,0.0,1.0,0.179775,0.11236
1736_master,13,13.2,470.0,143.612903,3.272686,2.665956,2.999999,0.0,0.02766,0.0,0.0,0.0,0.229787,0.191489,0.019149,0.151596,0.806383,6.0,0.375,0.5,0.325532,0.13617,0.07234,0.410638,0.181347,0.5,0.067358,0.0,0.0,2.3886,2.999999,0.208511,0.530612,0.75,0.591837,0.103093,0.5,0.154639,1.0,0.0,0.046632,0.180851,0.219149,0.021277,1.074731,1.327376,0.33547,0.132762,0.327434,0.312207,2.203703,2.999999,0.5,0.092593,5.0,0.138889,2.0,0.083333,0.055556
1819_master,14,14.2,404.0,136.236764,2.965426,3.512376,7.000004,0.0,0.05198,0.0,0.0,0.0,0.289604,0.054455,0.123762,0.179146,1.096535,7.0,0.375,0.48125,0.39604,0.126238,0.05198,0.314356,0.175197,0.425,0.165354,0.0,0.0,2.377952,4.199999,0.173267,0.617857,1.0,0.728571,0.126812,0.5,0.115942,1.0,0.0,0.393701,0.024752,0.259901,0.037129,1.480404,2.055077,0.216418,0.074813,0.308511,0.239011,2.444444,5.999999,0.375,0.128205,6.0,0.350427,2.0,0.42735,0.34188
187_master,13,13.2,380.0,117.692308,3.228758,2.671052,4.0,0.0,0.034211,0.0,0.0,0.0,0.226316,0.242105,0.036842,0.2125,0.881579,4.0,0.5,0.5,0.426316,0.239474,0.131579,0.452632,0.210756,0.5,0.075581,0.0,0.0,2.35465,4.0,0.221053,0.452381,0.925,0.392857,0.204819,0.5,0.325301,1.0,0.0,0.081395,0.226316,0.210526,0.026316,0.813099,1.45136,0.415344,0.246684,0.420485,0.430137,2.093023,2.999999,0.5,0.116279,4.0,0.0,1.0,0.162791,0.093023
188_master,13,13.3,392.0,124.269398,3.154437,2.369897,2.999999,0.0,0.053571,0.0,0.0,0.0,0.339286,0.153061,0.017857,0.209821,1.242347,4.0,0.5,0.5,0.471939,0.242347,0.109694,0.489796,0.226562,0.5,0.109375,0.0,0.0,2.130208,2.999999,0.15051,0.610169,1.0,0.745763,0.193966,0.575,0.224138,1.0,0.0,0.036458,0.15051,0.336735,0.05102,0.769635,1.682567,0.492308,0.341902,0.492308,0.492308,2.18045,2.999999,0.5,0.150376,4.0,0.0,1.0,0.052632,0.045113
191_master,14,14.1,618.0,101.322581,6.099331,4.08576,5.299998,0.0,0.0,0.0,0.0,0.0,0.085761,0.076052,0.032362,0.126618,0.343042,4.0,0.25,0.25,0.195793,0.02589,0.0,0.161812,0.205,0.25,0.0,0.0,0.0,3.529999,4.999997,0.043689,0.361111,0.75,0.296296,0.057692,0.25,0.076923,1.0,0.0,0.2,0.076052,0.085761,0.0,0.886074,1.444939,0.511364,0.417886,0.607843,0.543103,2.981131,2.999999,0.25,0.0,4.0,0.0,0.0,0.377358,0.377358
193_master,13,13.3,511.0,109.034483,4.686591,3.285713,4.999997,0.0,0.0,0.0,0.0,0.0,0.088063,0.046967,0.015656,0.250245,0.340509,4.0,0.5,0.5,0.53816,0.317025,0.164384,0.131115,0.248134,0.5,0.0,0.0,0.0,2.238805,2.999999,0.21135,0.518519,1.0,0.472222,0.154206,0.5,0.205607,1.0,0.0,0.119403,0.043053,0.084149,0.0,0.821418,1.26696,0.428291,0.240157,0.502304,0.428291,2.244443,2.999999,0.5,0.0,4.0,0.0,0.0,0.177778,0.088889
194_master,13,13.3,469.0,131.733334,3.560223,2.321961,2.999999,0.0,0.002132,0.0,0.0,0.0,0.420043,0.059701,0.0,0.197761,1.556503,4.0,0.375,0.5,0.426439,0.240938,0.085288,0.479744,0.260556,0.5,0.004444,0.0,0.0,2.186666,2.999999,0.072495,0.588235,0.75,0.794118,0.159091,0.5,0.212121,1.0,0.0,0.0,0.059701,0.420043,0.002132,0.651834,1.170374,0.406852,0.27897,0.406852,0.406852,2.192892,2.999999,0.5,0.005076,4.0,0.0,1.0,0.0,0.0
198_master,13,13.2,413.0,105.0,3.933333,2.72397,4.0,0.0,0.012107,0.0,0.0,0.0,0.106538,0.251816,0.033898,0.166162,0.40678,4.0,0.375,0.5,0.307506,0.104116,0.060533,0.358354,0.173986,0.375,0.033784,0.0,0.0,2.297296,2.999999,0.140436,0.439655,1.0,0.482759,0.065789,0.25,0.052632,1.0,0.0,0.094595,0.251816,0.106538,0.012107,0.641007,1.049901,0.391727,0.14878,0.391727,0.391727,2.318181,2.999999,0.375,0.113636,4.0,0.0,1.0,0.318182,0.318182
198_remaster,14,14.1,549.0,104.7,5.243553,3.435336,4.999997,0.0,0.147541,0.0,0.0,0.0,0.326047,0.014572,0.043716,0.13684,1.094718,5.0,0.375,0.5,0.271403,0.149362,0.058288,0.327869,0.191667,0.375,0.45,0.0,0.0,3.155555,4.0,0.287796,0.561709,1.0,0.683544,0.211783,0.5,0.22293,1.0,0.0,0.133333,0.001821,0.313297,0.147541,0.432028,0.947626,0.338208,0.087912,0.338174,0.367793,3.156424,4.0,0.375,0.452514,4.0,0.022346,2.0,0.134078,0.134078
199_master,13,13.3,454.0,119.914285,3.786038,2.616739,4.0,0.0,0.006608,0.0,0.0,0.0,0.061674,0.246696,0.002203,0.181993,0.211454,4.0,0.375,0.375,0.356828,0.140969,0.048458,0.30837,0.204464,0.375,0.021429,0.0,0.0,2.185713,2.999999,0.094714,0.604651,1.0,0.581395,0.10119,0.475,0.119048,1.0,0.0,0.007143,0.246696,0.061674,0.0,0.815094,1.322051,0.402655,0.215078,0.423888,0.402655,2.178571,2.999999,0.375,0.0,4.0,0.0,1.0,0.035714,0.0
200_remaster,13,13.3,485.0,125.217392,3.873264,2.909278,4.0,0.0,0.074227,0.0,0.0,0.0,0.265979,0.142268,0.043299,0.195619,1.049485,6.0,0.375,0.5,0.404124,0.173196,0.074227,0.393814,0.20877,0.5,0.188482,0.0,0.0,2.722512,4.0,0.204124,0.530303,1.0,0.555556,0.178571,0.5,0.22449,1.0,0.0,0.109948,0.127835,0.251546,0.070103,0.602916,1.311829,0.3706,0.184647,0.3706,0.3706,2.635658,3.199999,0.5,0.263566,5.0,0.170543,1.0,0.162791,0.139535
201_master,13,13.3,484.0,112.941176,4.285417,3.026858,4.999997,0.0,0.0,0.0,0.0,0.0,0.140496,0.121901,0.020661,0.179236,0.530992,4.0,0.375,0.5,0.266529,0.179752,0.061983,0.262397,0.21752,0.5,0.0,0.0,0.0,2.425196,4.0,0.068182,0.568182,1.0,0.515152,0.125,0.475,0.125,1.0,0.0,0.07874,0.121901,0.140496,0.0,0.715356,1.561737,0.286307,0.141372,0.312941,0.290526,2.720587,4.999997,0.5,0.0,4.0,0.0,0.0,0.147059,0.088235
202_master,13,13.4,552.0,133.3125,4.140647,2.992753,5.999999,0.0,0.001812,0.0,0.0,0.0,0.157609,0.099638,0.001812,0.223958,0.574275,4.0,0.5,0.5,0.480072,0.25,0.130435,0.257246,0.213028,0.375,0.007042,0.0,0.0,2.661971,4.0,0.141304,0.474359,1.0,0.474359,0.175325,0.5,0.207792,1.0,0.0,0.007042,0.099638,0.157609,0.001812,0.646985,1.394124,0.338182,0.138434,0.382046,0.338182,2.632183,4.0,0.5,0.011494,4.0,0.0,1.0,0.011494,0.011494
204_master,13,13.3,619.0,106.333334,5.821317,3.893376,5.999999,0.0,0.0,0.0,0.0,0.0,0.016155,0.030695,0.0,0.231624,0.056543,4.0,0.5,0.5,0.565428,0.226171,0.108239,0.04685,0.181034,0.375,0.0,0.0,0.0,2.689655,4.2,0.074313,0.483696,1.0,0.543478,0.138889,0.5,0.177778,1.0,0.0,0.0,0.030695,0.016155,0.0,0.561759,1.020675,0.207455,0.022727,0.188841,0.207455,2.399999,3.199998,0.25,0.0,4.0,0.0,1.0,0.0,0.0
204_remaster,14,14.4,786.0,106.666667,7.36875,4.36005,5.999999,0.0,0.001272,0.0,0.0,0.0,0.047074,0.052163,0.003817,0.221692,0.181934,6.0,0.375,0.5,0.48855,0.245547,0.081425,0.099237,0.174679,0.25,0.012821,0.0,0.0,3.384614,4.999997,0.217557,0.70614,1.0,0.865497,0.229412,0.5,0.352941,1.0,0.0,0.038462,0.052163,0.047074,0.0,0.470925,1.047512,0.334184,0.075351,0.302789,0.348404,3.783783,5.999999,0.25,0.0,4.0,0.081081,2.0,0.081081,0.081081
205_master,13,13.2,445.0,113.035715,3.936809,2.586516,2.999999,0.0,0.0,0.0,0.0,0.0,0.152809,0.161798,0.047191,0.189045,0.559551,4.0,0.375,0.5,0.406742,0.173034,0.07191,0.31236,0.17536,0.375,0.0,0.0,0.0,2.467625,2.999999,0.186517,0.623494,1.0,0.698795,0.192073,0.5,0.304878,1.0,0.0,0.151079,0.159551,0.150562,0.0,0.916205,1.483107,0.512415,0.244344,0.512761,0.512415,2.661764,4.0,0.375,0.0,4.0,0.0,1.0,0.308824,0.279412
209_master,13+,13.8,514.0,113.20197,4.540557,3.202334,4.0,0.0,0.027237,0.0,0.0,0.0,0.081712,0.149805,0.0,0.181177,0.305447,4.0,0.3375,0.5,0.371595,0.101167,0.068093,0.231518,0.139706,0.25,0.117647,0.0,0.0,2.789915,4.0,0.132296,0.463235,1.0,0.470588,0.089552,0.5,0.119403,1.0,0.0,0.0,0.149805,0.081712,0.027237,0.600342,1.103604,0.376953,0.172211,0.4,0.401247,2.595237,4.0,0.375,0.333333,4.0,0.0,1.0,0.0,0.0
213_master,13,13.4,376.0,110.322581,3.408187,3.05851,5.999999,0.0,0.0,0.0,0.0,0.0,0.218085,0.130319,0.069149,0.190492,0.760638,4.0,0.375,0.5,0.382979,0.223404,0.071809,0.348404,0.234733,0.5,0.0,0.0,0.0,2.183205,4.0,0.125,0.478723,1.0,0.404255,0.048913,0.25,0.065217,1.0,0.0,0.198473,0.130319,0.218085,0.0,1.034531,1.605477,0.379679,0.22252,0.439252,0.379679,2.195121,4.0,0.375,0.0,4.0,0.0,1.0,0.317073,0.182927
214_master,13,13.2,281.0,78.882353,3.562267,2.355871,2.999999,0.0,0.0,0.0,0.0,0.0,0.234875,0.117438,0.003559,0.133897,0.886121,4.0,0.25,0.25,0.202847,0.042705,0.007117,0.352313,0.109848,0.25,0.0,0.0,0.0,2.070706,2.999999,0.160142,0.622222,0.75,0.822222,0.0625,0.25,0.022727,1.0,0.0,0.010101,0.117438,0.234875,0.0,0.986805,0.895125,0.469534,0.345324,0.469534,0.469534,2.121211,2.999999,0.25,0.0,4.0,0.0,1.0,0.015152,0.015152
216_master,13,13.3,187.0,108.0,1.731481,1.641711,1.999999,0.0,0.0,0.0,0.0,0.0,0.989305,0.0,0.02139,0.264037,3.566845,4.0,0.5,0.5,0.636364,0.459893,0.117647,0.989305,0.263514,0.5,0.0,0.0,0.0,1.648648,1.999999,0.0,0.0,0.0,0.0,0.0,0.0,0.0,1.0,0.0,0.021622,0.0,0.989305,0.0,0.520031,1.595807,0.448649,0.347826,0.448649,0.448649,1.648648,1.999999,0.5,0.0,4.0,0.0,1.0,0.021622,0.0
218_master,13,13.4,397.0,88.875,4.466948,3.100755,4.0,0.0,0.005038,0.0,0.0,0.0,0.123426,0.166247,0.002519,0.127519,0.463476,4.0,0.25,0.25,0.110831,0.030227,0.005038,0.289673,0.132609,0.25,0.017391,0.0,0.0,2.434781,2.999999,0.095718,0.460526,0.5,0.789474,0.047297,0.25,0.054054,1.0,0.0,0.008696,0.166247,0.123426,0.005038,0.665973,1.203139,0.288608,0.230964,0.292876,0.3,1.959183,2.999999,0.375,0.040816,4.0,0.0,1.0,0.020408,0.020408
219_master,13+,13.6,486.0,104.756756,4.639319,3.41358,4.0,0.0,0.010288,0.0,0.0,0.0,0.152263,0.055556,0.0,0.157407,0.576132,4.0,0.25,0.375,0.304527,0.090535,0.047325,0.207819,0.111386,0.25,0.049505,0.0,0.0,3.168316,4.0,0.183128,0.255618,0.25,0.022472,0.005682,0.0,0.0,1.0,0.0,0.0,0.055556,0.152263,0.010288,0.817866,0.757138,0.347107,0.246377,0.348643,0.347107,3.162161,4.0,0.25,0.067568,4.0,0.0,1.0,0.0,0.0
219_remaster,14,14.3,531.0,104.756756,5.068885,3.640301,4.999997,0.0,0.032015,0.0,0.0,0.0,0.12806,0.073446,0.011299,0.205273,0.491525,4.0,0.5,0.5,0.435028,0.20904,0.111111,0.201507,0.175234,0.375,0.158879,0.0,0.0,3.196261,4.0,0.291902,0.464516,0.75,0.503226,0.152597,0.5,0.162338,1.0,0.0,0.056075,0.073446,0.12806,0.020716,0.836472,1.197828,0.427481,0.235632,0.437637,0.427481,3.308823,4.0,0.375,0.161765,4.0,0.0,1.0,0.088235,0.088235
220_master,13,13.0,280.0,75.81081,3.693405,3.714285,8.000004,0.0,0.003571,0.0,0.0,0.0,0.257143,0.014286,0.046429,0.214286,1.0,4.0,0.375,0.5,0.453571,0.260714,0.089286,0.271429,0.297697,0.5,0.013158,0.0,0.0,2.092105,2.999999,0.057143,0.453125,0.75,0.375,0.116667,0.5,0.2,1.0,0.0,0.171053,0.014286,0.257143,0.0,1.193231,1.766566,0.226619,0.079422,0.285714,0.272727,2.027777,2.999999,0.5,0.0,4.0,0.0,1.0,0.180556,0.041667
223_master,13+,13.8,467.0,112.673077,4.144735,3.038543,4.0,0.0,0.006424,0.0,0.0,0.0,0.284797,0.055675,0.002141,0.198876,1.100642,4.0,0.5,0.5,0.379015,0.231263,0.126338,0.33833,0.237342,0.5,0.018987,0.0,0.0,2.601265,2.999999,0.068522,0.648438,1.0,0.6875,0.145161,0.5,0.16129,1.0,0.0,0.006329,0.053533,0.282655,0.006424,0.680339,1.495335,0.505376,0.3125,0.532864,0.52809,2.736841,2.999999,0.5,0.022556,4.0,0.0,1.0,0.007519,0.007519
224_master,14,14.0,545.0,101.052631,5.393229,3.662385,4.999997,0.0,0.0,0.0,0.0,0.0,0.121101,0.045872,0.001835,0.137156,0.431193,4.0,0.25,0.375,0.188991,0.075229,0.016514,0.166972,0.134615,0.25,0.0,0.0,0.0,3.076922,4.999997,0.066055,0.25,0.25,0.0,0.0,0.0,0.0,1.0,0.0,0.010989,0.045872,0.121101,0.0,0.61638,1.00864,0.305709,0.081181,0.307229,0.332665,3.21212,4.999997,0.375,0.0,4.0,0.0,1.0,0.015152,0.015152
225_master,13,13.4,440.0,122.313404,3.597316,2.793181,4.999997,0.0,0.015909,0.0,0.0,0.0,0.213636,0.138636,0.002273,0.220739,0.740909,5.0,0.5,0.5,0.486364,0.220455,0.109091,0.352273,0.195968,0.375,0.045161,0.0,0.0,1.974193,2.999999,0.186364,0.5,1.0,0.54878,0.166667,0.5,0.197531,1.0,0.0,0.006452,0.138636,0.213636,0.015909,0.643365,1.964205,0.285388,0.118993,0.305,0.286041,1.904255,2.999999,0.375,0.074468,4.0,0.053191,1.8,0.010638,0.010638
226_master,13,13.4,516.0,118.333334,4.360563,3.259689,4.999997,0.0,0.0,0.0,0.0,0.0,0.075581,0.118217,0.001938,0.157219,0.263566,4.0,0.25,0.375,0.292636,0.091085,0.036822,0.19186,0.170455,0.375,0.0,0.0,0.0,2.171716,2.999999,0.102713,0.457547,1.0,0.415094,0.076923,0.25,0.076923,1.0,0.0,0.010101,0.116279,0.073643,0.0,0.608738,1.752608,0.324903,0.150097,0.345291,0.324903,1.923076,1.999999,0.25,0.0,4.0,0.0,1.0,0.025641,0.0
226_remaster,13,13.4,573.0,118.666667,4.828652,3.401395,4.999997,0.0,0.010471,0.0,0.0,0.0,0.191972,0.102967,0.00349,0.165794,0.703316,6.0,0.375,0.375,0.350785,0.13438,0.026178,0.294939,0.16716,0.375,0.035503,0.0,0.0,2.988165,4.0,0.160558,0.502717,0.75,0.695652,0.173077,0.5,0.208791,1.0,0.0,0.011834,0.102967,0.191972,0.010471,0.726015,1.668241,0.394046,0.238596,0.423529,0.406872,3.172727,4.0,0.375,0.054545,4.0,0.063636,2.0,0.018182,0.018182
227_expert,13,13.1,517.0,120.0,4.308333,3.303674,4.999997,0.0,0.01354,0.0,0.0,0.0,0.075435,0.121857,0.015474,0.227273,0.284333,4.0,0.5,0.625,0.491296,0.295938,0.152805,0.187621,0.188144,0.375,0.072165,0.0,0.0,2.567009,3.399999,0.361702,0.34893,0.5,0.331551,0.104839,0.25,0.064516,1.0,0.0,0.082474,0.112186,0.065764,0.011605,0.704951,1.111118,0.229126,0.097276,0.269406,0.229126,2.846153,4.0,0.375,0.153846,4.0,0.0,1.0,0.205128,0.153846
227_master,14,14.2,595.0,120.0,4.958333,3.616805,4.999997,0.0,0.067227,0.0,0.0,0.0,0.245378,0.010084,0.023529,0.208403,0.909244,4.0,0.5,0.5,0.455462,0.238655,0.141176,0.255462,0.256579,0.5,0.263158,0.0,0.0,3.526314,4.999997,0.248739,0.846284,1.0,0.864865,0.188776,0.75,0.278912,1.0,0.0,0.092105,0.010084,0.245378,0.067227,0.625073,1.308133,0.284992,0.130068,0.347826,0.305054,3.506848,4.999997,0.5,0.273973,4.0,0.0,1.0,0.09589,0.09589
227_remaster,14+,14.8,670.0,120.0,5.583333,4.388059,5.999999,0.0,0.071642,0.0,0.0,0.0,0.255224,0.059701,0.029851,0.159888,1.064179,7.0,0.375,0.5,0.297015,0.165672,0.076119,0.308955,0.208333,0.375,0.231884,0.0,0.0,3.681158,4.999997,0.277612,0.721774,1.0,0.763441,0.178378,0.5,0.194595,1.0,0.0,0.096618,0.053731,0.249254,0.067164,1.034932,1.402717,0.314961,0.142405,0.393593,0.345423,3.614034,4.999997,0.375,0.263158,6.0,0.245614,2.0,0.116959,0.116959
22_remaster,14+,14.8,679.0,100.714285,6.741844,4.817378,9.199999,0.0,0.008837,0.0,0.0,0.0,0.194404,0.0,0.082474,0.192747,0.731959,5.0,0.375,0.5,0.402062,0.237113,0.069219,0.194404,0.242424,0.5,0.045455,0.0,0.0,4.204545,5.899999,0.153166,0.620192,1.0,0.807692,0.106796,0.25,0.097087,1.0,0.0,0.424242,0.0,0.194404,0.008837,0.791163,1.34142,0.335303,0.12574,0.455581,0.439922,4.204545,5.899999,0.5,0.045455,5.0,0.242424,2.0,0.424242,0.340909
230_master,13,13.3,221.0,115.111111,1.919884,1.837103,1.999999,0.0,0.0,0.0,0.0,0.0,0.78733,0.036199,0.027149,0.217195,3.420814,6.0,0.5,0.5,0.497738,0.393665,0.104072,0.80543,0.226826,0.5,0.0,0.0,0.0,1.842696,1.999999,0.262443,0.862069,1.0,0.87931,0.087719,0.5,0.122807,1.0,0.0,0.033708,0.0181,0.769231,0.0,0.589849,1.019188,0.30137,0.220183,0.30137,0.30137,1.827585,1.999999,0.5,0.0,5.0,0.402299,2.0,0.034483,0.011494
231_master,13,13.2,406.0,102.882353,3.946255,3.105911,4.999997,0.0,0.017241,0.0,0.0,0.0,0.150246,0.103448,0.004926,0.217365,0.576355,5.0,0.375,0.5,0.497537,0.251232,0.093596,0.229064,0.247312,0.375,0.075269,0.0,0.0,2.118279,2.999999,0.160099,0.726923,1.0,0.738462,0.234375,0.75,0.3125,1.0,0.0,0.021505,0.078818,0.125616,0.014778,0.967418,1.553665,0.386139,0.272953,0.417127,0.386139,2.09836,2.999999,0.375,0.098361,4.0,0.081967,1.0,0.032787,0.0
232_master,13+,13.7,522.0,114.166667,4.572263,3.291187,4.999997,0.0,0.005747,0.0,0.0,0.0,0.139847,0.068966,0.01341,0.201628,0.536398,6.0,0.5,0.5,0.400383,0.218391,0.105364,0.193487,0.210396,0.5,0.029703,0.0,0.0,2.722771,4.0,0.189655,0.59596,1.0,0.69697,0.186224,0.5,0.244898,1.0,0.0,0.069307,0.05364,0.124521,0.005747,0.816468,1.294016,0.367308,0.125241,0.351351,0.367308,2.712328,4.0,0.475,0.041096,5.0,0.205479,2.0,0.09589,0.09589
233_master,14,14.4,584.0,115.39557,5.060853,4.818492,5.999999,0.0,0.006849,0.0,0.0,0.0,0.145548,0.008562,0.042808,0.245719,0.609589,6.0,0.5,0.5,0.554795,0.308219,0.157534,0.15411,0.202778,0.5,0.044444,0.0,0.0,3.422222,5.999999,0.121575,0.584507,1.0,0.535211,0.125,0.5,0.171429,1.0,0.0,0.277778,0.008562,0.145548,0.006849,2.821821,1.313229,0.228522,0.108434,0.489083,0.246753,3.423529,5.999999,0.5,0.047059,5.0,0.4,2.0,0.294118,0.282353
234_master,13,13.2,358.0,114.166667,3.135766,2.656424,4.0,0.0,0.005587,0.0,0.0,0.0,0.223464,0.117318,0.036313,0.240223,0.835196,6.0,0.5,0.5,0.530726,0.268156,0.156425,0.307263,0.223864,0.3875,0.018182,0.0,0.0,2.099999,2.999999,0.399441,0.533217,1.0,0.482517,0.176056,0.5,0.295775,1.0,0.0,0.118182,0.083799,0.189944,0.005587,1.092808,1.495339,0.44382,0.225352,0.481481,0.44382,2.099999,2.999999,0.5,0.025,5.0,0.1875,2.0,0.1625,0.0875
235_master,14,14.1,432.0,106.388889,4.060574,2.953702,4.999997,0.0,0.002315,0.0,0.0,0.0,0.273148,0.12037,0.0,0.264468,0.944444,6.0,0.5,0.625,0.622685,0.365741,0.217593,0.391204,0.186391,0.4,0.005917,0.0,0.0,2.147928,2.999999,0.261574,0.634956,1.0,0.637168,0.138393,0.5,0.196429,1.0,0.0,0.0,0.118056,0.270833,0.002315,0.729083,1.640314,0.560465,0.421911,0.719403,0.560465,2.110169,2.999999,0.375,0.008475,4.0,0.067797,2.0,0.0,0.0
236_master,13,13.3,334.0,115.0,2.904348,2.245508,2.999999,0.0,0.08982,0.0,0.0,0.0,0.497006,0.050898,0.008982,0.193862,1.826347,6.0,0.5,0.5,0.371257,0.245509,0.122754,0.538922,0.204167,0.5,0.166667,0.0,0.0,1.938888,2.999999,0.338323,0.570796,1.0,0.548673,0.178571,0.5,0.267857,1.0,0.0,0.016667,0.041916,0.488024,0.086826,0.690501,1.400189,0.301205,0.141994,0.310345,0.301205,1.95783,2.999999,0.5,0.174699,4.0,0.096386,1.0,0.018072,0.012048
238_master,13+,13.8,568.0,118.8,4.781145,3.172534,4.0,0.0,0.044014,0.0,0.0,0.0,0.107394,0.110915,0.001761,0.154049,0.371479,4.0,0.25,0.375,0.292254,0.09331,0.021127,0.21831,0.16129,0.375,0.201613,0.0,0.0,2.798386,4.0,0.091549,0.528846,1.0,0.615385,0.264706,0.75,0.27451,1.0,0.0,0.008065,0.110915,0.107394,0.044014,0.59471,1.360927,0.487633,0.247788,0.499076,0.497297,2.245901,2.999999,0.375,0.409836,4.0,0.0,1.0,0.016393,0.016393
239_master,14,14.4,552.0,108.163265,5.103396,3.516303,4.999997,0.0,0.050725,0.0,0.0,0.0,0.253623,0.059783,0.056159,0.187274,0.907609,4.0,0.375,0.5,0.405797,0.161232,0.070652,0.273551,0.225166,0.5,0.18543,0.0,0.0,2.675496,4.999997,0.175725,0.860825,1.0,0.886598,0.049479,0.25,0.041667,1.0,0.0,0.205298,0.019928,0.213768,0.050725,1.018209,1.386518,0.447273,0.260474,0.549654,0.468571,2.664285,4.999997,0.5,0.2,4.0,0.0,1.0,0.221429,0.107143
239_remaster,14,14.0,556.0,107.857143,5.154967,3.958632,7.000004,0.0,0.014388,0.0,0.0,0.0,0.314748,0.082734,0.142086,0.183678,1.196043,6.0,0.375,0.5,0.381295,0.188849,0.071942,0.397482,0.21267,0.5,0.036199,0.0,0.0,3.090497,4.999997,0.120504,0.891791,1.0,0.940299,0.083333,0.375,0.106061,1.0,0.0,0.357466,0.082734,0.314748,0.014388,1.123598,1.547205,0.382671,0.200723,0.545706,0.445378,2.811427,4.999997,0.5,0.045714,5.0,0.445714,2.0,0.451429,0.331429
23_remaster,13+,13.7,325.0,99.36,3.270934,2.892307,4.0,0.0,0.104615,0.0,0.0,0.0,0.304615,0.264615,0.055385,0.198846,1.101538,7.0,0.5,0.5,0.390769,0.267692,0.138462,0.550769,0.183659,0.5,0.189944,0.0,0.0,2.586591,2.999999,0.372308,0.580579,1.0,0.578512,0.289583,0.75,0.45,1.0,0.0,0.100559,0.246154,0.286154,0.104615,0.873902,1.379051,0.436533,0.236025,0.453376,0.436533,2.232322,2.999999,0.375,0.343434,4.0,0.050505,2.0,0.181818,0.131313
240_master,13+,13.8,462.0,116.571428,3.963235,2.874458,4.0,0.0,0.030303,0.0,0.0,0.0,0.103896,0.220779,0.012987,0.1921,0.393939,4.0,0.375,0.5,0.452381,0.160173,0.062771,0.320346,0.222973,0.375,0.094595,0.0,0.0,2.270269,2.999999,0.175325,0.484568,1.0,0.469136,0.175,0.5,0.1375,1.0,0.0,0.040541,0.21645,0.099567,0.030303,0.788934,1.795254,0.402174,0.237473,0.416476,0.414798,2.541666,4.0,0.375,0.291667,4.0,0.0,1.0,0.125,0.125
240_remaster,14,14.5,666.0,117.428572,5.671533,3.91141,4.999997,0.0,0.048048,0.0,0.0,0.0,0.157658,0.123123,0.057057,0.218468,0.578078,5.0,0.375,0.5,0.536036,0.255255,0.093093,0.274775,0.23429,0.375,0.174863,0.0,0.0,2.93989,4.0,0.168168,0.696429,1.0,0.875,0.252252,0.5,0.378378,1.0,0.0,0.20765,0.117117,0.151652,0.016517,0.759204,1.594794,0.320783,0.146305,0.459276,0.347471,2.961904,4.0,0.375,0.104762,4.0,0.085714,2.0,0.361905,0.361905
244_master,13,13.0,408.0,111.666667,3.653731,2.691176,4.0,0.0,0.004902,0.0,0.0,0.0,0.029412,0.142157,0.007353,0.158701,0.115196,5.0,0.375,0.375,0.343137,0.132353,0.041667,0.171569,0.185714,0.375,0.028571,0.0,0.0,2.657142,4.0,0.264706,0.518519,1.0,0.509259,0.247664,0.5,0.429907,1.0,0.0,0.042857,0.142157,0.029412,0.004902,0.923258,1.450612,0.773399,0.595062,0.773399,0.773399,1.666666,3.8,0.5,0.166667,5.0,0.25,2.0,0.25,0.083333
246_master,13,13.2,431.0,123.0,3.504065,2.969837,4.0,0.0,0.009281,0.0,0.0,0.0,0.218097,0.044084,0.0,0.218097,0.795824,4.0,0.375,0.5,0.535963,0.2529,0.092807,0.262181,0.279867,0.375,0.035398,0.0,0.0,1.999999,1.999999,0.348028,0.526667,0.75,0.74,0.105705,0.5,0.167785,1.0,0.0,0.0,0.044084,0.218097,0.009281,0.596658,1.336727,0.293706,0.100467,0.317259,0.310345,1.978723,1.999999,0.375,0.042553,4.0,0.0,1.0,0.0,0.0
247_master,13,13.4,386.0,109.593023,3.522122,2.647667,4.0,0.0,0.049223,0.0,0.0,0.0,0.147668,0.062176,0.049223,0.233161,0.53886,5.0,0.5,0.5,0.481865,0.233161,0.178756,0.204663,0.264241,0.5,0.240506,0.0,0.0,2.531645,4.0,0.502591,0.626289,1.0,0.664948,0.19171,0.5,0.316062,1.0,0.0,0.240506,0.056995,0.142487,0.033679,0.814796,1.673294,0.460938,0.237598,0.475676,0.472,2.473683,4.0,0.5,0.22807,5.0,0.140351,2.0,0.333333,0.157895
247_remaster,13+,13.7,390.0,109.593023,3.558621,2.789743,4.0,0.0,0.076923,0.0,0.0,0.0,0.238462,0.130769,0.107692,0.196474,0.902564,6.0,0.375,0.5,0.446154,0.241026,0.089744,0.341026,0.229323,0.375,0.225564,0.0,0.0,2.49624,4.0,0.389744,0.638158,1.0,0.684211,0.18543,0.5,0.245033,1.0,0.0,0.315789,0.102564,0.210256,0.074359,0.760153,1.848037,0.443299,0.206718,0.460274,0.466125,2.387096,4.0,0.375,0.311828,5.0,0.204301,2.0,0.451613,0.247312
248_remaster,13,13.3,351.0,106.071429,3.309091,2.601139,4.0,0.0,0.096866,0.0,0.0,0.0,0.259259,0.22792,0.05698,0.188746,1.011396,6.0,0.375,0.5,0.361823,0.179487,0.094017,0.464387,0.207822,0.5,0.208589,0.0,0.0,2.417177,2.999999,0.336182,0.627119,1.0,0.635593,0.17094,0.5,0.196581,1.0,0.0,0.122699,0.205128,0.236467,0.068376,0.761628,1.261077,0.406877,0.166667,0.406877,0.411594,2.31868,2.999999,0.5,0.263736,5.0,0.186813,2.0,0.21978,0.197802
24_remaster,14,14.0,426.0,98.137255,4.340859,2.983567,4.0,0.0,0.002347,0.0,0.0,0.0,0.06338,0.2723,0.042254,0.200411,0.197183,4.0,0.375,0.5,0.450704,0.183099,0.053991,0.335681,0.198427,0.375,0.006993,0.0,0.0,2.664335,4.0,0.187793,0.621875,1.0,0.825,0.129747,0.5,0.189873,1.0,0.0,0.125874,0.2723,0.06338,0.0,0.7339,1.976067,0.53494,0.433414,0.55,0.567775,2.592592,4.0,0.5,0.0,3.4,0.0,0.0,0.666667,0.074074
251_master,13,13.0,360.0,104.168952,3.455924,3.041666,4.0,0.0,0.005556,0.0,0.0,0.0,0.211111,0.083333,0.019444,0.233333,0.8,6.0,0.5,0.5,0.5,0.288889,0.116667,0.294444,0.225236,0.375,0.018868,0.0,0.0,2.433962,4.0,0.177778,0.59375,1.0,0.59375,0.194444,0.75,0.238095,1.0,0.0,0.066038,0.083333,0.211111,0.005556,0.781906,1.494188,0.298883,0.165266,0.295522,0.298883,2.289473,4.0,0.375,0.026316,5.0,0.263158,2.0,0.092105,0.092105
252_master,13+,13.7,447.0,109.542857,4.080595,2.682326,4.0,0.0,0.044743,0.0,0.0,0.0,0.058166,0.129754,0.0,0.175336,0.214765,4.0,0.5,0.5,0.266219,0.154362,0.127517,0.187919,0.16369,0.4625,0.238095,0.0,0.0,2.20238,2.999999,0.331096,0.371622,1.0,0.216216,0.059524,0.25,0.068027,1.0,0.0,0.0,0.129754,0.058166,0.029083,0.611303,1.338241,0.386517,0.207207,0.394299,0.401869,2.038461,2.999999,0.25,0.5,4.0,0.0,1.0,0.0,0.0
252_remaster,13+,13.7,398.0,110.742857,3.593911,2.728642,4.0,0.0,0.057789,0.0,0.0,0.0,0.31407,0.067839,0.030151,0.175251,1.218593,7.0,0.5,0.5,0.376884,0.221106,0.125628,0.374372,0.156879,0.5,0.154362,0.0,0.0,2.234898,2.999999,0.472362,0.505319,1.0,0.547872,0.160428,0.5,0.197861,1.0,0.0,0.080537,0.060302,0.306533,0.050251,0.592254,1.423494,0.373737,0.174684,0.39726,0.40327,2.191999,2.999999,0.5,0.16,5.0,0.288,2.0,0.096,0.08
253_master,13,13.3,284.0,106.845703,2.658039,2.524647,4.0,0.0,0.052817,0.0,0.0,0.0,0.197183,0.242958,0.042254,0.151408,0.704225,4.0,0.375,0.375,0.285211,0.123239,0.03169,0.415493,0.147246,0.375,0.127119,0.0,0.0,2.322033,2.999999,0.21831,0.504032,0.75,0.709677,0.155738,0.5,0.147541,1.0,0.0,0.101695,0.21831,0.172535,0.052817,1.084358,1.626817,0.556738,0.434164,0.556738,0.556738,2.232142,2.999999,0.375,0.267857,4.0,0.0,1.0,0.214286,0.125
254_master,13,13.3,460.0,103.604651,4.439955,2.939129,4.0,0.0,0.052174,0.0,0.0,0.0,0.119565,0.182609,0.006522,0.23288,0.441304,5.0,0.5,0.5,0.491304,0.315217,0.130435,0.297826,0.233577,0.5,0.175182,0.0,0.0,2.635035,2.999999,0.3,0.552536,1.0,0.608696,0.169708,0.5,0.19708,1.0,0.0,0.021898,0.178261,0.115217,0.045652,0.96396,1.159127,0.277293,0.100656,0.277778,0.277293,2.30909,2.999999,0.5,0.381818,4.0,0.090909,1.0,0.054545,0.018182
255_remaster,13+,13.8,387.0,101.806452,3.801331,3.68217,8.000004,0.0,0.03876,0.0,0.0,0.0,0.281654,0.170543,0.056848,0.169574,1.21447,6.0,0.375,0.375,0.343669,0.113695,0.028424,0.452196,0.175714,0.375,0.085714,0.0,0.0,3.068571,8.000004,0.186047,0.600694,1.0,0.888889,0.073944,0.25,0.098592,1.0,0.0,0.125714,0.170543,0.281654,0.028424,1.078172,1.592759,0.363636,0.166667,0.415493,0.474576,3.412844,8.000004,0.375,0.100917,6.0,0.577982,3.0,0.201835,0.183486
258_master,13+,13.8,645.0,94.2,6.847134,4.190697,5.999999,0.0,0.003101,0.0,0.0,0.0,0.075969,0.0,0.021705,0.245736,0.249612,4.0,0.375,0.5,0.592248,0.4,0.07907,0.075969,0.173469,0.25,0.040816,0.0,0.0,4.346937,5.999999,0.03876,0.37,0.75,0.24,0.125,0.5,0.25,1.0,0.0,0.285714,0.0,0.075969,0.003101,0.593961,0.830995,0.328149,0.160436,0.445783,0.328149,4.346937,5.999999,0.25,0.040816,4.0,0.0,1.0,0.285714,0.183673
259_master,13,13.3,404.0,97.2,4.156379,2.903464,4.0,0.0,0.007426,0.0,0.0,0.0,0.096535,0.101485,0.00495,0.159653,0.35396,4.0,0.375,0.5,0.284653,0.133663,0.086634,0.193069,0.200321,0.5,0.038462,0.0,0.0,2.423076,2.999999,0.163366,0.424242,0.75,0.393939,0.123077,0.5,0.230769,1.0,0.0,0.025641,0.096535,0.091584,0.002475,0.647739,1.247747,0.420398,0.209476,0.430769,0.420398,2.435896,2.999999,0.5,0.025641,4.0,0.0,1.0,0.051282,0.051282
260_master,13,13.2,398.0,112.207792,3.546991,3.103014,4.999997,0.0,0.007538,0.0,0.0,0.0,0.20603,0.138191,0.030151,0.225503,0.751256,4.0,0.375,0.5,0.582915,0.266332,0.080402,0.309045,0.224593,0.375,0.02439,0.0,0.0,2.186991,2.999999,0.148241,0.631356,1.0,0.610169,0.181034,0.5,0.275862,1.0,0.0,0.097561,0.103015,0.170854,0.007538,0.887866,1.616042,0.512626,0.326582,0.540698,0.512626,2.243901,4.999997,0.375,0.036585,4.0,0.0,1.0,0.146341,0.146341
260_remaster,13+,13.7,539.0,112.207792,4.803588,3.615954,5.999999,0.0,0.020408,0.0,0.0,0.0,0.109462,0.090909,0.03154,0.205009,0.41744,7.0,0.375,0.5,0.465677,0.183673,0.06679,0.19666,0.208726,0.375,0.103774,0.0,0.0,2.999999,4.999997,0.204082,0.584091,1.0,0.7,0.18578,0.5,0.256881,1.0,0.0,0.160377,0.087199,0.105751,0.007421,0.846667,1.415536,0.383613,0.164179,0.44335,0.385768,3.050846,4.999997,0.4,0.067797,5.4,0.152542,2.0,0.288136,0.254237
261_master,13+,13.8,613.0,116.373626,5.267517,3.931484,4.999997,0.0,0.009788,0.0,0.0,0.0,0.169657,0.068515,0.006525,0.158238,0.642741,4.0,0.375,0.375,0.216966,0.102773,0.034258,0.23491,0.190104,0.375,0.041667,0.0,0.0,3.284722,4.0,0.079935,0.433673,0.75,0.387755,0.0625,0.25,0.083333,1.0,0.0,0.027778,0.065253,0.166395,0.009788,0.838474,0.992662,0.319149,0.106557,0.280088,0.319149,3.211538,4.0,0.375,0.057692,4.0,0.0,1.0,0.038462,0.038462
261_remaster,14,14.2,718.0,116.373626,6.169783,4.629526,7.000004,0.0,0.032033,0.0,0.0,0.0,0.167131,0.073816,0.057103,0.191504,0.611421,6.0,0.375,0.5,0.344011,0.164345,0.061281,0.236769,0.216912,0.375,0.135294,0.0,0.0,4.152941,5.999999,0.235376,0.643491,1.0,0.751479,0.208333,0.5,0.285714,1.0,0.0,0.241176,0.069638,0.162953,0.026462,0.867992,1.333639,0.287709,0.106294,0.275534,0.306548,3.966666,4.999997,0.375,0.158333,6.0,0.183333,2.0,0.341667,0.316667
262_master,13+,13.7,571.0,129.341317,4.414676,3.21541,4.999997,0.0,0.003503,0.0,0.0,0.0,0.157618,0.112084,0.029772,0.247373,0.556918,4.0,0.5,0.5,0.602452,0.343257,0.129597,0.2662,0.248355,0.5,0.013158,0.0,0.0,2.36842,2.999999,0.162872,0.682796,1.0,0.731183,0.154891,0.5,0.184783,1.0,0.0,0.111842,0.108581,0.154116,0.003503,0.821337,1.4185,0.333919,0.107394,0.354212,0.333919,2.333332,2.999999,0.5,0.022222,4.0,0.0,1.0,0.188889,0.1
263_master,13,13.3,415.0,118.343559,3.506739,3.091565,5.999999,0.0,0.040964,0.0,0.0,0.0,0.207229,0.118072,0.004819,0.239157,0.768675,4.0,0.5,0.5,0.590361,0.301205,0.106024,0.322892,0.212687,0.375,0.126866,0.0,0.0,2.231343,3.7,0.2,0.683735,1.0,0.710843,0.189024,0.5,0.231707,1.0,0.0,0.014925,0.115663,0.204819,0.040964,1.066464,1.66287,0.35109,0.218447,0.410405,0.35109,1.976744,2.999999,0.5,0.197674,4.0,0.0,1.0,0.023256,0.023256
264_master,13+,13.7,621.0,125.689656,4.940741,3.246376,4.0,0.0,0.028986,0.0,0.0,0.0,0.140097,0.069243,0.043478,0.208333,0.536232,4.0,0.5,0.5,0.486312,0.214171,0.10467,0.201288,0.201,0.375,0.144,0.0,0.0,2.591999,4.0,0.132045,0.661585,1.0,0.743902,0.138889,0.5,0.17284,1.0,0.0,0.216,0.061192,0.132045,0.020934,0.715811,1.196677,0.555735,0.349515,0.598261,0.555735,2.75862,4.0,0.375,0.149425,4.0,0.0,0.0,0.310345,0.275862
265_master,13,13.3,239.0,123.776223,1.930904,2.079497,2.999999,0.0,0.0,0.0,0.0,0.0,0.372385,0.284519,0.046025,0.148536,1.359833,4.0,0.375,0.3875,0.288703,0.175732,0.050209,0.627615,0.17,0.375,0.0,0.0,0.0,1.813333,2.999999,0.083682,0.575,1.0,0.55,0.105263,0.3,0.105263,1.0,0.0,0.073333,0.25523,0.343096,0.0,1.05061,2.120135,0.578059,0.389831,0.578059,0.578059,1.651685,1.999999,0.5,0.0,4.0,0.0,1.0,0.123596,0.05618
265_remaster,13,13.3,271.0,123.776223,2.189435,2.184501,2.999999,0.0,0.01476,0.0,0.0,0.0,0.346863,0.121771,0.00369,0.244926,1.265683,7.0,0.5,0.5625,0.594096,0.287823,0.184502,0.468635,0.201772,0.5,0.031496,0.0,0.0,1.968503,2.999999,0.605166,0.704268,1.0,0.756098,0.18865,0.5,0.282209,1.0,0.0,0.007874,0.121771,0.346863,0.01476,0.897169,1.855292,0.408922,0.190299,0.408922,0.408922,1.87234,2.999999,0.5,0.042553,5.0,0.117021,2.0,0.010638,0.010638
268_master,13+,13.8,540.0,113.0,4.778761,3.849998,4.999997,0.0,0.0,0.0,0.0,0.0,0.018519,0.033333,0.0,0.190278,0.068519,4.0,0.375,0.5,0.372222,0.174074,0.053704,0.051852,0.183036,0.375,0.0,0.0,0.0,2.249999,2.999999,0.096296,0.485577,0.75,0.480769,0.156863,0.5,0.235294,1.0,0.0,0.0,0.033333,0.018519,0.0,0.869332,1.024854,0.236059,0.102421,0.431973,0.236059,1.299999,1.999999,0.375,0.0,4.0,0.0,1.0,0.0,0.0
269_master,13+,13.9,532.0,106.792453,4.981625,3.522555,4.999997,0.0,0.003759,0.0,0.0,0.0,0.176692,0.007519,0.039474,0.200893,0.631579,4.0,0.375,0.5,0.37594,0.218045,0.093985,0.180451,0.204427,0.375,0.020833,0.0,0.0,3.666665,5.999999,0.069549,0.398649,0.75,0.297297,0.152778,0.5,0.222222,1.0,0.0,0.21875,0.003759,0.172932,0.003759,0.887962,1.21086,0.492453,0.224953,0.526437,0.492453,3.723403,5.999999,0.375,0.021277,4.0,0.0,1.0,0.223404,0.138298
270_master,14,14.0,525.0,106.344827,4.93677,3.649523,4.999997,0.0,0.0,0.0,0.0,0.0,0.057143,0.106667,0.0,0.212857,0.213333,4.0,0.5,0.5,0.432381,0.224762,0.133333,0.16381,0.300872,0.5,0.0,0.0,0.0,2.686046,4.0,0.241905,0.65748,1.0,0.874016,0.126984,0.5,0.150794,1.0,0.0,0.0,0.106667,0.057143,0.0,1.394094,1.470748,0.325048,0.139847,0.446524,0.341365,2.899999,3.099999,0.5,0.0,4.0,0.0,0.2,0.0,0.0
278_master,13,13.3,376.0,136.0,2.764706,2.914893,4.999997,0.0,0.042553,0.0,0.0,0.0,0.324468,0.087766,0.045213,0.208444,1.223404,6.0,0.5,0.5,0.446809,0.265957,0.119681,0.390957,0.252551,0.5,0.108844,0.0,0.0,1.931972,1.999999,0.255319,0.692708,1.0,0.729167,0.121053,0.5,0.168421,1.0,0.0,0.115646,0.066489,0.303191,0.029255,1.01284,1.520873,0.28877,0.131367,0.325077,0.314869,1.877048,1.999999,0.5,0.090164,5.0,0.204918,1.0,0.139344,0.139344
280_master,13,13.2,269.0,91.636364,2.935516,2.193308,2.999999,0.0,0.05948,0.0,0.0,0.0,0.286245,0.249071,0.066914,0.16171,1.178439,7.0,0.375,0.5,0.29368,0.111524,0.070632,0.490706,0.172348,0.375,0.121212,0.0,0.0,2.166666,2.999999,0.267658,0.590278,1.0,0.708333,0.183099,0.5,0.239437,1.0,0.0,0.136364,0.204461,0.241636,0.037175,0.899283,1.274052,0.47191,0.225564,0.47191,0.47191,2.207791,2.999999,0.375,0.12987,6.0,0.337662,2.5,0.233766,0.142857
281_master,13,13.2,280.0,100.434783,2.787879,2.207142,2.999999,0.0,0.035714,0.0,0.0,0.0,0.357143,0.160714,0.021429,0.179018,1.517857,6.0,0.375,0.5,0.35,0.196429,0.096429,0.510714,0.194056,0.375,0.06993,0.0,0.0,2.111887,2.999999,0.275,0.831169,1.0,0.857143,0.197368,0.625,0.263158,1.0,0.0,0.041958,0.153571,0.35,0.035714,0.588515,1.088138,0.438849,0.281588,0.438849,0.438849,1.949999,2.999999,0.5,0.1,5.0,0.31,1.2,0.06,0.04
283_master,13+,13.7,601.0,138.514285,4.338903,2.950082,4.999997,0.0,0.036606,0.0,0.0,0.0,0.124792,0.14975,0.009983,0.200707,0.50416,7.0,0.375,0.5,0.440932,0.236273,0.09817,0.264559,0.196541,0.375,0.138365,0.0,0.0,2.735848,4.0,0.30782,0.609459,1.0,0.67027,0.209239,0.5,0.277174,1.0,0.0,0.037736,0.139767,0.114809,0.028286,0.704507,1.343742,0.36394,0.095318,0.403774,0.36394,2.533332,2.999999,0.5,0.226667,5.0,0.253333,2.0,0.08,0.08
285_master,13+,13.7,431.0,107.52,4.008557,3.150811,4.999997,0.0,0.013921,0.0,0.0,0.0,0.241299,0.083527,0.062645,0.179524,0.888631,6.0,0.375,0.5,0.392111,0.194896,0.062645,0.322506,0.182554,0.375,0.043165,0.0,0.0,2.589927,3.199999,0.113689,0.428571,0.75,0.346939,0.119792,0.5,0.1875,1.0,0.0,0.194245,0.081206,0.238979,0.013921,1.110617,1.231252,0.477855,0.357477,0.531088,0.477855,2.76923,4.0,0.375,0.057692,5.0,0.230769,1.0,0.259615,0.25
288_master,13+,13.8,519.0,103.742273,5.002782,3.938342,5.999999,0.0,0.007707,0.0,0.0,0.0,0.105973,0.011561,0.00578,0.205443,0.406551,5.0,0.375,0.5,0.371869,0.211946,0.084778,0.117534,0.196721,0.375,0.065574,0.0,0.0,3.016393,5.999999,0.308285,0.54375,1.0,0.59375,0.216981,0.5,0.352201,1.0,0.0,0.04918,0.011561,0.105973,0.007707,1.023039,1.51148,0.4294,0.153101,0.447222,0.4294,3.145454,5.999999,0.375,0.072727,5.0,0.127273,1.0,0.054545,0.054545
295_master,13,13.3,476.0,99.967742,4.761536,3.300419,4.999997,0.0,0.006303,0.0,0.0,0.0,0.14916,0.016807,0.027311,0.194328,0.586134,5.0,0.375,0.5,0.401261,0.201681,0.071429,0.165966,0.169304,0.375,0.037975,0.0,0.0,2.49367,2.999999,0.134454,0.527344,0.75,0.578125,0.238095,0.5,0.412698,1.0,0.0,0.164557,0.016807,0.14916,0.002101,0.686396,1.168734,0.533755,0.334038,0.57109,0.533755,2.549295,2.999999,0.375,0.014085,5.0,0.225352,2.1,0.183099,0.183099
295_remaster,13+,13.7,199.0,99.967742,1.990642,2.0201,2.999999,0.0,0.0,0.0,0.0,0.0,0.874372,0.0,0.020101,0.264447,3.120603,6.0,0.5,0.5,0.572864,0.422111,0.306533,0.874372,0.277299,0.5,0.0,0.0,0.0,1.83908,2.999999,0.281407,0.647321,0.75,0.964286,0.05,0.25,0.054545,1.0,0.0,0.022989,0.0,0.874372,0.0,0.789785,1.768709,0.482234,0.260204,0.482234,0.482234,1.83908,2.999999,0.5,0.0,5.7,0.172414,2.0,0.022989,0.0
299_master,13+,13.6,689.0,128.148149,5.37659,3.325108,4.0,0.0,0.021771,0.0,0.0,0.0,0.111756,0.037736,0.026125,0.212446,0.429608,4.0,0.375,0.5,0.435414,0.229318,0.085631,0.148041,0.215686,0.5,0.147059,0.0,0.0,3.137254,4.0,0.274311,0.400794,0.75,0.31746,0.143617,0.5,0.260638,1.0,0.0,0.176471,0.036284,0.110305,0.021771,0.579934,1.277066,0.502183,0.215743,0.502985,0.502183,3.025973,4.0,0.5,0.194805,4.0,0.0,0.0,0.233766,0.220779
299_remaster,14,14.2,594.0,128.055556,4.638612,3.244107,4.999997,0.0,0.015152,0.0,0.0,0.0,0.212121,0.143098,0.015152,0.210227,0.861953,6.0,0.5,0.5,0.449495,0.234007,0.132997,0.343434,0.221814,0.5,0.044118,0.0,0.0,2.799019,4.0,0.319865,0.701316,1.0,0.705263,0.128307,0.5,0.195767,1.0,0.0,0.044118,0.131313,0.200337,0.005051,0.699356,1.391293,0.516892,0.311337,0.524771,0.516892,2.595237,4.0,0.5,0.02381,6.0,0.174603,2.0,0.071429,0.071429
301_master,13+,13.7,471.0,105.6,4.460227,3.337579,4.999997,0.0,0.059448,0.0,0.0,0.0,0.212314,0.063694,0.006369,0.210456,0.828025,5.0,0.375,0.5,0.460722,0.273885,0.084926,0.26327,0.241935,0.375,0.225806,0.0,0.0,2.540322,4.0,0.363057,0.564327,1.0,0.625731,0.2,0.5,0.205882,1.0,0.0,0.024194,0.050955,0.199575,0.053079,0.924866,1.286809,0.28145,0.119658,0.282353,0.310588,2.469999,4.0,0.375,0.25,4.0,0.02,1.0,0.03,0.0
301_remaster,14,14.0,684.0,105.6,6.477273,4.559941,7.000004,0.0,0.02193,0.0,0.0,0.0,0.146199,0.02924,0.016082,0.179094,0.564327,6.0,0.5,0.5,0.282164,0.200292,0.112573,0.175439,0.197917,0.5,0.125,0.0,0.0,4.166667,5.199998,0.184211,0.402778,0.75,0.420635,0.108,0.5,0.128,1.0,0.0,0.091667,0.02924,0.146199,0.02193,1.064875,1.248438,0.219941,0.071953,0.2173,0.291581,4.42,7.000004,0.5,0.15,5.0,0.13,1.0,0.11,0.11
302_master,13,13.0,474.0,117.209302,4.044048,2.810125,4.0,0.0,0.012658,0.0,0.0,0.0,0.160338,0.183544,0.037975,0.180116,0.622363,6.0,0.375,0.5,0.379747,0.179325,0.061181,0.329114,0.205128,0.375,0.038462,0.0,0.0,2.403845,2.999999,0.181435,0.598837,0.75,0.790698,0.173529,0.5,0.247059,1.0,0.0,0.115385,0.168776,0.14557,0.006329,0.887668,1.460032,0.20339,0.201699,0.223776,0.20339,2.407894,2.999999,0.375,0.039474,5.0,0.302632,2.0,0.236842,0.210526
303_master,13,13.3,465.0,117.454546,3.958978,2.847311,4.0,0.0,0.002151,0.0,0.0,0.0,0.167742,0.062366,0.002151,0.251613,0.615054,6.0,0.5,0.5,0.612903,0.305376,0.137634,0.225806,0.22381,0.375,0.009524,0.0,0.0,2.15238,2.999999,0.275269,0.576172,1.0,0.5,0.161417,0.5,0.244094,1.0,0.0,0.009524,0.058065,0.163441,0.002151,0.7753,1.296412,0.49892,0.242424,0.5,0.49892,2.128204,4.0,0.375,0.012821,4.0,0.064103,1.4,0.012821,0.0
308_master,13+,13.7,190.0,106.4,1.785714,1.752631,2.999999,0.0,0.0,0.0,0.0,0.0,0.984211,0.0,0.031579,0.292105,4.031579,6.0,0.375,0.5,0.810526,0.568421,0.089474,0.984211,0.293449,0.375,0.0,0.0,0.0,1.764705,2.999999,0.010526,0.25,0.25,0.0,0.0,0.0,0.0,1.0,0.0,0.032086,0.0,0.984211,0.0,0.688821,1.578525,0.590426,0.368984,0.590426,0.590426,1.764705,2.999999,0.375,0.0,5.0,0.347594,2.0,0.032086,0.0
310_remaster,13,13.2,296.0,110.129032,2.687756,2.124999,2.999999,0.0,0.070946,0.0,0.0,0.0,0.358108,0.574324,0.054054,0.209037,1.385135,5.0,0.375,0.5,0.435811,0.219595,0.081081,0.780405,0.202922,0.375,0.090909,0.0,0.0,2.142856,2.999999,0.182432,0.462963,1.0,0.37037,0.174528,0.5,0.283019,1.0,0.0,0.069264,0.422297,0.206081,0.050676,0.781335,1.342118,0.391156,0.191126,0.391156,0.391156,2.188678,2.999999,0.375,0.141509,4.0,0.075472,1.0,0.150943,0.056604
312_remaster,13,13.2,464.0,121.585482,3.816245,2.933189,4.0,0.0,0.114224,0.0,0.0,0.0,0.344828,0.0,0.122845,0.176455,1.19181,6.0,0.375,0.5,0.377155,0.157328,0.060345,0.344828,0.186719,0.375,0.33125,0.0,0.0,2.331249,2.999999,0.435345,0.559406,0.75,0.628713,0.179104,0.5,0.253731,1.0,0.0,0.35625,0.0,0.344828,0.114224,0.707474,1.801656,0.318182,0.158351,0.331818,0.318182,2.331249,2.999999,0.375,0.33125,5.0,0.11875,1.0,0.35625,0.2125
313_master,13,13.2,510.0,127.3125,4.005891,3.225489,5.999999,0.0,0.02549,0.0,0.0,0.0,0.154902,0.103922,0.003922,0.230392,0.596078,6.0,0.5,0.5,0.507843,0.296078,0.14902,0.239216,0.228484,0.5,0.106557,0.0,0.0,2.024589,2.999999,0.194118,0.626263,1.0,0.777778,0.155612,0.5,0.193878,1.0,0.0,0.016393,0.084314,0.135294,0.02549,0.826156,1.485586,0.375984,0.213018,0.432763,0.375984,2.037974,2.999999,0.5,0.164557,4.0,0.088608,1.0,0.025316,0.025316
314_master,13+,13.9,421.0,105.644172,3.985075,2.558194,2.999999,0.0,0.059382,0.0,0.0,0.0,0.230404,0.130641,0.004751,0.20962,0.836105,6.0,0.5,0.5,0.456057,0.24228,0.171021,0.361045,0.186678,0.5,0.164474,0.0,0.0,2.480262,2.999999,0.494062,0.691106,1.0,0.725962,0.172705,0.5,0.26087,1.0,0.0,0.013158,0.130641,0.230404,0.054632,0.43072,1.115827,0.360382,0.157895,0.363196,0.360382,2.288659,2.999999,0.5,0.237113,4.0,0.061856,2.0,0.020619,0.020619
315_master,13,13.2,405.0,128.978102,3.140068,2.496295,4.0,0.0,0.009877,0.0,0.0,0.0,0.22963,0.138272,0.0,0.207099,0.891358,5.0,0.5,0.5,0.419753,0.239506,0.106173,0.367901,0.231544,0.5,0.026846,0.0,0.0,2.248321,2.999999,0.180247,0.55137,1.0,0.534247,0.152778,0.5,0.208333,1.0,0.0,0.0,0.138272,0.22963,0.009877,0.713604,1.397374,0.466501,0.223881,0.477157,0.466501,2.279569,2.999999,0.5,0.043011,4.0,0.053763,1.0,0.0,0.0
318_master,13,13.2,343.0,101.731843,3.371609,2.209912,2.999999,0.0,0.06414,0.0,0.0,0.0,0.300292,0.084548,0.034985,0.189504,1.174927,6.0,0.375,0.5,0.411079,0.166181,0.081633,0.38484,0.182765,0.375,0.166667,0.0,0.0,2.257575,2.999999,0.309038,0.712264,1.0,0.745283,0.166667,0.5,0.238095,1.0,0.0,0.090909,0.084548,0.300292,0.06414,0.725463,1.459617,0.372434,0.226471,0.372434,0.372434,2.14563,2.999999,0.375,0.213592,5.0,0.223301,2.0,0.116505,0.116505
319_master,14,14.1,541.0,129.130434,4.189562,2.889094,4.0,0.0,0.007394,0.0,0.0,0.0,0.299445,0.066543,0.001848,0.198937,1.051756,6.0,0.375,0.375,0.410351,0.249538,0.046211,0.365989,0.232955,0.375,0.020202,0.0,0.0,2.70707,4.0,0.25878,0.614286,1.0,0.757143,0.223022,0.5,0.251799,1.0,0.0,0.005051,0.066543,0.299445,0.007394,1.172731,1.546891,0.313544,0.109665,0.314501,0.315888,2.888888,4.0,0.375,0.024691,5.0,0.141975,2.0,0.006173,0.006173
324_master,14,14.1,754.0,135.413534,5.568129,3.907161,4.999997,0.0,0.013263,0.0,0.0,0.0,0.135279,0.135279,0.019894,0.210544,0.509284,6.0,0.375,0.5,0.437666,0.248011,0.080902,0.259947,0.221939,0.375,0.05102,0.0,0.0,2.806122,4.0,0.112732,0.794118,1.0,0.952941,0.202381,0.5,0.25,1.0,0.0,0.076531,0.124668,0.124668,0.0,0.635744,1.833666,0.19016,0.083888,0.219298,0.208151,3.284313,4.999997,0.5,0.0,5.0,0.127451,1.0,0.147059,0.058824
325_master,13,13.4,534.0,121.391753,4.398981,3.2397,4.0,0.0,0.007491,0.0,0.0,0.0,0.046816,0.06367,0.007491,0.211845,0.164794,5.0,0.5,0.5,0.516854,0.273408,0.114232,0.110487,0.146186,0.375,0.067797,0.0,0.0,2.847457,4.0,0.340824,0.576923,1.0,0.681319,0.110497,0.5,0.165746,1.0,0.0,0.067797,0.06367,0.046816,0.007491,0.709721,1.093938,0.347744,0.13371,0.335329,0.358527,2.879999,4.0,0.325,0.16,4.0,0.08,1.0,0.16,0.16
326_master,13+,13.7,310.0,84.452662,3.670695,2.312902,2.999999,0.0,0.035484,0.0,0.0,0.0,0.154839,0.009677,0.003226,0.245968,0.493548,4.0,0.5,0.625,0.606452,0.251613,0.180645,0.164516,0.169118,0.375,0.215686,0.0,0.0,2.294117,2.999999,0.683871,0.428066,0.75,0.433962,0.188389,0.5,0.222749,1.0,0.0,0.019608,0.009677,0.154839,0.035484,0.730337,0.987161,0.457792,0.267101,0.457792,0.460784,2.312499,2.999999,0.375,0.229167,4.0,0.0,1.0,0.020833,0.020833
327_master,13,13.5,455.0,138.4,3.287572,3.342856,5.999999,0.0,0.015385,0.0,0.0,0.0,0.085714,0.158242,0.004396,0.167033,0.336264,5.0,0.375,0.5,0.294505,0.16044,0.079121,0.243956,0.233108,0.5,0.063063,0.0,0.0,2.045044,2.999999,0.149451,0.496324,0.75,0.558824,0.238806,0.5,0.373134,1.0,0.0,0.018018,0.158242,0.085714,0.015385,1.233799,2.097129,0.432671,0.214602,0.546742,0.482759,2.02564,2.999999,0.525,0.179487,5.0,0.282051,2.0,0.051282,0.051282
328_master,13,13.4,605.0,139.1,4.349389,3.280991,5.999999,0.0,0.001653,0.0,0.0,0.0,0.173554,0.077686,0.006612,0.220455,0.644628,6.0,0.375,0.5,0.494215,0.269421,0.099174,0.25124,0.241776,0.5,0.006579,0.0,0.0,2.388157,2.999999,0.135537,0.853659,1.0,0.817073,0.074074,0.25,0.098765,1.0,0.0,0.026316,0.077686,0.173554,0.001653,0.886738,1.495328,0.412935,0.219269,0.459459,0.433798,2.380952,4.0,0.5,0.009524,5.0,0.12381,2.0,0.038095,0.019048
328_remaster,13,13.3,551.0,139.1,3.961179,3.105263,4.0,0.0,0.087114,0.0,0.0,0.0,0.210526,0.112523,0.049002,0.174456,0.785844,6.0,0.375,0.5,0.335753,0.114338,0.061706,0.299456,0.203788,0.45,0.290909,0.0,0.0,2.593938,4.0,0.239564,0.416667,0.75,0.439394,0.175573,0.5,0.221374,1.0,0.0,0.163636,0.088929,0.186933,0.07804,0.869283,1.59816,0.448087,0.233577,0.468208,0.473077,2.706896,4.0,0.5,0.37069,4.0,0.077586,2.0,0.232759,0.198276
330_master,13,13.2,176.0,119.53125,1.472418,1.744317,1.999999,0.0,0.073864,0.0,0.0,0.0,0.767045,0.136364,0.039773,0.178267,2.704545,6.0,0.375,0.5,0.318182,0.238636,0.096591,0.801136,0.183511,0.5,0.092199,0.0,0.0,1.702127,1.999999,0.227273,0.6625,1.0,0.7,0.160256,0.55,0.205128,1.0,0.0,0.049645,0.034091,0.664773,0.073864,0.777606,1.637319,0.41954,0.231214,0.41954,0.41954,1.71111,1.999999,0.5,0.096296,5.0,0.2,2.0,0.051852,0.051852
337_master,13,13.3,301.0,89.256198,3.372315,2.943521,4.0,0.0,0.0,0.0,0.0,0.0,0.289037,0.089701,0.049834,0.204319,1.066445,5.0,0.5,0.5,0.372093,0.252492,0.172757,0.372093,0.152902,0.375,0.0,0.0,0.0,2.526785,4.0,0.199336,0.583333,1.0,0.65,0.241525,0.5,0.322034,1.0,0.0,0.133929,0.083056,0.282392,0.0,0.753849,1.244483,0.301003,0.147651,0.313589,0.301003,2.471263,2.999999,0.375,0.0,5.0,0.252874,1.0,0.172414,0.137931
339_master,13+,13.9,581.0,87.5,6.64,4.173837,4.999997,0.0,0.001721,0.0,0.0,0.0,0.04475,0.0,0.012048,0.186317,0.172117,5.0,0.375,0.5,0.41136,0.158348,0.056799,0.04475,0.211538,0.375,0.038462,0.0,0.0,3.923076,5.499998,0.072289,0.464286,0.75,0.428571,0.109756,0.5,0.219512,1.0,0.0,0.269231,0.0,0.04475,0.001721,1.069873,0.870528,0.348877,0.178201,0.47861,0.348877,3.923076,5.499998,0.375,0.038462,4.5,0.115385,1.0,0.269231,0.269231
341_master,13,13.3,355.0,106.0,3.349057,2.504224,2.999999,0.0,0.095775,0.0,0.0,0.0,0.24507,0.183099,0.011268,0.163028,0.794366,6.0,0.375,0.5,0.335211,0.202817,0.087324,0.419718,0.208054,0.375,0.228188,0.0,0.0,2.134227,2.999999,0.267606,0.471053,0.75,0.505263,0.194149,0.5,0.255319,1.0,0.0,0.026846,0.174648,0.23662,0.073239,0.742446,1.248145,0.444759,0.210227,0.453488,0.444759,2.091953,2.999999,0.375,0.298851,4.0,0.045977,2.0,0.045977,0.045977
342_master,13,13.4,485.0,116.40845,4.166364,2.991752,4.0,0.0,0.0,0.0,0.0,0.0,0.107216,0.148454,0.024742,0.225515,0.416495,5.0,0.5,0.5,0.501031,0.274227,0.105155,0.25567,0.204637,0.375,0.0,0.0,0.0,2.370967,2.999999,0.117526,0.447368,1.0,0.315789,0.129464,0.5,0.232143,1.0,0.0,0.096774,0.148454,0.107216,0.0,0.723548,1.640823,0.387164,0.228216,0.412804,0.387164,2.442307,4.0,0.375,0.0,4.0,0.057692,1.0,0.230769,0.230769
344_master,13,13.4,419.0,118.5,3.535865,2.961813,4.0,0.0,0.0,0.0,0.0,0.0,0.188544,0.023866,0.004773,0.192721,0.73031,5.0,0.375,0.375,0.439141,0.171838,0.047733,0.212411,0.242978,0.5,0.0,0.0,0.0,2.382021,2.999999,0.319809,0.541045,1.0,0.507463,0.131579,0.5,0.18797,1.0,0.0,0.022472,0.023866,0.188544,0.0,1.292938,1.883627,0.297362,0.254808,0.305344,0.307692,2.316455,2.999999,0.5,0.0,5.0,0.139241,1.0,0.025316,0.025316
345_master,13+,13.6,578.0,118.767123,4.866667,3.173009,4.0,0.0,0.00519,0.0,0.0,0.0,0.050173,0.041522,0.012111,0.234862,0.16955,4.0,0.5,0.5,0.558824,0.287197,0.110727,0.091696,0.181604,0.375,0.056604,0.0,0.0,2.641508,2.999999,0.219723,0.596457,1.0,0.653543,0.166667,0.5,0.214286,1.0,0.0,0.132075,0.041522,0.050173,0.00519,0.60367,1.369197,0.421875,0.224348,0.454034,0.433155,2.724137,2.999999,0.375,0.103448,4.0,0.0,1.0,0.241379,0.241379
346_master,13+,13.7,473.0,105.959302,4.463978,3.482029,5.999999,0.0,0.002114,0.0,0.0,0.0,0.093023,0.124736,0.002114,0.188689,0.289641,4.0,0.375,0.5,0.353066,0.188161,0.054968,0.213531,0.179455,0.375,0.009901,0.0,0.0,2.584158,4.0,0.07611,0.625,1.0,0.75,0.3,0.5,0.514286,1.0,0.0,0.009901,0.120507,0.088795,0.002114,1.245201,1.52625,0.430998,0.242553,0.514825,0.430998,2.454545,4.699998,0.5,0.022727,4.0,0.0,1.0,0.022727,0.0
347_master,13+,13.8,377.0,125.037313,3.0151,2.777187,4.0,0.0,0.0,0.0,0.0,0.0,0.493369,0.055703,0.082228,0.133952,1.809019,5.0,0.375,0.375,0.244032,0.111406,0.026525,0.535809,0.145421,0.375,0.0,0.0,0.0,2.60396,4.0,0.068966,0.403846,0.625,0.5,0.08,0.25,0.08,1.0,0.0,0.153465,0.04244,0.480106,0.0,1.104215,1.655248,0.410667,0.229947,0.437143,0.418478,2.564515,4.0,0.375,0.0,5.0,0.188172,2.0,0.166667,0.086022
348_master,14,14.5,657.0,108.186529,6.072845,4.296803,5.999999,0.0,0.018265,0.0,0.0,0.0,0.205479,0.077626,0.047184,0.216324,0.757991,4.0,0.5,0.5,0.417047,0.238965,0.117199,0.263318,0.233382,0.5,0.069364,0.0,0.0,4.265896,7.000004,0.149163,0.755102,1.0,0.785714,0.146907,0.5,0.164948,1.0,0.0,0.179191,0.057839,0.185693,0.018265,0.825376,1.174404,0.303817,0.12844,0.297539,0.395626,3.711111,4.0,0.5,0.088889,4.0,0.0,1.0,0.22963,0.103704
349_master,13+,13.7,484.0,98.426967,4.917352,3.537189,5.999999,0.0,0.016529,0.0,0.0,0.0,0.161157,0.012397,0.004132,0.227531,0.56405,4.0,0.5,0.5,0.528926,0.28719,0.103306,0.173554,0.241071,0.5,0.095238,0.0,0.0,2.035713,2.999999,0.245868,0.489496,0.75,0.478992,0.15678,0.5,0.262712,1.0,0.0,0.02381,0.012397,0.161157,0.016529,0.773107,1.40994,0.394191,0.14553,0.497297,0.4,2.038461,2.299999,0.5,0.102564,4.0,0.0,1.0,0.025641,0.025641
351_master,13,13.2,341.0,117.111111,2.911765,2.32258,2.999999,0.0,0.049853,0.0,0.0,0.0,0.193548,0.187683,0.008798,0.222874,0.791789,5.0,0.5,0.5,0.495601,0.26393,0.11437,0.351906,0.251042,0.5,0.141667,0.0,0.0,2.241666,2.999999,0.378299,0.598837,1.0,0.682171,0.199219,0.5,0.28125,1.0,0.0,0.025,0.158358,0.164223,0.038123,0.786659,1.599586,0.439528,0.218935,0.439528,0.439528,2.393938,2.999999,0.5,0.19697,5.0,0.30303,1.0,0.045455,0.030303
358_master,13+,13.6,533.0,112.692308,4.729693,2.941838,4.0,0.0,0.0,0.0,0.0,0.0,0.11257,0.133208,0.007505,0.223968,0.412758,5.0,0.5,0.5,0.525328,0.285178,0.125704,0.245779,0.19084,0.5,0.0,0.0,0.0,2.442747,2.999999,0.04878,0.576923,1.0,0.692308,0.19,0.5,0.16,1.0,0.0,0.030534,0.133208,0.11257,0.0,0.719894,1.037704,0.483992,0.322642,0.483992,0.483992,2.283333,2.999999,0.5,0.0,5.0,0.133333,2.0,0.066667,0.066667
359_master,13,13.2,365.0,98.8125,3.693865,2.506848,2.999999,0.0,0.027397,0.0,0.0,0.0,0.224658,0.131507,0.005479,0.217123,0.772603,5.0,0.5,0.5,0.520548,0.194521,0.106849,0.356164,0.234615,0.375,0.076923,0.0,0.0,2.384614,2.999999,0.328767,0.65625,1.0,0.916667,0.182773,0.5,0.243697,1.0,0.0,0.015385,0.131507,0.224658,0.027397,0.462217,1.217424,0.316804,0.174033,0.319209,0.316804,2.378048,2.999999,0.5,0.121951,5.0,0.146341,1.0,0.02439,0.02439
35_master,13,13.3,286.0,96.160714,2.974188,2.34965,4.0,0.0,0.0,0.0,0.0,0.0,0.055944,0.062937,0.0,0.170892,0.213287,4.0,0.375,0.5,0.286713,0.181818,0.06993,0.118881,0.25,0.5,0.0,0.0,0.0,2.323529,4.0,0.167832,0.322917,0.5,0.166667,0.085106,0.25,0.085106,1.0,0.0,0.0,0.062937,0.055944,0.0,0.880534,1.771394,0.612676,0.402827,0.612676,0.612676,2.0,4.0,0.5,0.0,4.0,0.0,1.0,0.0,0.0
360_master,13,13.4,429.0,98.666667,4.347973,3.184148,4.0,0.0,0.002331,0.0,0.0,0.0,0.179487,0.076923,0.020979,0.190268,0.731935,7.0,0.375,0.5,0.435897,0.160839,0.088578,0.25641,0.206818,0.5,0.009091,0.0,0.0,2.60909,4.0,0.200466,0.546512,1.0,0.593023,0.182353,0.5,0.329412,1.0,0.0,0.081818,0.076923,0.179487,0.002331,0.879338,1.34863,0.290398,0.124413,0.285372,0.290398,2.584415,4.0,0.5,0.012987,5.0,0.350649,2.0,0.116883,0.116883
363_master,14,14.5,832.0,119.68421,6.951627,5.359374,9.999997,0.0,0.040865,0.0,0.0,0.0,0.063702,0.0,0.001202,0.178636,0.217548,4.0,0.375,0.5,0.280048,0.145433,0.066106,0.063702,0.183962,0.35,0.641509,0.0,0.0,3.660377,5.999999,0.253606,0.514218,0.75,0.563981,0.180952,0.5,0.257143,1.0,0.0,0.018868,0.0,0.063702,0.040865,1.312283,1.644194,0.337547,0.06599,0.343964,0.464151,3.660377,5.999999,0.35,0.641509,4.0,0.0,2.0,0.018868,0.0
364_master,13+,13.8,519.0,123.0,4.219512,3.558766,4.999997,0.0,0.026975,0.0,0.0,0.0,0.262042,0.127168,0.084778,0.194846,1.186898,6.0,0.375,0.5,0.433526,0.206166,0.067437,0.38921,0.227104,0.375,0.069307,0.0,0.0,2.455444,2.999999,0.26975,0.646429,1.0,0.564286,0.158273,0.75,0.244604,1.0,0.0,0.217822,0.127168,0.262042,0.026975,0.816409,1.487173,0.299807,0.170543,0.39418,0.32839,2.647058,2.999999,0.375,0.102941,5.0,0.625,1.0,0.323529,0.257353
364_remaster,13,13.5,439.0,123.428572,3.556713,2.838268,4.0,0.0,0.100228,0.0,0.0,0.0,0.33713,0.154897,0.111617,0.169134,1.441913,7.0,0.375,0.5,0.316629,0.18451,0.082005,0.471526,0.155797,0.375,0.21256,0.0,0.0,2.74396,4.0,0.259681,0.550439,1.0,0.535088,0.188053,0.5,0.256637,1.0,0.0,0.236715,0.134396,0.316629,0.095672,0.925287,1.705471,0.347826,0.158257,0.36855,0.396867,2.702702,4.0,0.375,0.283784,5.0,0.513514,1.0,0.331081,0.263514
365_expert,13,13.3,444.0,117.15,3.790013,3.243243,4.699998,0.0,0.006757,0.0,0.0,0.0,0.153153,0.04955,0.04955,0.175113,0.551802,5.0,0.375,0.5,0.290541,0.162162,0.065315,0.20045,0.109551,0.25,0.033708,0.0,0.0,2.539325,4.0,0.15991,0.450704,0.75,0.549296,0.121429,0.5,0.171429,1.0,0.0,0.247191,0.047297,0.150901,0.006757,0.919493,1.464284,0.334842,0.219955,0.371859,0.374684,2.647058,4.0,0.125,0.044118,5.0,0.205882,2.0,0.323529,0.323529
365_master,14+,14.6,649.0,117.075,5.543455,4.27735,7.000004,0.0,0.032357,0.0,0.0,0.0,0.132512,0.067797,0.035439,0.182974,0.46379,5.0,0.375,0.375,0.342065,0.124807,0.046225,0.195686,0.190945,0.375,0.165354,0.0,0.0,3.456693,5.399998,0.208012,0.674074,1.0,0.777778,0.223881,0.5,0.291045,1.0,0.0,0.181102,0.063174,0.127889,0.015408,1.027317,1.327396,0.264297,0.117647,0.34763,0.392111,3.302325,6.0,0.375,0.116279,5.0,0.139535,2.0,0.267442,0.151163
365_remaster,14+,14.7,594.0,117.075,5.073671,4.178452,7.000004,0.0,0.127946,0.0,0.0,0.0,0.178451,0.250842,0.06229,0.163089,0.62963,6.0,0.375,0.5,0.287879,0.136364,0.074074,0.420875,0.175,0.5,0.304,0.0,0.0,3.18,4.0,0.356902,0.716981,1.0,0.834906,0.182464,0.5,0.184834,1.0,0.0,0.148,0.242424,0.170034,0.042088,1.012868,1.650783,0.298635,0.176976,0.40099,0.456464,2.896226,4.0,0.5,0.235849,5.0,0.188679,2.0,0.349057,0.273585
366_master,13+,13.7,482.0,111.085714,4.338992,3.105808,4.999997,0.0,0.026971,0.0,0.0,0.0,0.180498,0.093361,0.022822,0.199429,0.6639,6.0,0.375,0.5,0.354772,0.205394,0.099585,0.26556,0.225586,0.5,0.101562,0.0,0.0,2.374999,4.0,0.159751,0.470779,0.75,0.558442,0.200658,0.5,0.25,1.0,0.0,0.085938,0.085062,0.172199,0.026971,0.843884,1.795475,0.460417,0.146138,0.474771,0.498871,2.436781,4.0,0.5,0.149425,4.0,0.068966,2.0,0.126437,0.126437
367_master,13,13.4,414.0,109.714286,3.773437,2.640096,4.0,0.0,0.057971,0.0,0.0,0.0,0.195652,0.15942,0.007246,0.216184,0.792271,6.0,0.5,0.5,0.478261,0.243961,0.130435,0.355072,0.248299,0.5,0.163265,0.0,0.0,1.911564,2.999999,0.362319,0.656667,1.0,0.693333,0.194631,0.5,0.268456,1.0,0.0,0.020408,0.15942,0.195652,0.05314,0.605184,1.66968,0.376214,0.199513,0.4,0.380835,2.123456,2.999999,0.5,0.271605,6.0,0.246914,1.0,0.037037,0.037037
367_remaster,14,14.5,535.0,115.114286,4.647555,3.271027,4.999997,0.0,0.059813,0.0,0.0,0.0,0.213084,0.147664,0.039252,0.207477,0.768224,6.0,0.375,0.5,0.536449,0.185047,0.065421,0.358879,0.216797,0.375,0.166667,0.0,0.0,2.624999,4.0,0.300935,0.754658,1.0,0.850932,0.1125,0.5,0.14375,1.0,0.0,0.109375,0.145794,0.211215,0.02243,1.256675,1.675219,0.35272,0.18985,0.387471,0.376754,2.833332,4.0,0.375,0.105263,4.0,0.096491,2.0,0.184211,0.140351
374_master,13,13.4,527.0,108.0,4.87963,3.216318,4.0,0.0,0.00759,0.0,0.0,0.0,0.199241,0.030361,0.013283,0.212998,0.721063,6.0,0.375,0.5,0.425047,0.278937,0.098672,0.229602,0.240702,0.5,0.033058,0.0,0.0,3.057851,4.0,0.220114,0.525862,0.75,0.715517,0.191304,0.5,0.295652,1.0,0.0,0.057851,0.030361,0.199241,0.00759,0.615331,1.079415,0.491429,0.23855,0.494929,0.519115,2.999999,4.0,0.5,0.038095,4.0,0.066667,2.0,0.066667,0.066667
376_master,13+,13.7,654.0,119.283302,5.482746,3.941894,4.999997,0.0,0.013761,0.0,0.0,0.0,0.172783,0.071865,0.0,0.25841,0.605505,5.0,0.5,0.5,0.582569,0.365443,0.157492,0.244648,0.296875,0.5,0.05625,0.0,0.0,3.206249,4.999997,0.102446,0.384328,0.85,0.253731,0.113636,0.5,0.181818,1.0,0.0,0.0,0.071865,0.172783,0.012232,0.625404,1.112887,0.182515,0.072197,0.323288,0.183926,3.17699,4.999997,0.5,0.070796,5.0,0.115044,1.0,0.0,0.0
378_master,13,13.2,196.0,119.291338,1.643036,1.770407,1.999999,0.0,0.52551,0.0,0.0,0.0,0.663265,0.0,0.0,0.262117,2.923469,6.0,0.5,0.5,0.704082,0.331633,0.183673,0.663265,0.250962,0.5,0.792308,0.0,0.0,1.676922,1.999999,1.0,0.670918,1.0,0.857143,0.214103,0.5,0.287179,1.0,0.0,0.0,0.0,0.663265,0.52551,0.534891,1.232097,0.273196,0.129534,0.273196,0.273196,1.676922,1.999999,0.5,0.792308,5.0,0.507692,2.0,0.0,0.0
378_remaster,13+,13.7,562.0,118.937008,4.72519,3.268682,4.0,0.0,0.049822,0.0,0.0,0.0,0.060498,0.352313,0.005338,0.218194,0.268683,7.0,0.375,0.5,0.494662,0.265125,0.087189,0.396797,0.228139,0.375,0.125561,0.0,0.0,3.206277,4.0,0.236655,0.477444,0.75,0.586466,0.195076,0.5,0.257576,1.0,0.0,0.013453,0.336299,0.044484,0.007117,0.60308,1.081516,0.4,0.193202,0.417132,0.402878,2.970587,3.7,0.4625,0.117647,5.0,0.470588,2.8,0.088235,0.058824
379_master,14,14.3,566.0,136.924342,4.13367,3.763251,7.000004,0.0,0.171378,0.0,0.0,0.0,0.369258,0.028269,0.037102,0.162323,1.399293,5.0,0.375,0.375,0.330389,0.157244,0.042403,0.390459,0.151584,0.375,0.438914,0.0,0.0,2.633484,4.0,0.321555,0.630495,1.0,0.763736,0.232044,0.5,0.265193,1.0,0.0,0.095023,0.021201,0.362191,0.171378,1.168504,1.718965,0.301418,0.104796,0.36689,0.392523,2.698564,4.0,0.375,0.464115,5.0,0.167464,1.0,0.100478,0.057416
380_master,13+,13.7,700.0,134.416667,5.207688,3.421428,4.999997,0.0,0.002857,0.0,0.0,0.0,0.112857,0.131429,0.018571,0.189464,0.425714,6.0,0.375,0.5,0.415714,0.175714,0.057143,0.24,0.206845,0.375,0.011905,0.0,0.0,3.154761,4.0,0.214286,0.545,1.0,0.546667,0.171141,0.5,0.261745,1.0,0.0,0.077381,0.127143,0.108571,0.002857,0.793373,0.920806,0.259312,0.094692,0.260383,0.259312,3.126582,4.0,0.5,0.025316,5.0,0.227848,2.0,0.164557,0.151899
381_master,14,14.0,580.0,124.235294,4.668561,3.072413,4.0,0.0,0.036207,0.0,0.0,0.0,0.187931,0.055172,0.018966,0.235129,0.731034,5.0,0.5,0.5,0.553448,0.286207,0.153448,0.237931,0.236413,0.5,0.152174,0.0,0.0,2.594202,4.0,0.358621,0.596154,1.0,0.6875,0.173913,0.5,0.227053,1.0,0.0,0.07971,0.05,0.182759,0.032759,0.682178,1.346166,0.370242,0.233969,0.395522,0.370242,2.394494,2.999999,0.5,0.174312,5.0,0.211009,1.0,0.100917,0.100917
382_master,13,13.3,575.0,117.6,4.889456,3.045216,4.0,0.0,0.003478,0.0,0.0,0.0,0.064348,0.045217,0.0,0.2,0.226087,5.0,0.375,0.5,0.366957,0.21913,0.074783,0.109565,0.206349,0.375,0.031746,0.0,0.0,2.492062,2.999999,0.217391,0.36,0.75,0.288,0.141129,0.5,0.201613,1.0,0.0,0.0,0.045217,0.064348,0.003478,0.616762,1.294021,0.364747,0.11014,0.375926,0.364747,2.81081,4.0,0.3,0.054054,4.0,0.081081,2.0,0.0,0.0
384_master,14+,14.7,618.0,113.164557,5.461074,3.469255,4.0,0.0,0.055016,0.0,0.0,0.0,0.202265,0.085761,0.032362,0.202468,0.791262,5.0,0.5,0.5,0.425566,0.245955,0.119741,0.281553,0.204741,0.375,0.195402,0.0,0.0,2.954022,4.0,0.244337,0.672185,1.0,0.701987,0.166667,0.5,0.193333,1.0,0.0,0.114943,0.079288,0.195793,0.050162,0.923662,1.073355,0.293831,0.130081,0.301887,0.307033,3.096,4.0,0.375,0.248,5.0,0.2,2.0,0.16,0.04
385_expert,13,13.0,525.0,118.211382,4.441197,3.426666,4.0,0.0,0.0,0.0,0.0,0.0,0.019048,0.125714,0.0,0.167619,0.055238,4.0,0.375,0.5,0.335238,0.127619,0.055238,0.144762,0.175987,0.375,0.0,0.0,0.0,2.697367,2.999999,0.205714,0.453704,0.75,0.5,0.203271,0.5,0.327103,1.0,0.0,0.0,0.125714,0.019048,0.0,0.893008,1.752866,0.581262,0.555556,0.576772,0.581262,3.499999,4.999997,0.2625,0.0,4.0,0.0,1.0,0.0,0.0
385_master,14,14.5,812.0,118.455284,6.854907,4.649013,5.999999,0.0,0.0,0.0,0.0,0.0,0.141626,0.03202,0.013547,0.1875,0.555419,6.0,0.375,0.5,0.384236,0.204433,0.067734,0.173645,0.236702,0.375,0.0,0.0,0.0,4.42553,4.999997,0.102217,0.581325,0.75,0.686747,0.292683,0.5,0.47561,1.0,0.0,0.078014,0.03202,0.141626,0.0,0.859994,1.50673,0.467901,0.449938,0.496855,0.467901,4.565216,4.999997,0.375,0.0,6.0,0.191304,2.0,0.095652,0.095652
386_master,13+,13.8,480.0,116.363637,4.125,2.889582,4.999997,0.0,0.09375,0.0,0.0,0.0,0.16875,0.033333,0.008333,0.195573,0.635417,6.0,0.5,0.5,0.472917,0.214583,0.104167,0.202083,0.244845,0.5,0.463918,0.0,0.0,2.577319,4.0,0.427083,0.619512,1.0,0.692683,0.241422,0.5,0.387255,1.0,0.0,0.041237,0.033333,0.16875,0.09375,0.790483,1.850691,0.441423,0.146751,0.448198,0.481395,2.617283,4.0,0.5,0.555556,4.0,0.074074,1.0,0.049383,0.049383
387_master,14,14.5,838.0,118.828125,7.052202,5.301909,7.000004,0.0,0.002387,0.0,0.0,0.0,0.02148,0.002387,0.015513,0.210919,0.100239,5.0,0.375,0.5,0.424821,0.249403,0.077566,0.022673,0.197368,0.4,0.105263,0.0,0.0,7.842105,12.999995,0.187351,0.675159,1.0,0.751592,0.142628,0.5,0.185897,1.0,0.0,0.684211,0.001193,0.020286,0.002387,1.944071,1.327453,0.300239,0.152096,0.412639,0.523305,8.055555,12.999995,0.2875,0.111111,5.0,0.666667,0.0,0.722222,0.666667
388_expert,13,13.3,520.0,119.45946,4.352941,3.003846,4.0,0.0,0.0,0.0,0.0,0.0,0.046154,0.021154,0.001923,0.213221,0.192308,6.0,0.5,0.5,0.515385,0.271154,0.103846,0.067308,0.157143,0.375,0.0,0.0,0.0,2.028571,2.999999,0.180769,0.590426,1.0,0.680851,0.166667,0.5,0.215054,1.0,0.0,0.028571,0.021154,0.046154,0.0,1.070443,0.959721,0.341699,0.156673,0.341699,0.341699,2.041666,2.699999,0.3375,0.0,6.0,0.25,2.0,0.041667,0.041667
388_master,14,14.2,686.0,119.45946,5.742534,4.249271,5.999999,0.0,0.004373,0.0,0.0,0.0,0.119534,0.061224,0.004373,0.187682,0.397959,6.0,0.375,0.5,0.412536,0.209913,0.059767,0.177843,0.235656,0.5,0.02459,0.0,0.0,2.860655,4.0,0.094752,0.519231,1.0,0.661538,0.152344,0.5,0.21875,1.0,0.0,0.02459,0.058309,0.116618,0.004373,1.206586,1.177895,0.182749,0.051245,0.198113,0.217391,2.756098,4.0,0.5,0.036585,4.0,0.060976,2.0,0.036585,0.02439
389_master,13+,13.9,613.0,119.132948,5.145512,3.809135,4.999997,0.0,0.014682,0.0,0.0,0.0,0.112561,0.137031,0.014682,0.231648,0.463295,6.0,0.5,0.5,0.520392,0.256117,0.12398,0.223491,0.212591,0.375,0.065693,0.0,0.0,2.284671,3.399999,0.19739,0.735537,1.0,0.719008,0.11875,0.5,0.175,1.0,0.0,0.065693,0.11093,0.08646,0.001631,1.363611,1.549945,0.487725,0.336066,0.533849,0.527434,2.086956,2.999999,0.5,0.014493,5.2,0.26087,2.0,0.130435,0.057971
389_remaster,14,14.2,770.0,119.132948,6.463367,4.618181,7.000004,0.0,0.009091,0.0,0.0,0.0,0.109091,0.096104,0.046753,0.201623,0.380519,6.0,0.375,0.5,0.446753,0.166234,0.058442,0.203896,0.246815,0.5,0.044586,0.0,0.0,3.535031,4.999997,0.176623,0.619485,1.0,0.867647,0.194444,0.5,0.244444,1.0,0.0,0.229299,0.094805,0.107792,0.007792,1.462095,1.524138,0.407552,0.241199,0.484127,0.470677,3.976189,5.699998,0.375,0.071429,4.0,0.035714,1.8,0.428571,0.416667
390_master,14,14.1,716.0,120.225564,5.955472,4.013965,4.999997,0.0,0.001397,0.0,0.0,0.0,0.113128,0.048883,0.0,0.203736,0.351955,5.0,0.5,0.5,0.427374,0.22486,0.125698,0.162011,0.238147,0.5,0.008621,0.0,0.0,2.965516,4.0,0.146648,0.442857,0.75,0.580952,0.129808,0.5,0.173077,1.0,0.0,0.0,0.048883,0.113128,0.001397,0.795479,1.069794,0.315126,0.158485,0.417769,0.330882,3.123456,4.999997,0.5,0.012346,4.0,0.024691,2.0,0.0,0.0
400_master,13+,13.8,617.0,132.521739,4.65584,3.123176,4.0,0.0,0.027553,0.0,0.0,0.0,0.210697,0.040519,0.004862,0.188412,0.734198,6.0,0.375,0.5,0.366288,0.212318,0.092382,0.251216,0.222581,0.5,0.109677,0.0,0.0,2.490322,2.999999,0.265802,0.54878,0.75,0.591463,0.196319,0.5,0.331288,1.0,0.0,0.019355,0.040519,0.210697,0.027553,0.943285,1.158195,0.343089,0.149837,0.357388,0.361921,2.515384,2.999999,0.5,0.130769,4.0,0.092308,2.0,0.023077,0.007692
401_master,13+,13.7,483.0,132.0,3.659091,2.871635,4.0,0.0,0.055901,0.0,0.0,0.0,0.283644,0.028986,0.012422,0.18323,0.981366,5.0,0.375,0.5,0.42029,0.161491,0.082816,0.312629,0.22351,0.5,0.178808,0.0,0.0,2.490066,4.0,0.356108,0.501453,0.75,0.505814,0.160819,0.5,0.25731,1.0,0.0,0.039735,0.028986,0.283644,0.055901,1.093717,1.536519,0.378378,0.164583,0.381053,0.380753,2.49635,4.0,0.5,0.19708,5.0,0.109489,2.0,0.043796,0.043796
404_master,13,13.0,422.0,117.333333,3.596591,2.471563,2.999999,0.0,0.009479,0.0,0.0,0.0,0.274882,0.066351,0.042654,0.18513,0.973934,6.0,0.375,0.5,0.419431,0.203791,0.061611,0.341232,0.195312,0.375,0.027778,0.0,0.0,2.208332,2.999999,0.300948,0.48622,1.0,0.488189,0.202381,0.5,0.333333,1.0,0.0,0.125,0.066351,0.274882,0.009479,0.726158,1.343574,0.388095,0.264916,0.388095,0.388095,2.043103,2.999999,0.375,0.034483,4.0,0.086207,1.0,0.155172,0.155172
408_master,13,13.3,322.0,127.2,2.531447,2.158384,2.999999,0.0,0.034161,0.0,0.0,0.0,0.354037,0.276398,0.052795,0.190606,1.39441,5.0,0.5,0.5,0.326087,0.189441,0.108696,0.618012,0.180905,0.375,0.055276,0.0,0.0,2.231155,2.999999,0.313665,0.569307,1.0,0.574257,0.185,0.5,0.25,1.0,0.0,0.085427,0.263975,0.341615,0.021739,0.839173,1.316129,0.5125,0.297806,0.5125,0.5125,2.087718,2.999999,0.4625,0.061404,5.0,0.245614,2.0,0.149123,0.078947
410_master,13,13.4,441.0,114.927068,3.837216,2.487527,2.999999,0.0,0.015873,0.0,0.0,0.0,0.126984,0.328798,0.006803,0.178005,0.455782,5.0,0.375,0.5,0.319728,0.131519,0.070295,0.444444,0.165816,0.375,0.035714,0.0,0.0,2.346938,2.999999,0.190476,0.616071,0.925,0.761905,0.14759,0.5,0.180723,1.0,0.0,0.015306,0.31746,0.115646,0.006803,0.787473,1.136289,0.453303,0.200913,0.459207,0.453303,2.499999,2.999999,0.5,0.053571,5.0,0.196429,2.0,0.053571,0.053571
411_master,13+,13.9,761.0,132.59375,5.739335,4.722733,7.000004,0.0,0.011827,0.0,0.0,0.0,0.124836,0.078844,0.0,0.154566,0.500657,6.0,0.375,0.5,0.291721,0.164258,0.051248,0.202365,0.17289,0.4625,0.058442,0.0,0.0,3.415583,4.999997,0.12615,0.877604,1.0,0.96875,0.071053,0.4,0.105263,1.0,0.0,0.0,0.07753,0.123522,0.011827,1.18036,1.503138,0.197628,0.077836,0.350835,0.202721,3.263157,4.999997,0.5,0.094737,6.0,0.284211,2.0,0.0,0.0
413_master,13,13.4,366.0,84.727193,4.319747,3.418032,5.999999,0.0,0.087432,0.0,0.0,0.0,0.221311,0.038251,0.002732,0.186817,0.89071,6.0,0.375,0.5,0.42623,0.204918,0.076503,0.256831,0.211436,0.5,0.340426,0.0,0.0,2.595744,4.0,0.311475,0.458333,0.75,0.517544,0.223451,0.5,0.274336,1.0,0.0,0.010638,0.035519,0.218579,0.087432,0.856026,1.396191,0.307692,0.090909,0.328904,0.380952,2.5679,4.0,0.5,0.395062,5.0,0.246914,2.0,0.012346,0.012346
417_master,13,13.4,519.0,131.5,3.946768,3.025047,4.0,0.0,0.094412,0.0,0.0,0.0,0.154143,0.075145,0.007707,0.173892,0.614644,5.0,0.375,0.5,0.283237,0.169557,0.092486,0.229287,0.14916,0.375,0.411765,0.0,0.0,2.932772,2.999999,0.315992,0.414634,0.75,0.481707,0.147239,0.5,0.214724,1.0,0.0,0.033613,0.075145,0.154143,0.088632,0.434583,0.667605,0.187621,0.056202,0.19057,0.187621,2.912499,2.999999,0.3875,0.575,4.0,0.075,1.0,0.05,0.05
419_master,13,13.3,530.0,130.142857,4.072448,2.892452,4.0,0.0,0.032075,0.0,0.0,0.0,0.162264,0.183019,0.018868,0.164858,0.560377,5.0,0.375,0.5,0.267925,0.14717,0.079245,0.345283,0.135929,0.375,0.092896,0.0,0.0,2.612021,2.999999,0.224528,0.476891,0.75,0.470588,0.165254,0.5,0.279661,1.0,0.0,0.054645,0.183019,0.162264,0.032075,0.69654,1.23525,0.477273,0.313093,0.485323,0.492188,2.88372,4.0,0.375,0.197674,5.0,0.139535,2.0,0.116279,0.093023
420_master,13,13.4,637.0,140.507812,4.533556,3.263735,4.999997,0.0,0.007849,0.0,0.0,0.0,0.169545,0.191523,0.00157,0.227041,0.577708,5.0,0.5,0.5,0.55416,0.288854,0.10989,0.361068,0.234239,0.5,0.021739,0.0,0.0,2.873912,4.0,0.149137,0.465789,0.75,0.589474,0.095745,0.5,0.159574,1.0,0.0,0.004348,0.191523,0.169545,0.006279,0.674422,1.214184,0.464567,0.291798,0.528881,0.4653,2.925925,4.0,0.5,0.037037,4.3,0.101852,1.0,0.009259,0.009259
421_master,14,14.3,821.0,127.317073,6.448467,4.613886,7.000004,0.0,0.030451,0.0,0.0,0.0,0.0743,0.071864,0.007308,0.198995,0.260658,5.0,0.5,0.5,0.372716,0.232643,0.102314,0.144945,0.192227,0.375,0.210084,0.0,0.0,3.722688,5.999999,0.26553,0.642202,1.0,0.83945,0.209677,0.5,0.225806,1.0,0.0,0.05042,0.070646,0.073082,0.015834,1.030096,1.406929,0.234432,0.091687,0.30101,0.382294,3.606557,7.000004,0.375,0.213115,4.0,0.065574,1.0,0.098361,0.081967
422_master,13+,13.8,615.0,123.076923,4.996875,3.385365,5.999999,0.0,0.078049,0.0,0.0,0.0,0.188618,0.105691,0.014634,0.192683,0.708943,5.0,0.5,0.5,0.422764,0.21626,0.107317,0.292683,0.202778,0.5,0.266667,0.0,0.0,2.722221,4.0,0.213008,0.576336,1.0,0.625954,0.228846,0.5,0.323077,1.0,0.0,0.05,0.104065,0.186992,0.069919,0.4968,1.289278,0.368679,0.181373,0.401559,0.370492,2.732758,4.0,0.5,0.37069,5.0,0.137931,1.0,0.077586,0.077586
423_master,13,13.1,374.0,85.546875,4.371872,3.483956,4.999997,0.0,0.029412,0.0,0.0,0.0,0.323529,0.005348,0.066845,0.194184,1.224599,6.0,0.375,0.5,0.379679,0.245989,0.072193,0.328877,0.191057,0.375,0.089431,0.0,0.0,3.0813,4.999997,0.286096,0.668224,1.0,0.719626,0.238208,0.5,0.386792,1.0,0.0,0.203252,0.005348,0.323529,0.024064,1.109881,1.534215,0.370968,0.102426,0.359375,0.43949,3.099173,4.999997,0.375,0.07438,4.0,0.049587,1.0,0.206612,0.206612
424_master,13,13.3,387.0,92.756441,4.172217,3.116278,4.0,0.0,0.010336,0.0,0.0,0.0,0.224806,0.033592,0.031008,0.136305,1.043928,6.0,0.25,0.375,0.26615,0.098191,0.036176,0.258398,0.16,0.375,0.04,0.0,0.0,2.759999,2.999999,0.263566,0.485294,0.75,0.607843,0.262376,0.5,0.376238,1.0,0.0,0.12,0.033592,0.224806,0.007752,0.506964,1.395221,0.768831,0.729167,0.81044,0.838527,2.747125,2.999999,0.375,0.034483,6.0,0.482759,2.0,0.137931,0.137931
425_master,13,13.3,531.0,140.828064,3.770555,2.711864,4.0,0.0,0.009416,0.0,0.0,0.0,0.40113,0.152542,0.178908,0.194444,1.365348,6.0,0.5,0.5,0.418079,0.265537,0.109228,0.542373,0.197049,0.5,0.017361,0.0,0.0,2.694444,4.0,0.154426,0.439024,0.75,0.439024,0.185185,0.5,0.296296,1.0,0.0,0.329861,0.141243,0.389831,0.00565,0.583598,1.851427,0.355388,0.189394,0.355388,0.356736,2.896713,4.0,0.5,0.014085,4.0,0.089202,2.0,0.446009,0.319249
426_master,13,13.4,463.0,135.2,3.424556,3.090712,5.999999,0.0,0.060475,0.0,0.0,0.0,0.37797,0.131749,0.012959,0.210583,1.570194,6.0,0.375,0.5,0.425486,0.241901,0.084233,0.509719,0.21822,0.5,0.118644,0.0,0.0,2.27966,2.999999,0.114471,0.54717,1.0,0.641509,0.201923,0.5,0.192308,1.0,0.0,0.025424,0.131749,0.37797,0.060475,0.721831,1.587581,0.27115,0.143478,0.299754,0.300481,2.359999,2.999999,0.5,0.16,5.0,0.422857,2.0,0.034286,0.034286
427_master,13+,13.9,641.0,125.10989,5.123496,3.747269,4.999997,0.0,0.085803,0.0,0.0,0.0,0.212168,0.024961,0.015601,0.206708,0.73947,6.0,0.5,0.5,0.391576,0.24181,0.121685,0.237129,0.222862,0.4875,0.361842,0.0,0.0,3.217104,4.0,0.312012,0.55625,0.75,0.725,0.187186,0.5,0.246231,1.0,0.0,0.065789,0.024961,0.212168,0.082683,0.648347,1.125053,0.374022,0.159875,0.359259,0.386731,3.220587,4.0,0.375,0.389706,4.0,0.014706,1.0,0.073529,0.073529
431_expert,13,13.0,471.0,120.0,3.925,3.407642,4.999997,0.0,0.016985,0.0,0.0,0.0,0.097665,0.03397,0.025478,0.24018,0.388535,6.0,0.625,0.625,0.458599,0.329087,0.220807,0.131635,0.225806,0.5,0.129032,0.0,0.0,2.82258,4.0,0.492569,0.450431,0.75,0.49569,0.13961,0.5,0.112554,1.0,0.0,0.193548,0.03397,0.097665,0.016985,1.060163,1.224348,0.26226,0.098291,0.334239,0.26226,2.891303,4.0,0.375,0.173913,4.0,0.086957,1.0,0.26087,0.26087
431_master,14,14.4,596.0,123.888889,4.810762,3.89765,4.999997,0.0,0.097315,0.0,0.0,0.0,0.303691,0.030201,0.003356,0.180998,1.053691,6.0,0.375,0.5,0.411074,0.194631,0.09396,0.333893,0.216709,0.5,0.291457,0.0,0.0,3.316582,4.999997,0.36745,0.649543,1.0,0.721461,0.18922,0.5,0.233945,1.0,0.0,0.01005,0.030201,0.303691,0.097315,0.975426,1.282465,0.277778,0.077572,0.351415,0.293694,3.430938,4.999997,0.5,0.320442,4.0,0.088398,2.0,0.01105,0.01105
432_master,14,14.0,495.0,143.661972,3.445588,2.931312,4.999997,0.0,0.070707,0.0,0.0,0.0,0.292929,0.246465,0.010101,0.203535,0.919192,5.0,0.5,0.5,0.454545,0.228283,0.115152,0.535354,0.189151,0.375,0.132075,0.0,0.0,2.849056,4.0,0.363636,0.590278,1.0,0.672222,0.166201,0.5,0.217877,1.0,0.0,0.018868,0.242424,0.288889,0.036364,0.68637,1.430521,0.206897,0.060976,0.175824,0.226667,2.296551,2.999999,0.5,0.124138,4.0,0.041379,1.0,0.034483,0.02069
438_master,13,13.4,478.0,116.444444,4.104962,3.236401,4.999997,0.0,0.056485,0.0,0.0,0.0,0.119247,0.098326,0.031381,0.237448,0.389121,5.0,0.5,0.5,0.531381,0.282427,0.154812,0.211297,0.206683,0.5,0.267327,0.0,0.0,2.564355,4.0,0.240586,0.569565,1.0,0.678261,0.247807,0.5,0.368421,1.0,0.0,0.148515,0.09205,0.112971,0.052301,1.075527,1.295456,0.369748,0.136842,0.435644,0.369748,2.543859,4.999997,0.425,0.438596,5.0,0.140351,1.0,0.263158,0.263158
439_master,13+,13.9,507.0,131.7,3.849658,3.096646,4.0,0.0,0.094675,0.0,0.0,0.0,0.266272,0.072978,0.0,0.216469,0.877712,5.0,0.375,0.5,0.595661,0.189349,0.063116,0.337278,0.244152,0.375,0.280702,0.0,0.0,2.789473,4.0,0.335306,0.842647,1.0,0.858824,0.143491,0.5,0.242604,1.0,0.0,0.0,0.071006,0.2643,0.086785,1.431866,1.166044,0.231683,0.047619,0.220619,0.236364,2.748148,4.0,0.375,0.325926,4.0,0.007407,1.0,0.0,0.0
440_master,13,13.0,423.0,91.885714,4.603545,3.040188,4.0,0.0,0.0,0.0,0.0,0.0,0.132388,0.054374,0.023641,0.159574,0.638298,6.0,0.375,0.375,0.283688,0.106383,0.047281,0.184397,0.182692,0.4125,0.0,0.0,0.0,2.51282,4.0,0.148936,0.515873,0.75,0.571429,0.149194,0.5,0.225806,1.0,0.0,0.128205,0.052009,0.130024,0.0,0.936433,1.534006,0.384798,0.216667,0.386364,0.390361,2.589285,4.0,0.5,0.0,6.0,0.607143,1.0,0.178571,0.178571
446_master,13+,13.9,825.0,130.75,6.309751,4.620605,7.000004,0.0,0.024242,0.0,0.0,0.0,0.128485,0.061818,0.027879,0.188788,0.530909,6.0,0.375,0.5,0.415758,0.168485,0.090909,0.190303,0.147293,0.25,0.127389,0.0,0.0,3.121018,4.0,0.180606,0.645973,1.0,0.731544,0.263514,0.5,0.412162,1.0,0.0,0.146497,0.061818,0.128485,0.020606,0.627601,1.28977,0.320732,0.133089,0.342052,0.346966,3.320754,4.999997,0.375,0.160377,6.0,0.339623,2.0,0.216981,0.160377
447_master,13,13.4,488.0,136.333334,3.579462,2.733606,4.0,0.0,0.026639,0.0,0.0,0.0,0.266393,0.045082,0.020492,0.210297,1.151639,6.0,0.5,0.5,0.497951,0.219262,0.125,0.311475,0.221217,0.5,0.085526,0.0,0.0,2.519736,4.0,0.372951,0.43956,0.75,0.406593,0.223757,0.5,0.403315,1.0,0.0,0.065789,0.045082,0.266393,0.026639,0.866361,1.294826,0.3107,0.150515,0.308977,0.311983,2.415384,4.0,0.3875,0.1,6.0,0.361538,2.2,0.076923,0.076923
448_master,13+,13.6,641.0,137.0,4.678832,3.385334,4.999997,0.0,0.014041,0.0,0.0,0.0,0.145086,0.126365,0.049922,0.207293,0.566303,6.0,0.375,0.5,0.410296,0.207488,0.099844,0.268331,0.204215,0.375,0.052326,0.0,0.0,2.779069,4.0,0.268331,0.520349,0.75,0.55814,0.225146,0.5,0.362573,1.0,0.0,0.186047,0.123245,0.141966,0.00936,1.191871,1.298797,0.352113,0.125392,0.365591,0.35489,2.741935,4.0,0.375,0.064516,5.0,0.150538,2.0,0.344086,0.333333
451_master,13+,13.8,624.0,133.862069,4.661515,3.118589,4.0,0.0,0.108974,0.0,0.0,0.0,0.160256,0.044872,0.022436,0.20012,0.637821,6.0,0.375,0.5,0.480769,0.160256,0.081731,0.205128,0.200195,0.375,0.53125,0.0,0.0,2.914061,4.0,0.434295,0.427122,0.75,0.457565,0.183333,0.5,0.192593,1.0,0.0,0.109375,0.044872,0.160256,0.099359,1.311342,1.148589,0.300643,0.127214,0.305556,0.301127,3.029999,4.0,0.25,0.62,5.0,0.17,2.0,0.14,0.14
453_master,13,13.5,507.0,106.0,4.783019,3.71992,4.999997,0.0,0.0,0.0,0.0,0.0,0.116371,0.021696,0.001972,0.206114,0.524655,7.0,0.5,0.5,0.422091,0.224852,0.12426,0.138067,0.201786,0.375,0.0,0.0,0.0,2.685713,4.0,0.201183,0.72549,1.0,0.813725,0.175743,0.5,0.158416,1.0,0.0,0.014286,0.021696,0.116371,0.0,1.02717,1.508072,0.289109,0.085317,0.366925,0.295302,2.57627,4.0,0.375,0.0,6.0,0.305085,2.0,0.016949,0.016949
454_master,13+,13.7,604.0,132.870968,4.545764,3.415562,4.999997,0.0,0.021523,0.0,0.0,0.0,0.092715,0.039735,0.004967,0.219992,0.410596,6.0,0.375,0.5,0.562914,0.213576,0.087748,0.13245,0.207813,0.3875,0.1625,0.0,0.0,2.849999,4.0,0.385762,0.653433,1.0,0.875536,0.092672,0.5,0.112069,1.0,0.0,0.0375,0.039735,0.092715,0.009934,1.021937,1.395067,0.443522,0.159734,0.462659,0.443522,2.982142,4.0,0.375,0.107143,6.0,0.446429,2.0,0.053571,0.0
456_expert,13,13.2,560.0,115.94235,4.829987,3.291071,4.999997,0.0,0.010714,0.0,0.0,0.0,0.125,0.055357,0.021429,0.189062,0.460714,6.0,0.375,0.5,0.383929,0.189286,0.094643,0.178571,0.19,0.5,0.06,0.0,0.0,2.499999,4.0,0.271429,0.552632,1.0,0.651316,0.15894,0.5,0.231788,1.0,0.0,0.12,0.053571,0.123214,0.008929,0.859355,1.411213,0.232975,0.087971,0.252,0.252918,2.585714,4.0,0.5,0.071429,4.0,0.042857,1.0,0.171429,0.171429
456_master,14+,14.8,1014.0,116.008869,8.740711,6.680473,11.999995,0.0,0.0,0.0,0.0,0.0,0.08284,0.02071,0.005917,0.188609,0.323471,6.0,0.375,0.5,0.315582,0.217949,0.088757,0.10355,0.22381,0.5,0.0,0.0,0.0,3.314285,4.0,0.046351,0.574468,1.0,0.574468,0.184783,0.5,0.304348,1.0,0.0,0.057143,0.02071,0.08284,0.0,1.144486,1.758514,0.121542,0.04451,0.208211,0.23506,3.380952,4.0,0.5,0.0,5.0,0.190476,2.0,0.071429,0.071429
459_master,13,13.3,562.0,140.428572,4.002035,2.964412,4.0,0.0,0.042705,0.0,0.0,0.0,0.224199,0.115658,0.003559,0.204626,0.838078,5.0,0.375,0.5,0.457295,0.241993,0.094306,0.339858,0.207461,0.375,0.125654,0.0,0.0,2.3089,2.999999,0.170819,0.513021,1.0,0.520833,0.152632,0.5,0.115789,1.0,0.0,0.010471,0.115658,0.224199,0.033808,0.887704,1.476,0.373214,0.218247,0.380776,0.372401,2.380952,2.999999,0.375,0.150794,5.0,0.15873,2.0,0.015873,0.015873
460_master,13+,13.9,807.0,136.071428,5.930709,4.211895,5.999999,0.0,0.013631,0.0,0.0,0.0,0.101611,0.053284,0.040892,0.195787,0.405204,6.0,0.375,0.5,0.444857,0.210657,0.07311,0.153656,0.150202,0.375,0.08871,0.0,0.0,3.612902,9.999997,0.17596,0.489437,0.75,0.471831,0.237589,0.5,0.468085,1.0,0.0,0.266129,0.052045,0.100372,0.013631,1.177319,1.478587,0.286957,0.152985,0.454175,0.320833,4.414633,9.999997,0.25,0.134146,5.0,0.268293,1.0,0.402439,0.402439
461_master,13+,13.7,512.0,139.421053,3.672329,2.798827,4.0,0.0,0.060547,0.0,0.0,0.0,0.216797,0.103516,0.0,0.210938,0.824219,7.0,0.5,0.5,0.515625,0.220703,0.126953,0.320312,0.217988,0.5,0.189024,0.0,0.0,2.530487,4.0,0.552734,0.54417,0.75,0.731449,0.185284,0.5,0.319149,1.0,0.0,0.0,0.103516,0.216797,0.046875,0.62009,1.268355,0.390196,0.174853,0.4,0.407787,2.594594,4.0,0.5,0.216216,5.0,0.144144,2.0,0.0,0.0
462_master,14,14.4,612.0,125.4,4.880383,4.106208,7.000004,0.0,0.075163,0.0,0.0,0.0,0.166667,0.081699,0.047386,0.217116,0.642157,6.0,0.5,0.5,0.45098,0.248366,0.142157,0.238562,0.215753,0.5,0.315068,0.0,0.0,2.856163,4.999997,0.246732,0.637417,1.0,0.721854,0.186667,0.5,0.226667,1.0,0.0,0.19863,0.071895,0.156863,0.071895,1.062936,1.78675,0.336066,0.16092,0.465296,0.386064,2.85294,4.999997,0.375,0.431373,5.0,0.166667,2.0,0.284314,0.186275
463_master,13+,13.6,654.0,128.313253,5.096901,3.613149,4.999997,0.0,0.015291,0.0,0.0,0.0,0.12844,0.044343,0.015291,0.212538,0.493884,6.0,0.5,0.5,0.438838,0.259939,0.126911,0.171254,0.185268,0.5,0.089286,0.0,0.0,2.723214,4.0,0.29052,0.488158,0.75,0.468421,0.166667,0.5,0.280423,1.0,0.0,0.089286,0.042813,0.126911,0.012232,0.782367,1.307663,0.412577,0.221198,0.416342,0.43109,2.95238,5.399999,0.5,0.095238,5.0,0.27381,2.0,0.119048,0.119048
463_remaster,13+,13.9,658.0,128.493976,5.120863,3.825227,5.999999,0.0,0.056231,0.0,0.0,0.0,0.136778,0.221884,0.021277,0.196049,0.601824,7.0,0.5,0.5,0.389058,0.191489,0.107903,0.357143,0.199468,0.45,0.157447,0.0,0.0,3.838297,7.000004,0.366261,0.571577,1.0,0.721992,0.175,0.5,0.208333,1.0,0.0,0.059574,0.220365,0.135258,0.039514,0.901131,1.609037,0.432927,0.218321,0.462322,0.487136,2.899999,4.0,0.5,0.288889,6.0,0.422222,2.2,0.155556,0.155556
464_master,13+,13.8,736.0,122.181818,6.02381,3.906249,5.999999,0.0,0.013587,0.0,0.0,0.0,0.065217,0.142663,0.019022,0.205333,0.225543,5.0,0.375,0.5,0.505435,0.1875,0.072011,0.20788,0.178922,0.375,0.065359,0.0,0.0,2.921568,4.999997,0.243207,0.50838,0.75,0.664804,0.146067,0.5,0.241573,1.0,0.0,0.091503,0.142663,0.065217,0.013587,0.553067,1.274108,0.39782,0.238745,0.505769,0.405556,3.020832,4.299999,0.4125,0.208333,4.0,0.041667,1.0,0.291667,0.291667
464_remaster,14,14.4,658.0,123.636364,5.322059,3.860182,5.999999,0.0,0.042553,0.0,0.0,0.0,0.101824,0.151976,0.021277,0.182181,0.364742,6.0,0.375,0.5,0.361702,0.177812,0.06535,0.25228,0.158886,0.375,0.168675,0.0,0.0,3.174698,4.999997,0.293313,0.537565,0.75,0.663212,0.204427,0.5,0.25,1.0,0.0,0.084337,0.150456,0.100304,0.030395,1.394359,1.648158,0.365854,0.157252,0.433198,0.395387,3.462686,5.999999,0.3,0.298507,5.0,0.208955,2.0,0.208955,0.164179
465_master,13+,13.8,418.0,134.055944,3.118101,2.712918,4.999997,0.0,0.236842,0.0,0.0,0.0,0.430622,0.064593,0.028708,0.15939,1.57177,6.0,0.375,0.39375,0.339713,0.150718,0.050239,0.495215,0.18901,0.375,0.478261,0.0,0.0,2.207728,2.999999,0.42823,0.698324,1.0,0.782123,0.231742,0.5,0.292135,1.0,0.0,0.057971,0.064593,0.430622,0.236842,0.580365,1.436698,0.189904,0.062651,0.196809,0.2,2.238888,2.999999,0.375,0.55,5.0,0.122222,2.0,0.066667,0.055556
466_master,13,13.3,432.0,137.012195,3.153004,2.282406,2.999999,0.0,0.108796,0.0,0.0,0.0,0.298611,0.148148,0.034722,0.184317,1.171296,6.0,0.375,0.5,0.344907,0.168981,0.0625,0.4375,0.169312,0.375,0.248677,0.0,0.0,2.148147,2.999999,0.298611,0.784884,1.0,0.813953,0.197266,0.575,0.257812,1.0,0.0,0.079365,0.138889,0.289352,0.053241,0.790904,1.139751,0.425581,0.184149,0.432624,0.42757,1.968991,2.999999,0.375,0.178295,5.0,0.162791,2.0,0.116279,0.054264
467_master,13+,13.8,609.0,117.166667,5.197724,3.799671,7.000004,0.0,0.029557,0.0,0.0,0.0,0.174056,0.085386,0.018062,0.247126,0.696223,6.0,0.5,0.5,0.53202,0.292282,0.188834,0.259442,0.22943,0.5,0.113924,0.0,0.0,3.221518,4.0,0.285714,0.482759,0.75,0.54023,0.195087,0.5,0.317919,1.0,0.0,0.06962,0.085386,0.174056,0.013136,1.244121,1.12296,0.177924,0.072607,0.205179,0.177924,3.273584,4.0,0.5,0.075472,6.0,0.179245,2.0,0.103774,0.103774
471_master,13,13.3,500.0,132.232143,3.781229,2.853999,4.0,0.0,0.004,0.0,0.0,0.0,0.166,0.174,0.002,0.2005,0.718,7.0,0.5,0.5,0.402,0.22,0.106,0.34,0.203676,0.3875,0.011765,0.0,0.0,2.535293,4.0,0.13,0.630769,1.0,0.646154,0.199219,0.5,0.34375,1.0,0.0,0.005882,0.174,0.166,0.002,0.997415,1.207273,0.375502,0.142857,0.3875,0.383984,2.3253,2.999999,0.475,0.012048,6.0,0.361446,2.0,0.012048,0.012048
472_master,13,13.5,467.0,126.627907,3.687971,3.160599,5.999999,0.0,0.010707,0.0,0.0,0.0,0.173448,0.029979,0.023555,0.248126,0.740899,7.0,0.5,0.5,0.535332,0.346895,0.17773,0.203426,0.222368,0.5,0.052632,0.0,0.0,2.336841,2.999999,0.381156,0.608146,1.0,0.646067,0.230226,0.5,0.39548,1.0,0.0,0.115789,0.029979,0.173448,0.010707,1.044628,1.698008,0.47957,0.25,0.577657,0.491189,2.259258,2.999999,0.5,0.061728,6.0,0.358025,3.0,0.135802,0.08642
472_remaster,14,14.0,582.0,124.825581,4.662506,3.823023,5.999999,0.0,0.0,0.0,0.0,0.0,0.079038,0.099656,0.012027,0.239905,0.302405,6.0,0.5,0.5,0.59622,0.242268,0.178694,0.178694,0.270433,0.5,0.0,0.0,0.0,2.576922,2.999999,0.527491,0.877036,1.0,0.925081,0.075163,0.5,0.147059,1.0,0.0,0.067308,0.099656,0.079038,0.0,1.236814,1.588666,0.294828,0.117444,0.416452,0.30427,2.586956,5.499998,0.375,0.0,5.0,0.217391,2.0,0.152174,0.152174
477_master,13+,13.8,656.0,140.45614,4.670497,3.538109,4.999997,0.0,0.003049,0.0,0.0,0.0,0.335366,0.0625,0.121951,0.170922,1.490854,6.0,0.375,0.5,0.400915,0.166159,0.064024,0.391768,0.223735,0.5,0.007782,0.0,0.0,3.357976,4.999997,0.167683,0.584091,1.0,0.581818,0.268349,0.5,0.477064,1.0,0.0,0.311284,0.056402,0.329268,0.001524,1.225579,1.624536,0.284404,0.081164,0.293497,0.302932,3.399999,4.999997,0.5,0.004545,6.0,0.518182,1.2,0.363636,0.363636
47_remaster,14+,14.6,467.0,93.473684,4.996059,3.980728,7.000004,0.0,0.117773,0.0,0.0,0.0,0.308351,0.066381,0.062099,0.1606,1.149893,6.0,0.375,0.375,0.254818,0.122056,0.044968,0.359743,0.168155,0.375,0.327381,0.0,0.0,3.232142,4.999997,0.237687,0.644144,1.0,0.810811,0.256818,0.5,0.354545,1.0,0.0,0.172619,0.051392,0.293362,0.109208,1.308464,1.394863,0.286022,0.079741,0.310145,0.348901,3.23611,4.999997,0.375,0.354167,5.0,0.159722,2.0,0.201389,0.159722
480_master,13,13.2,443.0,131.442308,3.3703,2.629796,4.0,0.0,0.018059,0.0,0.0,0.0,0.148984,0.146727,0.022573,0.19921,0.641084,7.0,0.475,0.5,0.363431,0.182844,0.10158,0.288939,0.206055,0.375,0.0625,0.0,0.0,2.351562,2.999999,0.329571,0.614726,1.0,0.678082,0.234483,0.5,0.37931,1.0,0.0,0.078125,0.139955,0.142212,0.009029,0.848784,1.614115,0.462585,0.238636,0.456265,0.462585,2.393938,2.999999,0.5,0.060606,6.0,0.333333,2.0,0.151515,0.151515
482_master,13+,13.7,477.0,87.830189,5.430934,3.679245,5.999999,0.0,0.098532,0.0,0.0,0.0,0.180294,0.033543,0.039832,0.178197,0.624738,7.0,0.375,0.5,0.337526,0.199161,0.096436,0.213836,0.127451,0.4875,0.460784,0.0,0.0,3.156862,4.0,0.285115,0.556985,1.0,0.654412,0.261111,0.5,0.392593,1.0,0.0,0.186275,0.033543,0.180294,0.098532,0.616793,1.395118,0.378947,0.187764,0.427848,0.388769,3.174418,4.0,0.375,0.546512,4.0,0.05814,2.0,0.22093,0.22093
488_expert,13,13.2,426.0,118.429319,3.597082,2.828638,4.0,0.0,0.042254,0.0,0.0,0.0,0.14554,0.171362,0.0,0.189554,0.530516,6.0,0.375,0.5,0.366197,0.180751,0.07277,0.316901,0.17963,0.375,0.133333,0.0,0.0,2.881481,4.0,0.302817,0.608527,1.0,0.674419,0.193359,0.5,0.328125,1.0,0.0,0.0,0.171362,0.14554,0.028169,0.869995,1.434263,0.507075,0.347518,0.511905,0.513126,3.177419,4.0,0.375,0.193548,5.0,0.129032,2.0,0.0,0.0
488_master,14,14.1,753.0,114.188481,6.59436,4.691898,7.000004,0.0,0.003984,0.0,0.0,0.0,0.126162,0.079681,0.011952,0.202523,0.47012,5.0,0.375,0.5,0.405046,0.213811,0.066401,0.205843,0.241129,0.375,0.019355,0.0,0.0,4.12258,5.999999,0.171315,0.488372,0.75,0.503876,0.201172,0.5,0.320312,1.0,0.0,0.058065,0.079681,0.126162,0.001328,1.056019,1.507268,0.363515,0.150667,0.352814,0.5,3.873684,5.999999,0.375,0.010526,4.0,0.094737,1.0,0.094737,0.094737
490_master,13+,13.8,689.0,141.405406,4.872515,3.576197,4.999997,0.0,0.066763,0.0,0.0,0.0,0.165457,0.103048,0.01016,0.167634,0.596517,6.0,0.375,0.5,0.325109,0.137881,0.058055,0.2627,0.164365,0.375,0.254144,0.0,0.0,3.132596,4.0,0.322206,0.469595,1.0,0.427928,0.218326,0.5,0.303167,1.0,0.0,0.038674,0.097242,0.159652,0.066763,0.703698,1.242514,0.387191,0.102041,0.407018,0.391176,3.105262,4.999997,0.375,0.403509,4.0,0.078947,2.0,0.061404,0.061404
492_master,14,14.0,820.0,124.540541,6.584201,4.54878,7.000004,0.0,0.017073,0.0,0.0,0.0,0.104878,0.014634,0.004878,0.172866,0.435366,6.0,0.375,0.5,0.328049,0.15,0.069512,0.119512,0.149235,0.375,0.142857,0.0,0.0,3.673469,4.999997,0.208537,0.630117,1.0,0.660819,0.207353,0.5,0.317647,1.0,0.0,0.040816,0.014634,0.104878,0.017073,0.58832,1.49027,0.377751,0.148103,0.444444,0.391635,3.732558,4.999997,0.375,0.162791,5.5,0.244186,1.0,0.046512,0.046512
493_master,13,13.4,386.0,111.62069,3.45814,2.492227,4.0,0.0,0.235751,0.0,0.0,0.0,0.300518,0.194301,0.056995,0.210816,1.160622,5.0,0.5,0.5,0.458549,0.233161,0.124352,0.492228,0.223684,0.5,0.478947,0.0,0.0,2.147368,2.999999,0.401554,0.393548,0.75,0.335484,0.125,0.5,0.181818,1.0,0.0,0.115789,0.19171,0.297927,0.178756,0.694868,1.751614,0.291667,0.140992,0.300813,0.31728,2.051723,2.999999,0.5,0.594828,4.0,0.051724,1.0,0.189655,0.181034
494_master,14,14.5,734.0,117.818182,6.229938,4.343324,7.000004,0.0,0.047684,0.0,0.0,0.0,0.190736,0.16485,0.050409,0.206914,0.741144,6.0,0.375,0.5,0.426431,0.276567,0.077657,0.351499,0.197674,0.375,0.135659,0.0,0.0,4.259689,5.999999,0.239782,0.573864,1.0,0.681818,0.228571,0.5,0.302857,1.0,0.0,0.143411,0.160763,0.186649,0.027248,1.171742,1.333455,0.333333,0.124487,0.348884,0.408859,4.385714,6.199999,0.5,0.142857,5.0,0.314286,2.0,0.264286,0.235714
495_expert,13,13.2,491.0,129.0,3.806202,2.625253,2.999999,0.0,0.03055,0.0,0.0,0.0,0.099796,0.321792,0.002037,0.190682,0.342159,7.0,0.375,0.5,0.344196,0.173116,0.081466,0.405295,0.187186,0.375,0.075377,0.0,0.0,2.572863,4.0,0.234216,0.428261,0.75,0.478261,0.125,0.5,0.140351,1.0,0.0,0.005025,0.305499,0.083503,0.01833,0.686674,1.279438,0.359918,0.231557,0.359918,0.359918,1.979591,2.999999,0.4,0.183673,4.2,0.102041,2.0,0.020408,0.020408
495_master,13+,13.9,824.0,134.625,6.120706,4.223301,5.999999,0.0,0.019417,0.0,0.0,0.0,0.161408,0.091019,0.043689,0.17946,0.627427,6.0,0.375,0.5,0.384709,0.148058,0.059466,0.225728,0.19422,0.375,0.086022,0.0,0.0,3.38172,5.999999,0.163835,0.6,1.0,0.711111,0.19403,0.5,0.268657,1.0,0.0,0.193548,0.06432,0.134709,0.015777,0.76363,1.545523,0.361314,0.193666,0.419672,0.403533,3.81203,5.999999,0.375,0.097744,4.0,0.090226,2.0,0.270677,0.105263
496_expert,13+,13.6,619.0,129.72973,4.771458,3.760904,4.999997,0.0,0.024233,0.0,0.0,0.0,0.098546,0.07916,0.0,0.17912,0.337641,5.0,0.375,0.5,0.442649,0.172859,0.063005,0.177706,0.242045,0.5,0.136364,0.0,0.0,2.736363,4.0,0.339257,0.544048,0.75,0.757143,0.254785,0.5,0.406699,1.0,0.0,0.0,0.07916,0.098546,0.022617,1.208875,1.390315,0.3906,0.271104,0.284444,0.3906,3.04918,4.0,0.5,0.229508,4.0,0.016393,2.0,0.0,0.0
496_master,14+,14.7,787.0,129.72973,6.066458,4.418043,7.000004,0.0,0.048285,0.0,0.0,0.0,0.180432,0.133418,0.012706,0.199651,0.700127,6.0,0.425,0.5,0.43075,0.21601,0.100381,0.31385,0.191802,0.375,0.153846,0.0,0.0,3.708501,4.999997,0.238882,0.570479,1.0,0.691489,0.216578,0.5,0.294118,1.0,0.0,0.040486,0.133418,0.180432,0.026684,1.209674,1.4563,0.324841,0.168367,0.32216,0.349794,3.788732,4.999997,0.375,0.147887,5.0,0.112676,2.0,0.070423,0.070423
496_remaster,14,14.5,724.0,129.72973,5.580833,4.306629,7.000004,0.0,0.10221,0.0,0.0,0.0,0.178177,0.13674,0.012431,0.208046,0.618785,5.0,0.5,0.5,0.473757,0.248619,0.10221,0.313536,0.235132,0.5,0.325991,0.0,0.0,3.572686,5.999999,0.349448,0.625494,1.0,0.865613,0.126984,0.5,0.154762,1.0,0.0,0.039648,0.135359,0.176796,0.029006,1.270138,1.604874,0.368421,0.20527,0.382692,0.400602,3.945736,5.999999,0.5,0.162791,4.0,0.062016,2.0,0.069767,0.069767
506_master,13,13.3,391.0,120.59406,3.242282,2.398976,4.0,0.0,0.063939,0.0,0.0,0.0,0.496164,0.035806,0.017903,0.25032,1.946292,6.0,0.5,0.5,0.58312,0.337596,0.179028,0.524297,0.266463,0.5,0.121951,0.0,0.0,2.131707,2.999999,0.31202,0.532787,1.0,0.557377,0.247934,0.5,0.371901,1.0,0.0,0.034146,0.028133,0.488491,0.063939,0.632045,1.23726,0.246787,0.069588,0.248691,0.251309,2.149484,2.999999,0.5,0.128866,5.0,0.252577,1.0,0.036082,0.025773
507_master,13,13.0,535.0,116.594594,4.588549,3.315887,4.0,0.0,0.013084,0.0,0.0,0.0,0.173832,0.102804,0.001869,0.187383,0.64486,5.0,0.375,0.5,0.398131,0.188785,0.078505,0.276636,0.203547,0.375,0.047297,0.0,0.0,3.263513,4.0,0.205607,0.431818,0.75,0.436364,0.176606,0.5,0.229358,1.0,0.0,0.006757,0.102804,0.173832,0.013084,0.60548,0.83547,0.412758,0.233083,0.411877,0.417457,3.118279,4.0,0.375,0.075269,4.0,0.096774,1.0,0.010753,0.010753
510_master,13,13.1,479.0,139.714285,3.428425,2.444675,2.999999,0.0,0.156576,0.0,0.0,0.0,0.148225,0.181628,0.020877,0.14118,0.569937,6.0,0.375,0.375,0.227557,0.118998,0.039666,0.327766,0.148089,0.375,0.477707,0.0,0.0,2.31847,2.999999,0.453027,0.556452,1.0,0.764977,0.174769,0.5,0.148148,1.0,0.0,0.063694,0.179541,0.146138,0.075157,0.579826,1.27265,0.320755,0.159664,0.320675,0.322105,2.507041,2.999999,0.375,0.507042,5.0,0.253521,2.0,0.140845,0.126761
511_master,13,13.4,580.0,136.2,4.258443,2.982758,4.0,0.0,0.055172,0.0,0.0,0.0,0.227586,0.046552,0.003448,0.232759,0.932759,6.0,0.5,0.5,0.524138,0.301724,0.177586,0.27069,0.273885,0.5,0.203822,0.0,0.0,2.203821,2.999999,0.32069,0.708333,1.0,0.77957,0.163514,0.5,0.259459,1.0,0.0,0.012739,0.043103,0.224138,0.048276,0.577902,1.055111,0.287197,0.058925,0.266791,0.296429,2.204545,2.999999,0.5,0.212121,6.0,0.325758,2.0,0.015152,0.015152
515_master,13,13.4,516.0,129.72973,3.9775,3.032945,4.0,0.0,0.071705,0.0,0.0,0.0,0.226744,0.027132,0.00969,0.192829,0.823643,6.0,0.375,0.5,0.401163,0.218992,0.089147,0.253876,0.225191,0.5,0.282443,0.0,0.0,2.709923,4.0,0.370155,0.438482,0.75,0.429319,0.163158,0.5,0.221053,1.0,0.0,0.038168,0.027132,0.226744,0.054264,0.743942,1.136796,0.420233,0.132554,0.420945,0.420233,2.803418,4.0,0.5,0.239316,4.0,0.08547,2.0,0.042735,0.042735
518_master,13,13.3,451.0,133.125,3.387793,2.645232,4.0,0.0,0.028825,0.0,0.0,0.0,0.261641,0.192905,0.017738,0.195399,0.913525,6.0,0.5,0.5,0.419069,0.208426,0.10643,0.454545,0.219512,0.375,0.063415,0.0,0.0,2.560975,2.999999,0.317073,0.506993,0.95,0.587413,0.123239,0.5,0.169014,1.0,0.0,0.039024,0.192905,0.261641,0.026608,0.714642,1.601706,0.256125,0.104911,0.266355,0.266204,2.618643,2.999999,0.5,0.101695,5.0,0.127119,2.0,0.067797,0.067797
519_master,13+,13.6,517.0,110.328002,4.686027,2.938103,4.0,0.0,0.038685,0.0,0.0,0.0,0.156673,0.059961,0.027079,0.207205,0.560928,5.0,0.5,0.5,0.4294,0.247582,0.141199,0.216634,0.146205,0.375,0.178571,0.0,0.0,2.633927,2.999999,0.386847,0.57,1.0,0.68,0.286432,0.5,0.417085,1.0,0.0,0.125,0.059961,0.156673,0.027079,0.460907,1.226356,0.351456,0.367704,0.372632,0.351456,2.728394,2.999999,0.375,0.17284,4.0,0.024691,1.0,0.17284,0.17284
520_master,13+,13.6,571.0,138.6,4.119769,2.901925,4.0,0.0,0.075306,0.0,0.0,0.0,0.169877,0.145359,0.012259,0.221979,0.647986,7.0,0.5,0.5,0.485114,0.252189,0.136602,0.287215,0.217226,0.5,0.262195,0.0,0.0,2.579267,2.999999,0.422067,0.462656,0.75,0.456432,0.173958,0.5,0.2375,1.0,0.0,0.042683,0.117338,0.141856,0.068301,0.602388,1.051892,0.288225,0.128521,0.29326,0.288225,2.422679,2.999999,0.5,0.402062,5.0,0.154639,2.0,0.072165,0.061856
521_master,13,13.5,425.0,126.0,3.373016,2.503528,2.999999,0.0,0.256471,0.0,0.0,0.0,0.291765,0.082353,0.004706,0.147353,0.957647,5.0,0.375,0.5,0.249412,0.131765,0.068235,0.371765,0.190665,0.375,0.689873,0.0,0.0,2.373417,2.999999,0.512941,0.462156,0.75,0.53211,0.177419,0.5,0.202765,1.0,0.0,0.012658,0.08,0.289412,0.249412,0.536909,0.921031,0.281324,0.137441,0.281324,0.281324,2.467741,2.999999,0.5,0.854839,4.0,0.016129,1.0,0.016129,0.016129
522_master,13,13.2,539.0,140.142858,3.846075,2.949906,4.0,0.0,0.03154,0.0,0.0,0.0,0.166976,0.12987,0.042672,0.209416,0.636364,6.0,0.5,0.5,0.445269,0.222635,0.111317,0.283859,0.204248,0.5,0.111111,0.0,0.0,2.392156,4.0,0.207792,0.53125,1.0,0.553571,0.182432,0.5,0.252252,1.0,0.0,0.150327,0.116883,0.153989,0.022263,0.883684,1.862481,0.348231,0.162313,0.362205,0.354839,2.455555,4.0,0.3875,0.133333,6.0,0.177778,2.0,0.255556,0.144444
525_remaster,13,13.4,639.0,128.72093,4.964228,3.359936,5.999999,0.0,0.032864,0.0,0.0,0.0,0.173709,0.082942,0.039124,0.187011,0.687011,6.0,0.375,0.5,0.431925,0.217527,0.070423,0.253521,0.195988,0.375,0.12963,0.0,0.0,2.962962,4.0,0.262911,0.589286,1.0,0.672619,0.152695,0.5,0.191617,1.0,0.0,0.154321,0.079812,0.170579,0.00939,1.285632,1.215342,0.281005,0.092767,0.34357,0.28278,3.279279,4.0,0.5,0.054054,4.0,0.045045,1.0,0.225225,0.225225
526_master,13,13.3,551.0,137.616279,4.003887,2.949182,5.999999,0.0,0.052632,0.0,0.0,0.0,0.277677,0.094374,0.018149,0.193966,1.059891,7.0,0.375,0.5,0.392015,0.208711,0.08167,0.362976,0.195625,0.5,0.145,0.0,0.0,2.239999,2.999999,0.221416,0.571721,1.0,0.663934,0.196281,0.5,0.280992,1.0,0.0,0.05,0.085299,0.268603,0.049002,0.780296,1.374021,0.371585,0.184307,0.43469,0.371585,2.202613,2.999999,0.5,0.176471,5.0,0.24183,2.0,0.065359,0.065359
527_master,13,13.4,530.0,140.801887,3.764154,2.635848,4.0,0.0,0.04717,0.0,0.0,0.0,0.233962,0.162264,0.015094,0.181604,0.826415,6.0,0.375,0.5,0.392453,0.190566,0.073585,0.396226,0.180357,0.375,0.119048,0.0,0.0,2.423809,4.0,0.264151,0.491071,0.75,0.578571,0.18705,0.5,0.294964,1.0,0.0,0.038095,0.162264,0.233962,0.030189,0.72566,1.188857,0.407197,0.16129,0.407197,0.407197,2.387096,4.0,0.5,0.129032,4.0,0.08871,2.0,0.064516,0.064516
528_master,13,13.0,568.0,136.22449,4.169588,3.022886,4.999997,0.0,0.052817,0.0,0.0,0.0,0.116197,0.089789,0.017606,0.189701,0.507042,6.0,0.375,0.5,0.390845,0.160211,0.06338,0.200704,0.214912,0.375,0.263158,0.0,0.0,2.473683,2.999999,0.348592,0.593434,1.0,0.747475,0.225888,0.5,0.319797,1.0,0.0,0.087719,0.084507,0.110915,0.022887,0.647152,1.269962,0.295053,0.102655,0.336066,0.301444,2.424241,2.999999,0.4375,0.19697,6.0,0.363636,2.0,0.151515,0.121212
529_master,13,13.2,564.0,140.709678,4.008253,3.118793,5.999999,0.0,0.072695,0.0,0.0,0.0,0.150709,0.070922,0.003546,0.232048,0.554965,6.0,0.5,0.5,0.521277,0.315603,0.136525,0.219858,0.230847,0.5,0.330645,0.0,0.0,2.629031,4.0,0.333333,0.526596,0.75,0.755319,0.215241,0.5,0.240642,1.0,0.0,0.016129,0.069149,0.148936,0.069149,0.746204,1.393526,0.345196,0.094474,0.397089,0.345196,2.35294,4.0,0.5,0.458824,5.0,0.141176,2.0,0.023529,0.023529
530_master,13+,13.8,584.0,124.615384,4.68642,3.272259,4.999997,0.0,0.097603,0.0,0.0,0.0,0.202055,0.109589,0.049658,0.189212,0.922945,7.0,0.375,0.5,0.390411,0.181507,0.063356,0.308219,0.186111,0.375,0.316667,0.0,0.0,2.933332,3.099999,0.371575,0.501152,1.0,0.62212,0.197917,0.5,0.273148,1.0,0.0,0.161111,0.106164,0.19863,0.083904,0.634532,1.467003,0.281787,0.165232,0.255446,0.296564,3.042372,4.0,0.375,0.415254,6.3,0.491525,2.0,0.245763,0.245763
531_master,14+,14.6,763.0,125.431818,6.082986,4.657928,7.000004,0.0,0.003932,0.0,0.0,0.0,0.21232,0.081258,0.073394,0.20806,0.815203,7.0,0.375,0.5,0.470511,0.250328,0.078637,0.266055,0.219828,0.375,0.014778,0.0,0.0,3.802954,5.999999,0.187418,0.573427,1.0,0.65035,0.269366,0.5,0.478873,1.0,0.0,0.275862,0.053735,0.184797,0.003932,1.21244,1.774897,0.188579,0.071904,0.330435,0.224959,3.845678,5.999999,0.375,0.018519,5.0,0.320988,2.0,0.345679,0.123457
533_master,13,13.0,533.0,139.777777,3.813196,2.923076,4.999997,0.0,0.067542,0.0,0.0,0.0,0.097561,0.086304,0.0,0.247889,0.347092,6.0,0.5,0.5,0.560976,0.332083,0.161351,0.183865,0.278061,0.5,0.367347,0.0,0.0,2.408162,4.0,0.382739,0.498775,1.0,0.588235,0.205665,0.5,0.236453,1.0,0.0,0.0,0.086304,0.097561,0.035647,0.757867,1.533766,0.306968,0.15283,0.347548,0.306968,2.249999,2.999999,0.5,0.365385,5.0,0.173077,2.0,0.0,0.0
534_master,14,14.0,748.0,104.270833,7.173626,4.175132,4.999997,0.0,0.0,0.0,0.0,0.0,0.001337,0.048128,0.0,0.211898,0.005348,4.0,0.375,0.5,0.520053,0.262032,0.089572,0.049465,0.148649,0.25,0.0,0.0,0.0,4.783782,5.999999,0.002674,1.0,1.0,1.0,0.0,0.0,0.0,1.0,0.0,0.0,0.048128,0.001337,0.0,0.719449,1.188529,0.344504,0.185235,0.563981,0.368421,2.999999,2.999999,0.25,0.0,4.0,0.0,0.0,0.0,0.0
536_master,13,13.2,316.0,95.4375,3.311067,2.636075,4.0,0.0,0.025316,0.0,0.0,0.0,0.183544,0.265823,0.037975,0.217959,0.746835,7.0,0.5,0.5,0.484177,0.240506,0.132911,0.439873,0.222122,0.5,0.057554,0.0,0.0,2.158272,2.999999,0.268987,0.55,1.0,0.529412,0.178571,0.5,0.22619,1.0,0.0,0.086331,0.256329,0.174051,0.012658,0.775277,1.611031,0.33758,0.13099,0.368056,0.339744,2.103447,2.999999,0.5,0.068966,6.0,0.413793,3.0,0.206897,0.172414
537_master,13,13.4,609.0,120.736196,5.044055,3.477832,4.999997,0.0,0.034483,0.0,0.0,0.0,0.082102,0.019704,0.0,0.225575,0.323481,5.0,0.5,0.5,0.490969,0.234811,0.108374,0.101806,0.215726,0.5,0.33871,0.0,0.0,2.774193,4.0,0.303777,0.547297,1.0,0.616216,0.228261,0.5,0.342391,1.0,0.0,0.0,0.019704,0.082102,0.027915,0.852766,1.186354,0.467875,0.235974,0.508704,0.467875,2.819999,4.0,0.5,0.34,5.0,0.12,1.0,0.0,0.0
538_master,13,13.3,498.0,134.333334,3.707196,3.16265,5.999999,0.0,0.038153,0.0,0.0,0.0,0.269076,0.046185,0.0,0.181978,1.016064,6.0,0.375,0.5,0.411647,0.172691,0.064257,0.299197,0.192114,0.375,0.127517,0.0,0.0,2.14765,4.0,0.212851,0.686321,1.0,0.698113,0.171429,0.5,0.27619,1.0,0.0,0.0,0.03012,0.253012,0.038153,1.022607,1.314505,0.262097,0.10101,0.293578,0.262097,2.149253,4.0,0.375,0.141791,5.0,0.231343,2.0,0.0,0.0
539_master,13+,13.7,613.0,137.191011,4.468223,2.983686,4.0,0.0,0.011419,0.0,0.0,0.0,0.179445,0.053834,0.021207,0.202488,0.734095,6.0,0.375,0.5,0.386623,0.203915,0.099511,0.22186,0.234375,0.5,0.051471,0.0,0.0,2.55147,2.999999,0.171289,0.62619,1.0,0.666667,0.228365,0.5,0.365385,1.0,0.0,0.095588,0.042414,0.168026,0.011419,0.918634,1.318867,0.335516,0.091803,0.335628,0.335516,2.590908,3.099999,0.5,0.063636,5.0,0.281818,1.2,0.118182,0.072727
542_master,14,14.1,725.0,111.157895,6.522254,4.714483,7.000004,0.0,0.006897,0.0,0.0,0.0,0.113103,0.053793,0.01931,0.2,0.470345,6.0,0.375,0.5,0.405517,0.205517,0.06069,0.162759,0.207627,0.5,0.042373,0.0,0.0,3.610169,4.999997,0.162759,0.59322,1.0,0.737288,0.211538,0.5,0.299145,1.0,0.0,0.118644,0.049655,0.108966,0.006897,0.782306,1.250675,0.251729,0.094183,0.319101,0.39693,3.390243,4.0,0.5,0.060976,6.0,0.280488,2.0,0.170732,0.146341
547_master,13,13.4,606.0,142.628571,4.248798,3.123761,5.999999,0.0,0.024752,0.0,0.0,0.0,0.123762,0.132013,0.033003,0.191007,0.528053,7.0,0.375,0.5,0.376238,0.186469,0.075908,0.240924,0.171233,0.375,0.10274,0.0,0.0,2.335616,2.999999,0.277228,0.651786,1.0,0.833333,0.185629,0.5,0.239521,1.0,0.0,0.136986,0.117162,0.108911,0.016502,0.84854,1.680292,0.456954,0.266998,0.533074,0.456954,2.266666,2.999999,0.375,0.133333,6.0,0.28,2.0,0.266667,0.24
548_master,13+,13.8,558.0,142.675856,3.910963,2.935483,4.999997,0.0,0.043011,0.0,0.0,0.0,0.234767,0.134409,0.003584,0.212814,0.840502,7.0,0.5,0.5,0.44086,0.267025,0.125448,0.362007,0.21349,0.5,0.118812,0.0,0.0,2.301979,2.999999,0.197133,0.502273,1.0,0.472727,0.188073,0.5,0.284404,1.0,0.0,0.009901,0.12724,0.227599,0.043011,0.711667,2.18883,0.284173,0.122523,0.309381,0.289908,2.229007,2.999999,0.5,0.183206,5.0,0.160305,2.0,0.015267,0.015267
551_master,13,13.3,414.0,94.3125,4.389662,3.128018,4.999997,0.0,0.028986,0.0,0.0,0.0,0.21256,0.142512,0.038647,0.229771,0.775362,6.0,0.5,0.5,0.562802,0.270531,0.115942,0.34058,0.231383,0.375,0.085106,0.0,0.0,2.914892,4.999997,0.28744,0.432773,0.75,0.411765,0.254237,0.5,0.449153,1.0,0.0,0.113475,0.128019,0.198068,0.024155,0.782446,1.208289,0.296117,0.094891,0.277778,0.299754,2.874999,4.999997,0.375,0.113636,6.0,0.227273,2.0,0.181818,0.159091
552_master,13,13.2,439.0,129.714286,3.384361,2.56492,4.0,0.0,0.009112,0.0,0.0,0.0,0.248292,0.116173,0.0,0.207005,0.984055,6.0,0.5,0.5,0.437358,0.255125,0.132118,0.364465,0.220312,0.5,0.025,0.0,0.0,2.193749,2.999999,0.255125,0.506696,0.75,0.526786,0.22973,0.5,0.378378,1.0,0.0,0.0,0.116173,0.248292,0.0,0.806933,1.277994,0.423341,0.213303,0.423341,0.423341,2.137614,4.0,0.5,0.0,5.0,0.155963,2.0,0.0,0.0
553_master,13,13.3,517.0,130.818182,3.95205,2.663443,4.0,0.0,0.110251,0.0,0.0,0.0,0.261122,0.094778,0.0,0.190764,0.974855,6.0,0.5,0.5,0.471954,0.224371,0.106383,0.34236,0.191384,0.5,0.322034,0.0,0.0,1.943502,2.999999,0.297872,0.462662,1.0,0.415584,0.230392,0.5,0.352941,1.0,0.0,0.0,0.081238,0.247582,0.06383,0.575687,1.353398,0.586408,0.470817,0.586408,0.586408,1.948148,2.999999,0.5,0.244444,5.0,0.118519,2.0,0.0,0.0
555_master,13,13.4,613.0,124.457142,4.92539,3.1615,4.999997,0.0,0.050571,0.0,0.0,0.0,0.243067,0.089723,0.050571,0.16354,0.988581,7.0,0.375,0.5,0.303426,0.17292,0.06199,0.32137,0.194797,0.5,0.15736,0.0,0.0,2.883248,4.999997,0.205546,0.728175,1.0,0.857143,0.13,0.75,0.176,1.0,0.0,0.15736,0.078303,0.231648,0.050571,0.763416,1.47592,0.306056,0.116393,0.321691,0.317487,2.885905,4.999997,0.4,0.208054,7.0,0.281879,5.0,0.208054,0.127517
556_expert,13,13.1,427.0,127.588005,3.34671,3.014051,4.0,0.0,0.021077,0.0,0.0,0.0,0.058548,0.332553,0.0,0.193208,0.213115,6.0,0.375,0.5,0.400468,0.17096,0.084309,0.391101,0.231287,0.5,0.053892,0.0,0.0,2.32934,2.999999,0.222482,0.544737,1.0,0.631579,0.164894,0.5,0.191489,1.0,0.0,0.0,0.332553,0.058548,0.007026,0.84908,1.884952,0.256471,0.091981,0.263158,0.256471,3.039999,4.0,0.5,0.12,4.0,0.08,2.0,0.0,0.0
556_master,14,14.0,730.0,127.588005,5.721541,4.164382,4.999997,0.0,0.054795,0.0,0.0,0.0,0.128767,0.210959,0.024658,0.195034,0.550685,7.0,0.375,0.5,0.332877,0.216438,0.093151,0.30137,0.20625,0.5,0.181818,0.0,0.0,3.563635,4.999997,0.206849,0.534768,0.75,0.721854,0.15,0.5,0.133333,1.0,0.0,0.081818,0.172603,0.090411,0.043836,0.823141,2.040395,0.200549,0.059147,0.269048,0.207092,3.946807,4.999997,0.5,0.340426,6.4,0.351064,2.0,0.191489,0.191489
557_master,13+,13.8,560.0,129.886363,4.311461,3.182142,4.0,0.0,0.051786,0.0,0.0,0.0,0.185714,0.048214,0.0125,0.212723,0.723214,6.0,0.5,0.5,0.5,0.257143,0.125,0.232143,0.268269,0.5,0.223077,0.0,0.0,3.038461,4.0,0.3125,0.534286,1.0,0.737143,0.12931,0.5,0.178161,1.0,0.0,0.053846,0.046429,0.183929,0.051786,0.977336,1.301426,0.480874,0.296161,0.50478,0.480874,3.096153,4.0,0.5,0.278846,5.0,0.144231,1.8,0.067308,0.038462
558_master,13+,13.7,549.0,118.2,4.64467,4.109289,10.199998,0.0,0.01275,0.0,0.0,0.0,0.056466,0.322404,0.021858,0.24112,0.23133,5.0,0.5,0.5,0.564663,0.245902,0.132969,0.375228,0.240898,0.375,0.033981,0.0,0.0,2.922329,2.999999,0.204007,0.589286,1.0,0.705357,0.144144,0.5,0.225225,1.0,0.0,0.058252,0.318761,0.052823,0.001821,1.342431,1.45762,0.215722,0.104396,0.268409,0.247379,2.838708,2.999999,0.375,0.032258,5.0,0.193548,0.2,0.387097,0.322581
559_master,13+,13.7,555.0,130.967742,4.237685,3.317116,4.999997,0.0,0.041441,0.0,0.0,0.0,0.221622,0.066667,0.010811,0.217117,0.830631,6.0,0.5,0.5,0.473874,0.291892,0.122523,0.288288,0.208594,0.5,0.14375,0.0,0.0,2.993749,4.999997,0.32973,0.501366,1.0,0.601093,0.148352,0.5,0.203297,1.0,0.0,0.0375,0.066667,0.221622,0.036036,0.863143,1.450225,0.471971,0.161232,0.443255,0.478899,3.235772,4.999997,0.5,0.162602,5.0,0.113821,1.0,0.04878,0.04878
560_master,13,13.3,470.0,87.375,5.379113,4.140424,8.999999,0.0,0.023404,0.0,0.0,0.0,0.080851,0.06383,0.004255,0.249734,0.304255,5.0,0.5,0.625,0.521277,0.27234,0.148936,0.144681,0.244485,0.5,0.161765,0.0,0.0,2.999999,4.299999,0.32766,0.449675,0.75,0.396104,0.179739,0.5,0.27451,1.0,0.0,0.029412,0.06383,0.080851,0.021277,0.751486,1.413557,0.275641,0.117773,0.244957,0.307143,2.763157,3.299999,0.5,0.263158,5.0,0.289474,2.0,0.052632,0.052632
561_master,13+,13.7,541.0,131.675675,4.10858,3.672828,4.999997,0.0,0.011091,0.0,0.0,0.0,0.341959,0.081331,0.005545,0.221349,1.216266,6.0,0.5,0.5,0.469501,0.32902,0.177449,0.421442,0.305373,0.5,0.026316,0.0,0.0,2.811403,4.0,0.203327,0.663636,1.0,0.7,0.162844,0.5,0.211009,1.0,0.0,0.013158,0.079482,0.340111,0.007394,0.853437,1.454669,0.300557,0.172862,0.313433,0.315175,2.691891,4.0,0.5,0.021622,5.0,0.205405,2.0,0.016216,0.010811
565_master,13,13.3,557.0,122.571428,4.544289,3.095152,4.0,0.0,0.041293,0.0,0.0,0.0,0.095153,0.163375,0.014363,0.245961,0.385996,6.0,0.5,0.75,0.500898,0.27289,0.170557,0.258528,0.240451,0.5,0.159722,0.0,0.0,2.777777,4.0,0.38061,0.474057,0.75,0.537736,0.161137,0.5,0.218009,1.0,0.0,0.055556,0.163375,0.095153,0.005386,0.637199,1.286674,0.358559,0.15704,0.382066,0.365809,2.867923,4.799998,0.725,0.056604,5.0,0.301887,1.0,0.150943,0.150943
566_expert,13,13.3,419.0,129.677419,3.231095,2.794748,4.999997,0.0,0.033413,0.0,0.0,0.0,0.159905,0.100239,0.0,0.227029,0.625298,6.0,0.5,0.5,0.4821,0.274463,0.159905,0.260143,0.290138,0.5,0.12844,0.0,0.0,2.25688,4.999997,0.443914,0.512097,0.75,0.575269,0.210811,0.5,0.324324,1.0,0.0,0.0,0.100239,0.159905,0.019093,0.846799,1.330444,0.354916,0.105769,0.338109,0.354916,1.83582,2.999999,0.625,0.119403,5.0,0.208955,2.0,0.0,0.0
566_master,14,14.0,670.0,133.935484,5.002408,3.798506,5.999999,0.0,0.074627,0.0,0.0,0.0,0.137313,0.192537,0.01791,0.202052,0.459701,5.0,0.5,0.5,0.404478,0.21194,0.10597,0.323881,0.172235,0.375,0.230415,0.0,0.0,3.419353,4.999997,0.279104,0.554813,1.0,0.593583,0.158602,0.5,0.231183,1.0,0.0,0.0553,0.186567,0.131343,0.040299,1.01943,1.4295,0.330838,0.101949,0.37365,0.341577,3.22826,4.999997,0.5,0.293478,4.0,0.043478,2.0,0.130435,0.097826
567_master,14,14.3,757.0,135.567568,5.583931,4.564069,7.000004,0.0,0.010568,0.0,0.0,0.0,0.171731,0.100396,0.081902,0.163144,0.594452,6.0,0.425,0.5,0.327609,0.186262,0.100396,0.269485,0.161765,0.375,0.039216,0.0,0.0,3.166666,4.999997,0.221929,0.419643,0.75,0.369048,0.115269,0.5,0.197605,1.0,0.0,0.303922,0.097754,0.169089,0.010568,1.141389,1.462727,0.237086,0.100796,0.330233,0.237086,3.276923,5.999999,0.375,0.061538,4.0,0.053846,1.0,0.476923,0.430769
568_master,14,14.0,765.0,116.4,6.572165,4.72549,7.000004,0.0,0.005229,0.0,0.0,0.0,0.11634,0.057516,0.023529,0.183007,0.4,6.0,0.375,0.5,0.342484,0.19085,0.069281,0.171242,0.18416,0.375,0.030534,0.0,0.0,3.679389,4.999997,0.142484,0.694954,1.0,0.788991,0.1875,0.5,0.25,1.0,0.0,0.137405,0.054902,0.113725,0.002614,1.082132,1.52194,0.269987,0.125984,0.367946,0.388462,3.617977,4.999997,0.375,0.022472,5.0,0.123596,2.0,0.202247,0.179775
56_master,13,13.4,352.0,95.793116,3.674586,2.607954,4.0,0.0,0.019886,0.0,0.0,0.0,0.028409,0.011364,0.0,0.18892,0.102273,4.0,0.5,0.5,0.369318,0.190341,0.142045,0.039773,0.178571,0.425,0.5,0.0,0.0,1.999999,2.999999,0.508523,0.398045,0.75,0.435754,0.080056,0.25,0.089888,1.0,0.0,0.0,0.011364,0.028409,0.017045,0.671328,1.242044,0.48,0.286533,0.479885,0.48,2.299999,2.999999,0.5,0.6,4.0,0.0,1.0,0.0,0.0
571_expert,13,13.0,447.0,127.714286,3.5,2.628635,4.0,0.0,0.040268,0.0,0.0,0.0,0.10962,0.268456,0.020134,0.212528,0.407159,5.0,0.5,0.5,0.411633,0.259508,0.154362,0.378076,0.275888,0.5,0.106509,0.0,0.0,1.994082,2.999999,0.378076,0.501479,0.75,0.627219,0.203869,0.5,0.267857,1.0,0.0,0.053254,0.268456,0.10962,0.017897,0.748258,1.29483,0.31236,0.094595,0.312073,0.31236,1.612244,2.999999,0.5,0.163265,4.2,0.102041,1.0,0.183673,0.183673
571_master,14+,14.8,714.0,127.714286,5.590604,4.07843,5.999999,0.0,0.033613,0.0,0.0,0.0,0.20028,0.154062,0.089636,0.16369,0.694678,6.0,0.375,0.5,0.308123,0.147059,0.061625,0.343137,0.156122,0.375,0.097959,0.0,0.0,3.648979,4.999997,0.260504,0.602151,0.75,0.747312,0.175676,0.5,0.281081,1.0,0.0,0.261224,0.142857,0.189076,0.032213,0.95261,1.325997,0.351124,0.09564,0.34292,0.414594,4.125873,5.999999,0.375,0.160839,5.0,0.223776,1.0,0.447552,0.405594
572_master,13+,13.9,754.0,140.689656,5.359314,3.533155,4.999997,0.0,0.058355,0.0,0.0,0.0,0.156499,0.185676,0.013263,0.192142,0.559682,5.0,0.375,0.5,0.370027,0.202918,0.059682,0.340849,0.200389,0.375,0.171206,0.0,0.0,2.992217,4.999997,0.270557,0.561275,1.0,0.686275,0.190887,0.5,0.211823,1.0,0.0,0.038911,0.18435,0.155172,0.037135,0.630234,1.33447,0.304521,0.129161,0.332203,0.310719,2.864405,2.999999,0.375,0.237288,4.0,0.050847,1.0,0.084746,0.084746
573_master,13+,13.9,456.0,120.56962,3.782047,3.149122,5.999999,0.0,0.013158,0.0,0.0,0.0,0.464912,0.094298,0.133772,0.197368,1.703947,7.0,0.5,0.5,0.421053,0.263158,0.111842,0.530702,0.211777,0.5,0.024793,0.0,0.0,2.566115,2.999999,0.026316,0.75,1.0,0.666667,0.136364,0.75,0.181818,1.0,0.0,0.252066,0.065789,0.436404,0.004386,0.904145,1.398562,0.251101,0.116998,0.300532,0.253898,2.603773,2.999999,0.5,0.009434,5.0,0.240566,2.0,0.287736,0.25
574_master,13+,13.8,287.0,123.243243,2.328728,2.066201,2.999999,0.0,0.121951,0.0,0.0,0.0,0.547038,0.017422,0.003484,0.194686,2.299652,6.0,0.375,0.5,0.508711,0.28223,0.087108,0.56446,0.212191,0.375,0.216049,0.0,0.0,1.944444,2.999999,0.648084,0.763441,1.0,0.876344,0.136486,0.5,0.156757,1.0,0.0,0.006173,0.017422,0.547038,0.121951,0.634566,1.279504,0.305263,0.116197,0.305263,0.305263,1.955413,2.999999,0.375,0.22293,6.0,0.305732,2.0,0.006369,0.006369
578_master,13,13.2,569.0,141.428572,4.023232,2.710017,4.0,0.0,0.019332,0.0,0.0,0.0,0.126538,0.170475,0.029877,0.195738,0.509666,6.0,0.5,0.5,0.435852,0.198594,0.108963,0.297012,0.159024,0.375,0.065089,0.0,0.0,2.698224,2.999999,0.390158,0.457207,1.0,0.405405,0.168552,0.5,0.280543,1.0,0.0,0.100592,0.170475,0.126538,0.003515,0.586956,1.257494,0.560847,0.390459,0.560847,0.572973,2.805554,2.999999,0.375,0.027778,5.0,0.222222,1.0,0.236111,0.125
580_master,13+,13.8,479.0,135.021097,3.547594,2.488517,4.0,0.0,0.204593,0.0,0.0,0.0,0.446764,0.031315,0.114823,0.160752,1.501044,6.0,0.375,0.375,0.325678,0.110647,0.039666,0.478079,0.159934,0.25,0.427948,0.0,0.0,2.545851,4.0,0.367432,0.575284,1.0,0.619318,0.228571,0.5,0.342857,1.0,0.0,0.240175,0.031315,0.446764,0.200418,0.880814,1.247393,0.444444,0.308824,0.452026,0.444444,2.616822,4.0,0.25,0.448598,4.0,0.084112,2.0,0.257009,0.14486
581_expert,13,13.0,545.0,134.361702,4.056215,3.622018,5.999999,0.0,0.020183,0.0,0.0,0.0,0.062385,0.100917,0.011009,0.155046,0.222018,7.0,0.25,0.375,0.218349,0.089908,0.040367,0.152294,0.153614,0.375,0.13253,0.0,0.0,2.66265,4.0,0.321101,0.607143,1.0,0.765714,0.201149,0.5,0.212644,1.0,0.0,0.072289,0.089908,0.051376,0.009174,1.383663,1.276292,0.200737,0.075646,0.223382,0.230932,2.441176,4.0,0.25,0.147059,4.7,0.117647,2.0,0.176471,0.0
581_master,14,14.5,832.0,134.401595,6.190403,5.460337,7.000004,0.0,0.043269,0.0,0.0,0.0,0.100962,0.106971,0.027644,0.190655,0.411058,7.0,0.375,0.5,0.340144,0.188702,0.084135,0.206731,0.15625,0.375,0.209302,0.0,0.0,3.598836,4.999997,0.164663,0.625912,1.0,0.832117,0.211397,0.5,0.220588,1.0,0.0,0.133721,0.105769,0.09976,0.030048,1.687386,1.690662,0.160241,0.05187,0.247191,0.279518,3.333333,7.000004,0.4625,0.297619,6.0,0.309524,2.0,0.27381,0.190476
582_master,13,13.3,300.0,116.0,2.586207,2.636666,4.0,0.0,0.096667,0.0,0.0,0.0,0.3,0.243333,0.013333,0.19,1.193333,6.0,0.375,0.5,0.316667,0.17,0.09,0.45,0.213889,0.375,0.214815,0.0,0.0,2.437036,2.999999,0.333333,0.48,1.0,0.43,0.166667,0.5,0.232323,1.0,0.0,0.02963,0.15,0.206667,0.07,0.762775,1.255312,0.285235,0.080808,0.299296,0.285235,2.299999,2.999999,0.5,0.233333,5.0,0.311111,2.0,0.044444,0.022222
584_master,13,13.3,480.0,97.2,4.938272,3.195832,4.999997,0.0,0.004167,0.0,0.0,0.0,0.24375,0.13125,0.070833,0.226042,0.941667,6.0,0.5,0.5,0.522917,0.2375,0.125,0.372917,0.248603,0.5,0.011173,0.0,0.0,2.89944,4.0,0.204167,0.568878,1.0,0.704082,0.195876,0.5,0.28866,1.0,0.0,0.189944,0.129167,0.241667,0.0,1.308602,1.206752,0.382845,0.167715,0.403084,0.382845,2.999999,4.0,0.375,0.0,6.0,0.247863,1.0,0.290598,0.290598
585_master,13,13.4,671.0,127.321429,5.270126,3.707897,4.999997,0.0,0.023845,0.0,0.0,0.0,0.204173,0.013413,0.031297,0.176602,0.843517,7.0,0.375,0.375,0.342772,0.14158,0.044709,0.217586,0.166096,0.375,0.109589,0.0,0.0,2.760273,4.0,0.129657,0.652299,1.0,0.793103,0.270349,0.75,0.383721,1.0,0.0,0.143836,0.013413,0.204173,0.019374,0.769891,1.30933,0.411061,0.199102,0.474026,0.43036,2.773721,4.0,0.375,0.094891,6.0,0.321168,2.0,0.153285,0.124088
587_master,13,13.4,477.0,127.0,3.755906,2.677148,2.999999,0.0,0.062893,0.0,0.0,0.0,0.268344,0.186583,0.060797,0.149633,1.050314,7.0,0.375,0.375,0.29979,0.136268,0.046122,0.448637,0.140771,0.375,0.140187,0.0,0.0,2.579438,2.999999,0.268344,0.478516,1.0,0.476562,0.177165,0.5,0.275591,1.0,0.0,0.135514,0.180294,0.262055,0.050314,0.671648,1.291472,0.56,0.375527,0.577342,0.570815,2.546874,2.999999,0.375,0.1875,6.0,0.21875,2.4,0.226562,0.21875
589_master,14,14.4,598.0,126.0,4.746032,3.394648,4.999997,0.0,0.118729,0.0,0.0,0.0,0.259197,0.118729,0.061873,0.200669,0.954849,7.0,0.5,0.5,0.421405,0.23913,0.117057,0.376254,0.216111,0.5,0.315556,0.0,0.0,3.057777,4.0,0.270903,0.549383,1.0,0.530864,0.125776,0.5,0.192547,1.0,0.0,0.164444,0.117057,0.257525,0.110368,0.711299,1.458909,0.302013,0.132773,0.311111,0.328467,3.129032,4.999997,0.5,0.425806,5.0,0.109677,2.0,0.23871,0.206452
589_remaster,14,14.3,667.0,126.102273,5.289357,3.607196,4.999997,0.0,0.038981,0.0,0.0,0.0,0.28036,0.095952,0.125937,0.161544,0.929535,6.0,0.375,0.375,0.311844,0.145427,0.047976,0.374813,0.169,0.375,0.104,0.0,0.0,3.744,5.999999,0.197901,0.4375,0.75,0.416667,0.089695,0.5,0.10687,1.0,0.0,0.336,0.094453,0.278861,0.037481,0.912699,1.653216,0.356391,0.162651,0.336918,0.247379,3.449198,4.0,0.375,0.13369,5.0,0.106952,2.0,0.449198,0.44385
58_master,13,13.0,300.0,110.492958,2.715105,2.139999,2.999999,0.0,0.053333,0.0,0.0,0.0,0.273333,0.256667,0.026667,0.175,1.0,4.0,0.375,0.5,0.366667,0.16,0.06,0.496667,0.20302,0.375,0.107383,0.0,0.0,1.986576,2.999999,0.076667,0.423913,0.75,0.347826,0.125,0.5,0.181818,1.0,0.0,0.053691,0.223333,0.24,0.053333,0.725632,1.589941,0.466443,0.333333,0.466443,0.466443,1.878048,2.999999,0.375,0.195122,4.0,0.0,1.0,0.097561,0.097561
58_remaster,13,13.4,341.0,117.253521,2.908228,2.348973,2.999999,0.0,0.155425,0.0,0.0,0.0,0.27566,0.16129,0.041056,0.177419,1.061584,6.0,0.375,0.5,0.322581,0.181818,0.087977,0.398827,0.201287,0.5,0.389706,0.0,0.0,2.044117,2.999999,0.331378,0.429204,0.75,0.495575,0.171875,0.5,0.214286,1.0,0.0,0.102941,0.123167,0.237537,0.108504,0.799355,1.707836,0.421829,0.275148,0.433333,0.424332,2.021276,2.999999,0.5,0.393617,5.0,0.159574,2.0,0.148936,0.106383
592_master,13+,13.9,498.0,112.457142,4.428354,4.317268,8.000004,0.0,0.036145,0.0,0.0,0.0,0.114458,0.100402,0.016064,0.209588,0.419679,5.0,0.375,0.5,0.455823,0.184739,0.092369,0.192771,0.216146,0.375,0.1875,0.0,0.0,2.614582,4.999997,0.25502,0.716535,1.0,0.787402,0.105159,0.25,0.095238,1.0,0.0,0.083333,0.078313,0.092369,0.03012,1.55151,1.622046,0.298387,0.10303,0.390313,0.33713,2.491227,4.999997,0.375,0.263158,5.0,0.263158,2.5,0.140351,0.140351
593_master,14,14.2,623.0,132.375,4.706327,3.576243,4.999997,0.0,0.134831,0.0,0.0,0.0,0.189406,0.105939,0.012841,0.208066,0.683788,6.0,0.5,0.5,0.4687,0.250401,0.107544,0.295345,0.17731,0.375,0.456522,0.0,0.0,3.190217,4.0,0.321027,0.6375,1.0,0.73,0.154523,0.5,0.180905,1.0,0.0,0.043478,0.105939,0.189406,0.107544,0.912099,1.553989,0.542673,0.412903,0.614662,0.562604,3.788135,4.299999,0.25,0.567797,5.0,0.118644,2.0,0.067797,0.067797
598_master,13+,13.7,600.0,118.453608,5.065274,3.543333,4.999997,0.0,0.02,0.0,0.0,0.0,0.201667,0.063333,0.043333,0.20125,0.72,6.0,0.375,0.5,0.451667,0.233333,0.093333,0.26,0.221955,0.4375,0.076923,0.0,0.0,3.237179,4.0,0.3,0.555556,1.0,0.616667,0.168994,0.5,0.234637,1.0,0.0,0.166667,0.058333,0.196667,0.016667,0.644254,1.379179,0.382943,0.137353,0.341564,0.426443,3.429752,4.0,0.5,0.082645,5.0,0.140496,2.0,0.214876,0.181818
602_master,13,13.4,604.0,136.833333,4.414129,3.324503,5.999999,0.0,0.013245,0.0,0.0,0.0,0.163907,0.125828,0.0,0.210472,0.607616,6.0,0.5,0.5,0.453642,0.216887,0.104305,0.289735,0.244286,0.5,0.045714,0.0,0.0,2.708571,4.0,0.324503,0.512755,0.875,0.576531,0.146154,0.5,0.210256,1.0,0.0,0.0,0.125828,0.163907,0.0,0.677788,1.389339,0.275748,0.069884,0.291188,0.28088,2.686868,4.0,0.5,0.0,5.0,0.181818,2.0,0.0,0.0
606_expert,13,13.3,427.0,142.8,2.990196,2.175643,2.999999,0.0,0.252927,0.0,0.0,0.0,0.309133,0.222482,0.002342,0.236241,1.007026,6.0,0.5,0.5,0.550351,0.362998,0.194379,0.494145,0.280806,0.5,0.511848,0.0,0.0,2.028435,2.999999,0.676815,0.539792,1.0,0.567474,0.179688,0.5,0.215278,1.0,0.0,0.004739,0.185012,0.271663,0.194379,0.623634,1.276291,0.256471,0.115566,0.256471,0.256471,2.030302,2.999999,0.5,0.628788,4.0,0.060606,1.0,0.007576,0.007576
606_master,14,14.0,620.0,142.8,4.341737,3.351612,4.0,0.0,0.033871,0.0,0.0,0.0,0.285484,0.106452,0.056452,0.144556,1.120968,7.0,0.375,0.38125,0.301613,0.132258,0.05,0.391935,0.173868,0.375,0.08642,0.0,0.0,2.884773,4.0,0.308065,0.407068,1.0,0.308901,0.060526,0.25,0.068421,1.0,0.0,0.144033,0.106452,0.285484,0.033871,0.843576,1.337722,0.359223,0.192869,0.374784,0.372414,2.903954,4.0,0.375,0.118644,5.0,0.333333,2.0,0.19774,0.19774
610_master,13+,13.8,619.0,127.378379,4.859537,3.641356,4.999997,0.0,0.029079,0.0,0.0,0.0,0.135703,0.116317,0.024233,0.182754,0.612278,7.0,0.375,0.5,0.332795,0.174475,0.07916,0.248788,0.142045,0.3375,0.116883,0.0,0.0,3.344155,4.999997,0.263328,0.565951,1.0,0.650307,0.266975,0.5,0.345679,1.0,0.0,0.097403,0.113086,0.132472,0.022617,0.871532,1.262093,0.332253,0.12987,0.335849,0.338843,3.369047,4.999997,0.375,0.166667,6.7,0.321429,2.0,0.178571,0.178571
612_master,13+,13.9,722.0,135.882353,5.31342,3.781162,5.999999,0.0,0.026316,0.0,0.0,0.0,0.15651,0.087258,0.040166,0.206371,0.612188,6.0,0.375,0.5,0.451524,0.239612,0.081717,0.224377,0.197531,0.375,0.117284,0.0,0.0,3.234567,4.999997,0.243767,0.589489,1.0,0.664773,0.192857,0.5,0.222857,1.0,0.0,0.179012,0.067867,0.137119,0.026316,0.878635,1.37598,0.327778,0.150209,0.397004,0.345029,3.504424,5.999999,0.375,0.168142,5.0,0.20354,1.9,0.256637,0.176991
613_master,13,13.3,556.0,125.108695,4.444136,3.06115,4.0,0.0,0.019784,0.0,0.0,0.0,0.104317,0.122302,0.032374,0.203687,0.431655,6.0,0.5,0.5,0.399281,0.217626,0.109712,0.226619,0.227183,0.5,0.087302,0.0,0.0,2.738094,4.0,0.239209,0.503759,1.0,0.496241,0.168561,0.5,0.19697,1.0,0.0,0.142857,0.122302,0.104317,0.017986,0.697701,1.524283,0.411552,0.206148,0.427746,0.431818,2.568965,4.0,0.5,0.172414,5.3,0.37931,2.0,0.310345,0.103448
614_master,13+,13.7,608.0,132.258064,4.597073,3.851973,5.999999,0.0,0.0,0.0,0.0,0.0,0.180921,0.036184,0.016447,0.195107,0.746711,6.0,0.5,0.5,0.370066,0.202303,0.113487,0.217105,0.232955,0.5,0.0,0.0,0.0,2.704545,4.0,0.332237,0.553218,1.0,0.50495,0.199005,0.5,0.338308,1.0,0.0,0.075758,0.036184,0.180921,0.0,0.788807,1.544129,0.325083,0.127273,0.356701,0.346831,2.672726,4.0,0.5,0.0,5.0,0.263636,2.0,0.090909,0.054545
615_master,13,13.2,280.0,87.910448,3.185059,2.528571,4.0,0.0,0.096429,0.0,0.0,0.0,0.35,0.078571,0.028571,0.226786,1.371429,6.0,0.5,0.5,0.521429,0.242857,0.15,0.385714,0.244213,0.5,0.25,0.0,0.0,2.287036,4.0,0.460714,0.651163,1.0,0.728682,0.177734,0.5,0.265625,1.0,0.0,0.074074,0.035714,0.307143,0.096429,0.872028,1.109012,0.442446,0.267148,0.442446,0.442446,2.357142,4.0,0.5,0.27551,5.0,0.204082,1.4,0.081633,0.020408
61_remaster,14,14.2,487.0,95.25,5.112861,3.50924,4.999997,0.0,0.13347,0.0,0.0,0.0,0.336756,0.117043,0.123203,0.165041,1.178645,6.0,0.375,0.5,0.301848,0.104723,0.059548,0.451745,0.178409,0.375,0.295455,0.0,0.0,3.218181,4.999997,0.330595,0.664596,1.0,0.813665,0.2,0.5,0.29375,1.0,0.0,0.272727,0.11499,0.334702,0.104723,0.706702,1.245097,0.426804,0.130165,0.416268,0.415677,3.04878,4.0,0.375,0.310976,4.0,0.079268,2.0,0.365854,0.353659
621_master,13,13.3,448.0,124.580153,3.596078,2.767856,4.0,0.0,0.082589,0.0,0.0,0.0,0.095982,0.310268,0.006696,0.218192,0.395089,6.0,0.5,0.5,0.444196,0.196429,0.122768,0.401786,0.222222,0.5,0.205556,0.0,0.0,2.533332,2.999999,0.341518,0.498366,1.0,0.601307,0.146382,0.5,0.217105,1.0,0.0,0.016667,0.305804,0.091518,0.008929,0.606402,1.326595,0.295964,0.146067,0.299539,0.300683,2.395348,2.999999,0.5,0.093023,6.0,0.186047,1.0,0.069767,0.069767
622_master,13,13.4,485.0,127.796053,3.795109,2.66804,4.0,0.0,0.061856,0.0,0.0,0.0,0.237113,0.140206,0.026804,0.199227,0.907216,6.0,0.375,0.5,0.449485,0.189691,0.084536,0.36701,0.20927,0.4125,0.168539,0.0,0.0,2.494381,2.999999,0.404124,0.591837,1.0,0.739796,0.184615,0.5,0.241026,1.0,0.0,0.073034,0.129897,0.226804,0.057732,0.501108,1.325354,0.273292,0.159751,0.271967,0.273292,2.565216,2.999999,0.5,0.243478,5.0,0.165217,1.0,0.113043,0.113043
624_master,13,13.4,517.0,134.79452,3.835467,2.920695,4.999997,0.0,0.052224,0.0,0.0,0.0,0.189555,0.280464,0.005803,0.183752,0.762089,6.0,0.375,0.5,0.40619,0.181818,0.071567,0.462282,0.20659,0.375,0.112971,0.0,0.0,2.560668,2.999999,0.181818,0.632979,1.0,0.776596,0.16129,0.5,0.204301,1.0,0.0,0.012552,0.272727,0.181818,0.030948,0.643555,1.304706,0.378641,0.192607,0.404711,0.405462,2.204081,2.999999,0.5,0.163265,5.0,0.255102,2.0,0.030612,0.020408
625_master,14,14.0,623.0,111.333333,5.595808,4.18459,5.999999,0.0,0.040128,0.0,0.0,0.0,0.136437,0.089888,0.025682,0.158507,0.441413,5.0,0.375,0.5,0.242376,0.102729,0.0626,0.210273,0.153626,0.375,0.19084,0.0,0.0,3.015266,4.999997,0.340289,0.441038,0.75,0.367925,0.103081,0.5,0.184834,1.0,0.0,0.122137,0.073836,0.120385,0.020867,0.890268,1.320732,0.339775,0.112903,0.344737,0.347611,3.141176,4.999997,0.375,0.152941,4.0,0.023529,1.0,0.188235,0.070588
626_master,13,13.5,573.0,134.697773,4.253968,3.411867,4.999997,0.0,0.073298,0.0,0.0,0.0,0.200698,0.045375,0.022688,0.191536,0.816754,7.0,0.375,0.5,0.38918,0.219895,0.089005,0.235602,0.198148,0.5,0.311111,0.0,0.0,2.718518,4.0,0.226876,0.701923,1.0,0.792308,0.199612,0.55,0.271318,1.0,0.0,0.096296,0.034904,0.190227,0.045375,1.194083,1.511439,0.37303,0.170175,0.382294,0.403409,2.826086,4.0,0.5,0.226087,6.0,0.295652,2.0,0.113043,0.104348
627_master,13,13.4,463.0,137.210527,3.374377,2.894168,4.0,0.0,0.025918,0.0,0.0,0.0,0.37149,0.097192,0.021598,0.218683,1.36933,6.0,0.5,0.5,0.453564,0.278618,0.140389,0.442765,0.282317,0.5,0.058537,0.0,0.0,2.570731,4.0,0.263499,0.459016,1.0,0.418033,0.150826,0.5,0.206612,1.0,0.0,0.04878,0.071274,0.345572,0.025918,0.77033,1.411589,0.336226,0.152174,0.337808,0.352273,2.651162,4.0,0.5,0.069767,5.0,0.133721,2.0,0.05814,0.023256
628_master,13+,13.7,543.0,141.473684,3.83817,3.265192,4.999997,0.0,0.081031,0.0,0.0,0.0,0.279926,0.154696,0.007366,0.226059,1.044199,6.0,0.5,0.5,0.506446,0.267035,0.160221,0.430939,0.239316,0.5,0.188034,0.0,0.0,2.435896,2.999999,0.375691,0.583333,1.0,0.715686,0.166256,0.5,0.256158,1.0,0.0,0.017094,0.151013,0.276243,0.071823,0.740411,1.810647,0.382625,0.222222,0.442982,0.42887,2.414473,2.999999,0.5,0.256579,5.0,0.177632,2.0,0.026316,0.019737
629_master,13,13.4,507.0,117.450981,4.316694,3.140039,4.0,0.0,0.061144,0.0,0.0,0.0,0.211045,0.078895,0.061144,0.163955,0.861933,7.0,0.375,0.375,0.315582,0.140039,0.033531,0.285996,0.213793,0.375,0.213793,0.0,0.0,2.793103,4.0,0.301775,0.583333,0.75,0.751634,0.144737,0.5,0.111842,1.0,0.0,0.213793,0.074951,0.207101,0.04142,0.637752,1.351299,0.469307,0.321429,0.469307,0.469307,2.859812,4.0,0.375,0.196262,5.0,0.17757,1.5,0.28972,0.28972
629_remaster,13+,13.7,612.0,117.450981,5.210684,3.691176,4.999997,0.0,0.04085,0.0,0.0,0.0,0.161765,0.063725,0.052288,0.194649,0.544118,5.0,0.375,0.5,0.447712,0.166667,0.071895,0.22549,0.21558,0.4125,0.181159,0.0,0.0,3.362318,4.999997,0.22549,0.586957,1.0,0.695652,0.20073,0.5,0.20438,1.0,0.0,0.231884,0.063725,0.161765,0.039216,0.737631,1.320241,0.501639,0.307061,0.491363,0.515152,3.323232,4.999997,0.375,0.242424,4.0,0.040404,1.0,0.323232,0.323232
62_remaster,13,13.1,272.0,93.177084,2.919173,2.481617,2.999999,0.0,0.069853,0.0,0.0,0.0,0.202206,0.121324,0.033088,0.224724,0.849265,6.0,0.5,0.5,0.477941,0.275735,0.176471,0.305147,0.224398,0.5,0.228916,0.0,0.0,2.337348,2.999999,0.485294,0.579545,1.0,0.75,0.230916,0.5,0.351145,1.0,0.0,0.108434,0.102941,0.183824,0.051471,0.921769,1.747053,0.444444,0.208178,0.458015,0.444444,2.290908,2.999999,0.5,0.254545,6.0,0.309091,3.0,0.163636,0.090909
630_master,13,13.4,469.0,118.222222,3.967105,3.349679,4.999997,0.0,0.076759,0.0,0.0,0.0,0.200426,0.089552,0.021322,0.239072,0.748401,6.0,0.5,0.5,0.522388,0.304904,0.136461,0.289979,0.274816,0.5,0.264706,0.0,0.0,2.485293,3.499999,0.307036,0.520833,1.0,0.527778,0.167832,0.5,0.237762,1.0,0.0,0.073529,0.089552,0.200426,0.076759,0.796069,1.682659,0.351178,0.171674,0.414062,0.381395,2.606382,4.0,0.5,0.382979,5.0,0.170213,2.0,0.106383,0.106383
631_master,13+,13.9,697.0,121.022728,5.759249,3.803442,5.999999,0.0,0.02439,0.0,0.0,0.0,0.142037,0.025825,0.001435,0.238522,0.522238,6.0,0.5,0.5,0.539455,0.276901,0.160689,0.167862,0.215812,0.5,0.145299,0.0,0.0,2.965811,4.0,0.318508,0.460586,1.0,0.382883,0.19457,0.5,0.325792,1.0,0.0,0.008547,0.025825,0.142037,0.021521,0.680317,1.285726,0.297842,0.102305,0.380567,0.310345,2.939393,3.599999,0.5,0.151515,4.0,0.020202,1.0,0.010101,0.010101
632_master,14,14.0,732.0,113.846153,6.42973,4.937158,8.000004,0.0,0.032787,0.0,0.0,0.0,0.098361,0.192623,0.036885,0.185792,0.377049,6.0,0.375,0.375,0.348361,0.137978,0.032787,0.284153,0.183293,0.375,0.115385,0.0,0.0,3.903845,4.999997,0.146175,0.595794,1.0,0.682243,0.275943,0.75,0.292453,1.0,0.0,0.129808,0.185792,0.09153,0.021858,1.267306,1.423901,0.363014,0.18107,0.425414,0.407654,4.027776,4.999997,0.375,0.222222,5.0,0.152778,2.0,0.375,0.375
636_master,13,13.3,413.0,109.565218,3.769444,2.699757,2.999999,0.0,0.077482,0.0,0.0,0.0,0.251816,0.225182,0.031477,0.294189,0.920097,6.0,0.5,0.75,0.636804,0.394673,0.268765,0.418886,0.307803,0.5,0.184971,0.0,0.0,2.601155,2.999999,0.443099,0.434426,0.75,0.442623,0.199176,0.5,0.318681,1.0,0.0,0.075145,0.16707,0.193705,0.05569,0.801893,1.03257,0.3309,0.14878,0.335802,0.3309,2.66346,2.999999,0.5,0.221154,4.0,0.019231,2.0,0.125,0.009615
640_master,13,13.3,379.0,99.318182,3.816018,2.965698,4.999997,0.0,0.116095,0.0,0.0,0.0,0.168865,0.113456,0.002639,0.162599,0.656992,7.0,0.375,0.5,0.282322,0.118734,0.068602,0.282322,0.161215,0.375,0.411215,0.0,0.0,2.42056,2.999999,0.403694,0.527778,0.95,0.594771,0.208882,0.5,0.302632,1.0,0.0,0.009346,0.113456,0.168865,0.094987,0.711476,1.465012,0.413793,0.329787,0.373178,0.413793,2.453124,2.999999,0.375,0.5625,4.0,0.078125,2.0,0.015625,0.015625
641_master,14,14.2,855.0,128.4,6.658879,4.919298,7.000004,0.0,0.024561,0.0,0.0,0.0,0.134503,0.052632,0.018713,0.184795,0.484211,5.0,0.375,0.5,0.315789,0.194152,0.066667,0.187135,0.185938,0.375,0.13125,0.0,0.0,3.987499,5.999999,0.20117,0.6875,1.0,0.773256,0.197368,0.5,0.274854,1.0,0.0,0.1,0.052632,0.134503,0.019883,1.023891,1.359356,0.298945,0.126761,0.317181,0.44697,3.930434,5.999999,0.375,0.147826,4.0,0.069565,1.0,0.13913,0.13913
642_master,14,14.0,565.0,128.432432,4.3992,3.929203,6.600002,0.0,0.056637,0.0,0.0,0.0,0.210619,0.127434,0.019469,0.218584,0.80177,6.0,0.5,0.5,0.440708,0.256637,0.166372,0.330973,0.239305,0.5,0.171123,0.0,0.0,3.165775,4.0,0.311504,0.633523,1.0,0.6875,0.155714,0.5,0.234286,1.0,0.0,0.058824,0.120354,0.20354,0.038938,0.993231,1.498378,0.388988,0.199288,0.436009,0.417143,3.268907,4.999997,0.5,0.184874,5.0,0.151261,2.0,0.092437,0.067227
643_expert,13,13.0,398.0,122.1,3.259623,2.829145,4.0,0.0,0.052764,0.0,0.0,0.0,0.263819,0.09799,0.007538,0.211683,1.012563,6.0,0.4125,0.5,0.449749,0.21608,0.100503,0.354271,0.207447,0.375,0.148936,0.0,0.0,2.241134,4.0,0.346734,0.612319,1.0,0.623188,0.184307,0.5,0.291971,1.0,0.0,0.021277,0.090452,0.256281,0.050251,0.847223,1.506139,0.348485,0.15443,0.367568,0.377049,2.247618,4.0,0.375,0.190476,4.6,0.104762,1.0,0.028571,0.028571
643_master,14+,14.8,645.0,122.4,5.269608,4.869768,7.000004,0.0,0.125581,0.0,0.0,0.0,0.203101,0.100775,0.03876,0.205039,0.703876,7.0,0.5,0.5,0.395349,0.255814,0.106977,0.28062,0.145028,0.375,0.447514,0.0,0.0,3.110497,7.000004,0.324031,0.633971,1.0,0.760766,0.223558,0.5,0.259615,1.0,0.0,0.138122,0.077519,0.179845,0.113178,1.170428,1.577305,0.214619,0.084112,0.330484,0.374269,2.786259,4.0,0.375,0.557252,5.0,0.167939,2.0,0.19084,0.145038
648_master,13,13.3,495.0,139.034483,3.560268,2.761615,4.599998,0.0,0.084848,0.0,0.0,0.0,0.214141,0.208081,0.012121,0.22803,0.880808,6.0,0.5,0.5,0.527273,0.254545,0.113131,0.408081,0.238243,0.5,0.207921,0.0,0.0,2.361385,2.999999,0.353535,0.558571,1.0,0.531429,0.185345,0.5,0.293103,1.0,0.0,0.029703,0.193939,0.2,0.072727,0.769435,1.799952,0.269777,0.058943,0.293598,0.277662,2.150942,2.999999,0.5,0.339623,5.0,0.207547,2.0,0.056604,0.056604
649_master,13+,13.7,592.0,140.855263,4.202896,3.320945,4.999997,0.0,0.025338,0.0,0.0,0.0,0.168919,0.128378,0.025338,0.226985,0.741554,7.0,0.5,0.5,0.486486,0.258446,0.130068,0.295608,0.221429,0.5,0.085714,0.0,0.0,2.645713,4.0,0.246622,0.563356,1.0,0.719178,0.217241,0.5,0.275862,1.0,0.0,0.085714,0.126689,0.16723,0.016892,0.746569,1.86716,0.420339,0.220713,0.470135,0.441281,2.469999,4.0,0.5,0.1,6.0,0.51,3.0,0.15,0.13
654_master,13,13.4,306.0,104.142857,2.938272,3.496731,4.999997,0.0,0.022876,0.0,0.0,0.0,0.215686,0.248366,0.019608,0.232435,0.836601,6.0,0.5,0.75,0.437908,0.228758,0.150327,0.457516,0.242857,0.5,0.05,0.0,0.0,2.471428,4.1,0.343137,0.428571,0.75,0.438095,0.137019,0.5,0.182692,1.0,0.0,0.042857,0.24183,0.20915,0.01634,1.049951,1.821277,0.233553,0.085809,0.319635,0.268939,2.181817,2.999999,0.75,0.075758,5.0,0.181818,2.0,0.090909,0.075758
657_master,13+,13.7,480.0,108.888889,4.408163,2.866666,4.0,0.0,0.002083,0.0,0.0,0.0,0.26875,0.029167,0.016667,0.198177,0.977083,6.0,0.375,0.5,0.43125,0.214583,0.075,0.2875,0.259964,0.5,0.007246,0.0,0.0,2.376811,2.999999,0.185417,0.615169,1.0,0.629213,0.15625,0.5,0.238636,1.0,0.0,0.057971,0.01875,0.258333,0.002083,0.657533,1.014359,0.399582,0.203354,0.399582,0.399582,2.356588,2.999999,0.5,0.007752,5.0,0.193798,2.0,0.062016,0.046512
658_expert,13,13.2,409.0,123.666667,3.307278,2.425427,2.999999,0.0,0.080685,0.0,0.0,0.0,0.119804,0.080685,0.0,0.202323,0.430318,6.0,0.5,0.5,0.462103,0.239609,0.158924,0.200489,0.20122,0.5,0.402439,0.0,0.0,2.231706,2.999999,0.589242,0.425311,0.75,0.356846,0.145833,0.5,0.254167,1.0,0.0,0.0,0.080685,0.119804,0.041565,0.817588,1.508353,0.452088,0.261084,0.445293,0.452088,2.10204,2.999999,0.5,0.346939,5.0,0.183673,2.0,0.0,0.0
658_master,14,14.0,641.0,127.666667,5.020888,4.095163,7.000004,0.0,0.021841,0.0,0.0,0.0,0.140406,0.159126,0.026521,0.188963,0.631825,7.0,0.5,0.5,0.391576,0.25273,0.135725,0.294852,0.179894,0.375,0.074074,0.0,0.0,3.878306,7.000004,0.277691,0.566011,1.0,0.629213,0.155367,0.5,0.214689,1.0,0.0,0.089947,0.154446,0.135725,0.0078,0.883742,1.598175,0.2723,0.125392,0.365471,0.286184,2.288888,2.999999,0.2625,0.055556,6.0,0.388889,2.0,0.188889,0.188889
659_master,13+,13.7,448.0,101.189189,4.42735,3.453124,4.0,0.0,0.051339,0.0,0.0,0.0,0.256696,0.111607,0.035714,0.201172,0.899554,6.0,0.4125,0.5,0.408482,0.212054,0.100446,0.368304,0.226515,0.5,0.139394,0.0,0.0,2.951515,4.0,0.401786,0.45,0.75,0.461111,0.175978,0.5,0.256983,1.0,0.0,0.09697,0.111607,0.256696,0.042411,0.651657,1.262485,0.224215,0.060674,0.219277,0.233645,2.695652,4.0,0.5,0.165217,4.6,0.104348,2.0,0.13913,0.130435
663_master,13,13.4,459.0,124.80663,3.677689,3.298474,5.999999,0.0,0.023965,0.0,0.0,0.0,0.235294,0.054466,0.013072,0.235294,0.941176,7.0,0.5,0.625,0.51634,0.250545,0.16122,0.28976,0.219925,0.475,0.082707,0.0,0.0,2.293232,4.0,0.392157,0.509722,1.0,0.466667,0.209497,0.5,0.335196,1.0,0.0,0.045113,0.054466,0.235294,0.023965,0.806756,1.821478,0.424508,0.179825,0.411111,0.459716,2.185184,2.999999,0.375,0.101852,5.0,0.305556,2.0,0.055556,0.055556
664_expert,13,13.1,399.0,115.2,3.463542,2.443608,4.0,0.0,0.122807,0.0,0.0,0.0,0.243108,0.253133,0.035088,0.202694,0.864662,6.0,0.5,0.5,0.496241,0.290727,0.112782,0.45614,0.190934,0.375,0.269231,0.0,0.0,2.236263,2.999999,0.503759,0.507463,1.0,0.532338,0.23125,0.75,0.31,1.0,0.0,0.076923,0.213033,0.203008,0.112782,0.571796,1.182078,0.279597,0.088384,0.279597,0.281726,2.061855,2.999999,0.5,0.463918,5.0,0.278351,2.0,0.14433,0.14433
664_master,14,14.4,573.0,116.3,4.926913,3.630017,4.999997,0.0,0.115183,0.0,0.0,0.0,0.235602,0.207679,0.013962,0.1863,0.806283,6.0,0.375,0.5,0.385689,0.181501,0.078534,0.4363,0.2195,0.5,0.264,0.0,0.0,2.935999,4.0,0.340314,0.529487,1.0,0.574359,0.180412,0.5,0.247423,1.0,0.0,0.032,0.200698,0.228621,0.034904,0.639402,1.351322,0.25394,0.098246,0.273973,0.273423,3.185185,4.0,0.5,0.148148,4.0,0.066667,2.0,0.059259,0.02963
665_master,13,13.4,507.0,120.342857,4.212963,2.755423,4.0,0.0,0.051282,0.0,0.0,0.0,0.185404,0.143984,0.057199,0.186391,0.850099,6.0,0.375,0.5,0.351085,0.187377,0.09073,0.327416,0.210843,0.5,0.156627,0.0,0.0,2.584337,4.0,0.343195,0.557471,1.0,0.522989,0.140173,0.5,0.208092,1.0,0.0,0.174699,0.142012,0.183432,0.035503,0.762726,1.298075,0.477228,0.212302,0.482759,0.477228,2.787234,4.0,0.375,0.191489,6.0,0.468085,2.0,0.308511,0.308511
666_master,13+,13.9,426.0,118.758621,3.587108,3.143192,4.999997,0.0,0.061033,0.0,0.0,0.0,0.230047,0.169014,0.032864,0.189554,0.892019,6.0,0.5,0.5,0.314554,0.185446,0.112676,0.399061,0.189706,0.375,0.152941,0.0,0.0,2.505881,2.999999,0.342723,0.635274,1.0,0.705479,0.167241,0.5,0.172414,1.0,0.0,0.082353,0.169014,0.230047,0.053991,1.003451,1.603941,0.316038,0.130024,0.348901,0.351706,2.37755,2.999999,0.375,0.234694,5.0,0.163265,2.0,0.142857,0.112245
66_master,13,13.0,357.0,95.08772,3.754428,2.392156,2.999999,0.0,0.0,0.0,0.0,0.0,0.092437,0.0,0.036415,0.203431,0.291317,4.0,0.5,0.5,0.389356,0.218487,0.156863,0.092437,0.204545,0.475,0.0,0.0,0.0,1.60606,2.799999,0.243697,0.494253,1.0,0.436782,0.139535,0.5,0.197674,1.0,0.0,0.393939,0.0,0.092437,0.0,0.557881,1.378654,0.422535,0.172316,0.422535,0.422535,1.60606,2.799999,0.475,0.0,4.0,0.0,0.9,0.393939,0.393939
66_remaster,13,13.3,452.0,95.263158,4.744751,3.015486,4.999997,0.0,0.019912,0.0,0.0,0.0,0.210177,0.163717,0.059735,0.204646,0.818584,6.0,0.375,0.5,0.526549,0.152655,0.053097,0.360619,0.220859,0.375,0.055215,0.0,0.0,2.613496,2.999999,0.185841,0.732143,1.0,0.797619,0.216867,0.5,0.26506,1.0,0.0,0.165644,0.150442,0.196903,0.019912,0.544366,1.38545,0.393333,0.178174,0.420103,0.393333,2.76842,2.999999,0.45,0.094737,5.0,0.126316,2.0,0.284211,0.084211
670_master,13+,13.6,549.0,135.357143,4.055937,2.947176,4.0,0.0,0.065574,0.0,0.0,0.0,0.227687,0.054645,0.007286,0.284608,0.737705,6.0,0.5,0.625,0.613843,0.43898,0.218579,0.282332,0.269355,0.5,0.232258,0.0,0.0,2.916128,2.999999,0.448087,0.463415,0.75,0.447154,0.177551,0.5,0.261224,1.0,0.0,0.025806,0.054645,0.227687,0.041894,0.568314,0.940677,0.276051,0.106227,0.276051,0.276051,2.903999,2.999999,0.5,0.184,4.0,0.024,2.0,0.032,0.032
672_master,13+,13.8,449.0,115.2,3.897569,3.378618,5.999999,0.0,0.080178,0.0,0.0,0.0,0.25167,0.180401,0.082405,0.165089,1.100223,7.0,0.375,0.5,0.302895,0.167038,0.057906,0.407572,0.183743,0.375,0.196721,0.0,0.0,2.775956,5.799999,0.231626,0.579327,1.0,0.75,0.184466,0.5,0.184466,1.0,0.0,0.202186,0.155902,0.227171,0.055679,0.829399,1.958342,0.286353,0.116592,0.315942,0.338667,3.168141,7.000004,0.375,0.221239,6.0,0.380531,3.0,0.327434,0.309735
673_master,13,13.5,479.0,127.578087,3.754563,2.933194,4.999997,0.0,0.112735,0.0,0.0,0.0,0.306889,0.104384,0.031315,0.174843,1.217119,7.0,0.375,0.5,0.336117,0.179541,0.068894,0.407098,0.19359,0.375,0.276923,0.0,0.0,2.374358,4.0,0.354906,0.560294,1.0,0.705882,0.153846,0.5,0.177515,1.0,0.0,0.076923,0.100209,0.302714,0.110647,0.874447,1.716476,0.301887,0.121849,0.310345,0.321429,2.448979,4.0,0.5,0.360544,6.0,0.190476,2.0,0.102041,0.102041
674_master,13,13.3,367.0,119.897959,3.060936,2.12534,2.999999,0.0,0.133515,0.0,0.0,0.0,0.258856,0.076294,0.073569,0.163488,1.119891,6.0,0.375,0.375,0.356948,0.103542,0.029973,0.310627,0.163377,0.3375,0.429825,0.0,0.0,1.921052,1.999999,0.411444,0.660596,1.0,0.774834,0.163333,0.5,0.186667,1.0,0.0,0.236842,0.051771,0.234332,0.13079,0.662731,1.261708,0.353425,0.236264,0.353425,0.353425,1.936841,1.999999,0.25,0.505263,6.0,0.284211,1.0,0.284211,0.252632
678_master,13,13.3,338.0,86.530612,3.906132,2.677514,4.0,0.0,0.050296,0.0,0.0,0.0,0.215976,0.139053,0.04142,0.197855,0.819527,6.0,0.5,0.5,0.378698,0.227811,0.109467,0.33432,0.20354,0.5,0.150442,0.0,0.0,2.433627,2.999999,0.357988,0.652893,1.0,0.768595,0.227083,0.5,0.266667,1.0,0.0,0.123894,0.118343,0.195266,0.035503,0.597382,1.613791,0.321429,0.155224,0.330189,0.343949,2.452054,2.999999,0.5,0.164384,5.0,0.164384,1.0,0.191781,0.136986
680_master,13+,13.8,531.0,121.909357,4.355695,2.892655,4.0,0.0,0.020716,0.0,0.0,0.0,0.156309,0.126177,0.018832,0.166431,0.704331,6.0,0.375,0.375,0.323917,0.146893,0.047081,0.278719,0.190034,0.375,0.074324,0.0,0.0,2.472972,2.999999,0.244821,0.569231,1.0,0.723077,0.176357,0.5,0.232558,1.0,0.0,0.067568,0.122411,0.152542,0.013183,0.826668,1.483402,0.451796,0.289773,0.458498,0.455238,2.373493,2.999999,0.375,0.084337,6.0,0.39759,2.0,0.120482,0.108434
681_master,13,13.5,503.0,131.015625,3.839237,3.188866,4.999997,0.0,0.067594,0.0,0.0,0.0,0.137177,0.129225,0.013917,0.154821,0.479125,5.0,0.375,0.375,0.230616,0.117296,0.035785,0.256461,0.171512,0.375,0.263566,0.0,0.0,2.860464,4.0,0.258449,0.451923,0.75,0.646154,0.133721,0.25,0.093023,1.0,0.0,0.054264,0.119284,0.127237,0.039761,0.916,1.664345,0.383234,0.288,0.386364,0.392484,2.782608,4.0,0.25,0.289855,4.0,0.043478,1.0,0.101449,0.086957
682_master,13+,13.8,662.0,131.85,5.020857,3.430513,4.999997,0.0,0.034743,0.0,0.0,0.0,0.23565,0.125378,0.028701,0.183912,0.901813,6.0,0.375,0.5,0.376133,0.206949,0.058912,0.359517,0.184349,0.375,0.096639,0.0,0.0,3.386554,4.0,0.20997,0.658273,1.0,0.719424,0.211957,0.5,0.253623,1.0,0.0,0.079832,0.123867,0.234139,0.033233,0.785979,1.169949,0.377273,0.179059,0.397671,0.434555,3.339743,4.0,0.375,0.141026,5.0,0.179487,2.0,0.121795,0.115385
683_master,13,13.0,258.0,110.869565,2.327059,3.16279,4.999997,0.0,0.085271,0.0,0.0,0.0,0.213178,0.228682,0.054264,0.240795,0.755814,7.0,0.5,0.5,0.585271,0.306202,0.213178,0.430233,0.300676,0.5,0.198198,0.0,0.0,1.594594,1.999999,0.585271,0.615894,0.75,0.728477,0.056667,0.25,0.08,1.0,0.0,0.126126,0.217054,0.20155,0.054264,0.836658,1.57505,0.355469,0.176471,0.430622,0.435407,1.345454,1.999999,0.5,0.254545,5.0,0.163636,2.0,0.254545,0.018182
684_master,14,14.0,693.0,130.666666,5.303571,4.307359,7.000004,0.0,0.023088,0.0,0.0,0.0,0.200577,0.025974,0.050505,0.187951,0.82684,7.0,0.375,0.375,0.395382,0.271284,0.023088,0.223665,0.207258,0.375,0.103226,0.0,0.0,3.232258,7.000004,0.125541,0.520115,0.75,0.770115,0.136628,0.5,0.151163,1.0,0.0,0.225806,0.023088,0.197691,0.018759,1.363193,1.37966,0.247467,0.12029,0.353075,0.259878,3.215827,7.000004,0.375,0.093525,6.0,0.366906,3.0,0.251799,0.23741
687_master,13,13.2,416.0,125.217391,3.322222,2.733172,4.0,0.0,0.127404,0.0,0.0,0.0,0.329327,0.194712,0.012019,0.171575,1.197115,6.0,0.375,0.5,0.317308,0.110577,0.064904,0.473558,0.204949,0.375,0.269036,0.0,0.0,2.51269,4.0,0.269231,0.669643,1.0,0.866071,0.171171,0.5,0.198198,1.0,0.0,0.025381,0.144231,0.278846,0.115385,0.820893,1.15374,0.461353,0.138015,0.458537,0.461353,2.510948,4.0,0.5,0.350365,5.0,0.182482,2.0,0.036496,0.014599
688_expert,13,13.0,396.0,126.272727,3.136069,2.679292,4.0,0.0,0.040404,0.0,0.0,0.0,0.181818,0.191919,0.012626,0.210227,0.742424,6.0,0.5,0.5,0.39899,0.252525,0.121212,0.330808,0.23187,0.5,0.122137,0.0,0.0,2.167938,4.0,0.282828,0.53125,1.0,0.571429,0.281532,0.75,0.369369,1.0,0.0,0.038168,0.14899,0.138889,0.040404,1.171286,1.656984,0.479695,0.249364,0.487535,0.510811,2.36111,4.0,0.4875,0.222222,5.0,0.319444,2.0,0.069444,0.069444
688_master,14,14.1,562.0,126.477273,4.443486,3.706405,7.000004,0.0,0.048043,0.0,0.0,0.0,0.263345,0.040925,0.060498,0.167037,1.017794,6.0,0.375,0.5,0.314947,0.140569,0.05694,0.295374,0.170934,0.375,0.162651,0.0,0.0,3.186747,5.499998,0.22242,0.612,1.0,0.656,0.157258,0.5,0.233871,1.0,0.0,0.204819,0.032028,0.254448,0.044484,1.373894,1.612703,0.460821,0.26742,0.531863,0.603912,3.337837,5.999999,0.375,0.168919,5.0,0.202703,2.0,0.22973,0.047297
689_expert,13,13.3,344.0,95.865922,3.588345,2.985464,4.0,0.0,0.0,0.0,0.0,0.0,0.005814,0.313953,0.002907,0.134448,0.023256,4.0,0.25,0.375,0.22093,0.084302,0.014535,0.319767,0.135227,0.25,0.0,0.0,0.0,1.699999,1.999999,0.002907,0.25,0.25,0.0,0.0,0.0,0.0,1.0,0.0,0.009091,0.313953,0.005814,0.0,2.199833,1.40831,0.44152,0.384164,0.453125,0.44152,3.0,3.8,0.35,0.0,4.0,0.0,0.0,0.5,0.5
689_master,14+,14.6,658.0,95.865922,6.863753,4.320668,6.3,0.0,0.007599,0.0,0.0,0.0,0.06079,0.253799,0.007599,0.162614,0.224924,6.0,0.375,0.375,0.361702,0.156535,0.024316,0.306991,0.174505,0.375,0.024752,0.0,0.0,4.326732,8.9,0.06079,0.65625,0.75,0.9,0.141026,0.25,0.051282,1.0,0.0,0.024752,0.246201,0.053191,0.006079,0.818995,1.546937,0.34816,0.173846,0.428571,0.382155,2.999999,4.0,0.375,0.1,5.0,0.175,2.2,0.125,0.0
690_master,13,13.3,416.0,142.578947,2.917682,2.225961,2.999999,0.0,0.122596,0.0,0.0,0.0,0.483173,0.069712,0.0,0.217548,1.728365,7.0,0.5,0.53125,0.411058,0.288462,0.213942,0.548077,0.190241,0.5,0.223684,0.0,0.0,2.013157,2.999999,0.427885,0.439607,0.75,0.410112,0.14548,0.5,0.20904,1.0,0.0,0.0,0.064904,0.478365,0.122596,0.578764,1.122977,0.26087,0.162228,0.261614,0.265356,2.014925,2.999999,0.5,0.253731,5.0,0.149254,2.0,0.0,0.0
692_master,13,13.4,438.0,126.634616,3.45877,2.399543,4.0,0.0,0.091324,0.0,0.0,0.0,0.283105,0.196347,0.079909,0.174372,1.047945,4.0,0.375,0.375,0.458904,0.159817,0.018265,0.410959,0.204167,0.375,0.222222,0.0,0.0,1.949999,2.999999,0.253425,0.452703,0.75,0.657658,0.125,0.25,0.090909,1.0,0.0,0.194444,0.127854,0.214612,0.091324,0.550176,1.03256,0.229358,0.105747,0.232227,0.229358,1.98387,2.999999,0.375,0.322581,4.0,0.0,0.0,0.282258,0.040323
693_master,13,13.1,446.0,121.235294,3.678797,2.553811,2.999999,0.0,0.069507,0.0,0.0,0.0,0.183857,0.147982,0.022422,0.183576,0.688341,7.0,0.375,0.5,0.365471,0.183857,0.087444,0.313901,0.20625,0.5,0.221429,0.0,0.0,2.357142,2.999999,0.403587,0.505556,0.75,0.7,0.124302,0.5,0.122905,1.0,0.0,0.071429,0.130045,0.165919,0.044843,0.763275,1.337365,0.351351,0.171558,0.354167,0.351351,2.487804,2.999999,0.375,0.243902,6.0,0.195122,3.0,0.121951,0.04878
694_master,13,13.4,420.0,138.0,3.043478,2.57619,2.999999,0.0,0.159524,0.0,0.0,0.0,0.411905,0.154762,0.040476,0.172917,1.442857,6.0,0.375,0.5,0.340476,0.171429,0.088095,0.566667,0.168592,0.375,0.281513,0.0,0.0,2.067226,2.999999,0.409524,0.486919,1.0,0.412791,0.163743,0.5,0.239766,1.0,0.0,0.071429,0.154762,0.411905,0.152381,0.535936,1.229208,0.232057,0.033573,0.24282,0.243108,2.034681,1.999999,0.375,0.369942,5.0,0.132948,2.0,0.098266,0.098266
695_master,13,13.1,448.0,119.68421,3.743184,2.767856,4.0,0.0,0.098214,0.0,0.0,0.0,0.227679,0.064732,0.040179,0.143415,0.953125,7.0,0.375,0.5,0.279018,0.136161,0.066964,0.287946,0.156008,0.375,0.341085,0.0,0.0,2.612402,4.0,0.410714,0.535326,1.0,0.652174,0.230874,0.5,0.229508,1.0,0.0,0.139535,0.060268,0.223214,0.087054,0.591767,1.110603,0.307175,0.119101,0.309091,0.312785,2.745097,4.0,0.375,0.382353,5.9,0.343137,1.0,0.176471,0.176471
696_master,13,13.4,510.0,137.215909,3.71677,2.513725,4.0,0.0,0.054902,0.0,0.0,0.0,0.27451,0.129412,0.041176,0.17598,1.033333,6.0,0.375,0.5,0.339216,0.172549,0.084314,0.380392,0.154639,0.5,0.14433,0.0,0.0,2.154638,2.999999,0.282353,0.640625,1.0,0.652778,0.173077,0.5,0.265734,1.0,0.0,0.108247,0.105882,0.25098,0.035294,0.665996,1.496362,0.490157,0.252465,0.504065,0.515528,2.142856,2.999999,0.5,0.128571,5.0,0.214286,2.0,0.15,0.128571
700_master,13+,13.7,670.0,127.076924,5.272397,3.920895,7.000004,0.0,0.013433,0.0,0.0,0.0,0.146269,0.083582,0.004478,0.172388,0.540299,6.0,0.375,0.5,0.304478,0.146269,0.067164,0.229851,0.189123,0.5,0.058442,0.0,0.0,2.915584,4.0,0.173134,0.592672,1.0,0.706897,0.21087,0.5,0.26087,1.0,0.0,0.019481,0.083582,0.146269,0.01194,0.6201,1.237524,0.282934,0.094453,0.282869,0.350844,2.887754,4.0,0.5,0.081633,5.0,0.163265,2.0,0.030612,0.030612
701_master,13+,13.8,638.0,138.695652,4.6,2.880877,4.0,0.0,0.029781,0.0,0.0,0.0,0.178683,0.083072,0.010972,0.205721,0.65047,6.0,0.5,0.5,0.459248,0.252351,0.111285,0.261755,0.244012,0.5,0.113772,0.0,0.0,2.371257,2.999999,0.224138,0.52972,0.75,0.657343,0.242958,0.5,0.330986,1.0,0.0,0.041916,0.083072,0.178683,0.023511,0.634773,1.258566,0.393082,0.251969,0.402337,0.393082,2.333332,2.999999,0.5,0.131579,5.0,0.131579,1.0,0.061404,0.052632
704_master,13,13.3,428.0,128.450704,3.332018,2.88785,4.999997,0.0,0.228972,0.0,0.0,0.0,0.317757,0.028037,0.009346,0.211741,1.133178,6.0,0.5,0.5,0.406542,0.233645,0.140187,0.338785,0.258621,0.5,0.675862,0.0,0.0,2.186206,2.999999,0.570093,0.571721,0.75,0.786885,0.25,0.5,0.263374,1.0,0.0,0.027586,0.021028,0.310748,0.226636,0.609502,1.535209,0.284038,0.131765,0.306283,0.318421,2.169117,2.999999,0.5,0.713235,4.0,0.051471,2.0,0.029412,0.029412
704_remaster,13,13.4,501.0,128.028169,3.913201,3.133732,4.999997,0.0,0.071856,0.0,0.0,0.0,0.155689,0.181637,0.031936,0.186377,0.596806,7.0,0.375,0.5,0.359281,0.131737,0.071856,0.319361,0.203125,0.375,0.225,0.0,0.0,2.387499,2.999999,0.295409,0.510135,0.825,0.641892,0.180272,0.5,0.22449,1.0,0.0,0.1,0.163673,0.137725,0.041916,0.899576,1.77426,0.392786,0.216867,0.426966,0.444444,2.499999,2.999999,0.375,0.269231,5.0,0.115385,2.0,0.205128,0.166667
705_master,13+,13.9,598.0,126.0,4.746032,3.434782,5.999999,0.0,0.08194,0.0,0.0,0.0,0.19398,0.272575,0.080268,0.197115,0.704013,6.0,0.375,0.5,0.35786,0.188963,0.086957,0.448161,0.191231,0.375,0.182836,0.0,0.0,3.08582,4.0,0.277592,0.578313,1.0,0.668675,0.178788,0.5,0.242424,1.0,0.0,0.179104,0.254181,0.175585,0.053512,0.796408,1.500502,0.402685,0.147899,0.435798,0.451128,2.931034,4.0,0.25,0.275862,4.0,0.060345,1.0,0.413793,0.327586
709_master,13,13.3,491.0,121.230769,4.050127,3.028512,4.0,0.0,0.077393,0.0,0.0,0.0,0.305499,0.077393,0.026477,0.193483,1.052953,5.0,0.375,0.5,0.429735,0.246436,0.081466,0.358452,0.200994,0.375,0.215909,0.0,0.0,3.085227,4.0,0.181263,0.598315,1.0,0.674157,0.255682,0.5,0.386364,1.0,0.0,0.073864,0.052953,0.281059,0.0611,0.81411,0.993325,0.466258,0.221311,0.465979,0.4625,3.046666,4.0,0.375,0.2,4.0,0.04,1.0,0.086667,0.0
70_master,14,14.4,545.0,91.0125,5.988188,3.965137,5.999999,0.0,0.018349,0.0,0.0,0.0,0.07156,0.157798,0.009174,0.175,0.255046,4.0,0.375,0.5,0.337615,0.201835,0.06789,0.229358,0.138,0.375,0.08,0.0,0.0,3.544,4.0,0.121101,0.587121,1.0,0.590909,0.192308,0.5,0.246154,1.0,0.0,0.04,0.157798,0.07156,0.005505,0.818792,1.420026,0.228361,0.162362,0.243182,0.213307,2.846153,5.999999,0.125,0.076923,4.0,0.0,1.0,0.128205,0.051282
70_remaster,14,14.2,476.0,91.1625,5.221445,4.268907,8.000004,0.0,0.021008,0.0,0.0,0.0,0.193277,0.302521,0.012605,0.176733,0.722689,6.0,0.375,0.5,0.338235,0.170168,0.092437,0.495798,0.166843,0.375,0.042373,0.0,0.0,4.724575,11.999995,0.287815,0.562044,1.0,0.50365,0.117647,0.5,0.169118,1.0,0.0,0.025424,0.302521,0.193277,0.0,0.894891,1.656761,0.276371,0.158562,0.250653,0.266319,2.880434,4.0,0.5,0.0,5.9,0.228261,2.0,0.065217,0.065217
710_master,13+,13.7,385.0,86.7,4.4406,3.093506,4.999997,0.0,0.05974,0.0,0.0,0.0,0.27013,0.106494,0.018182,0.166558,1.080519,6.0,0.375,0.375,0.335065,0.184416,0.041558,0.374026,0.167535,0.375,0.159722,0.0,0.0,2.624999,2.999999,0.324675,0.642,1.0,0.744,0.185484,0.675,0.225806,1.0,0.0,0.048611,0.103896,0.267532,0.05974,0.559131,1.20932,0.449086,0.277487,0.473837,0.510386,2.66346,2.999999,0.375,0.221154,5.0,0.115385,2.0,0.067308,0.038462
711_master,13+,13.8,714.0,139.392265,5.122235,3.921568,5.999999,0.0,0.042017,0.0,0.0,0.0,0.14986,0.098039,0.004202,0.227591,0.547619,5.0,0.5,0.5,0.492997,0.329132,0.138655,0.247899,0.213277,0.5,0.169492,0.0,0.0,3.322033,4.0,0.32493,0.538793,1.0,0.534483,0.282468,0.75,0.419913,1.0,0.0,0.016949,0.098039,0.14986,0.033613,0.76481,1.688751,0.286517,0.116737,0.290203,0.296081,3.439252,4.0,0.5,0.224299,4.0,0.037383,1.0,0.028037,0.028037
717_master,13,13.2,337.0,86.722689,3.88595,2.394658,2.999999,0.0,0.050445,0.0,0.0,0.0,0.264095,0.050445,0.035608,0.158383,1.014837,7.0,0.375,0.5,0.311573,0.127596,0.059347,0.31454,0.183962,0.5,0.160377,0.0,0.0,2.283018,2.999999,0.278932,0.62766,1.0,0.659574,0.263441,0.75,0.354839,1.0,0.0,0.113208,0.050445,0.264095,0.026706,0.683035,1.093411,0.468657,0.239521,0.468657,0.468657,2.30337,2.999999,0.5,0.101124,5.0,0.292135,2.0,0.134831,0.134831
719_master,14,14.3,833.0,135.175098,6.162378,4.672268,8.000004,0.0,0.038415,0.0,0.0,0.0,0.17527,0.057623,0.016807,0.171969,0.637455,6.0,0.375,0.5,0.296519,0.189676,0.062425,0.229292,0.206152,0.5,0.167539,0.0,0.0,3.513088,4.999997,0.162065,0.775926,1.0,0.822222,0.156716,0.75,0.171642,1.0,0.0,0.073298,0.054022,0.171669,0.030012,0.954238,1.461766,0.23225,0.104819,0.339506,0.315359,3.575341,4.999997,0.4375,0.171233,5.0,0.109589,1.0,0.09589,0.075342
71_remaster,13,13.3,383.0,98.926829,3.871548,2.720626,4.0,0.0,0.05483,0.0,0.0,0.0,0.29765,0.088773,0.002611,0.186358,1.159269,5.0,0.375,0.5,0.415144,0.21671,0.065274,0.381201,0.184075,0.375,0.143836,0.0,0.0,2.369862,2.999999,0.159269,0.594262,0.75,0.688525,0.170833,0.5,0.266667,1.0,0.0,0.006849,0.083551,0.292428,0.052219,0.659765,1.145287,0.440945,0.168421,0.442667,0.448,2.41228,2.999999,0.375,0.175439,4.0,0.096491,1.0,0.008772,0.0
720_master,13+,13.6,557.0,138.246753,4.029028,2.718132,2.999999,0.0,0.113106,0.0,0.0,0.0,0.193896,0.233393,0.037702,0.162702,0.81149,6.0,0.375,0.375,0.321364,0.102334,0.023339,0.420108,0.175214,0.375,0.269231,0.0,0.0,2.756409,2.999999,0.321364,0.579609,1.0,0.72067,0.259831,0.5,0.325843,1.0,0.0,0.089744,0.226212,0.186715,0.098743,0.579245,1.232499,0.209009,0.077617,0.209091,0.209009,2.592591,2.999999,0.375,0.509259,6.0,0.305556,2.0,0.194444,0.157407
721_master,13,13.2,513.0,123.0,4.170732,3.144249,4.0,0.0,0.021442,0.0,0.0,0.0,0.231969,0.150097,0.050682,0.197125,0.982456,7.0,0.5,0.5,0.39961,0.226121,0.11306,0.376218,0.187176,0.375,0.056995,0.0,0.0,2.668393,4.0,0.255361,0.503817,0.75,0.526718,0.226923,0.5,0.338462,1.0,0.0,0.134715,0.14425,0.226121,0.013645,1.047213,1.347959,0.37182,0.176471,0.385263,0.414847,2.789915,4.0,0.375,0.058824,7.0,0.252101,3.0,0.218487,0.193277
723_master,13,13.4,481.0,112.809917,4.26381,3.343034,4.999997,0.0,0.04158,0.0,0.0,0.0,0.114345,0.128898,0.024948,0.177235,0.467775,6.0,0.5,0.5,0.330561,0.172557,0.110187,0.241164,0.225216,0.5,0.172414,0.0,0.0,2.844827,4.0,0.274428,0.401515,0.75,0.310606,0.217557,0.5,0.366412,1.0,0.0,0.103448,0.126819,0.112266,0.039501,0.609132,1.551387,0.482255,0.380753,0.431604,0.482255,2.70909,4.0,0.5,0.345455,6.0,0.181818,2.0,0.218182,0.2
725_master,13,13.3,488.0,131.052631,3.723695,2.670081,2.999999,0.0,0.053279,0.0,0.0,0.0,0.145492,0.215164,0.02459,0.192879,0.54918,5.0,0.375,0.5,0.407787,0.170082,0.077869,0.342213,0.183383,0.375,0.155689,0.0,0.0,2.473053,2.999999,0.319672,0.575321,0.875,0.698718,0.185484,0.5,0.232258,1.0,0.0,0.071856,0.196721,0.127049,0.04918,0.977423,1.054764,0.514403,0.220619,0.514403,0.514403,2.436619,2.999999,0.375,0.338028,5.0,0.197183,1.0,0.169014,0.169014
726_master,13,13.3,530.0,129.72973,4.085417,2.949056,5.999999,0.0,0.045283,0.0,0.0,0.0,0.160377,0.190566,0.049057,0.183726,0.684906,6.0,0.375,0.5,0.367925,0.207547,0.086792,0.350943,0.18078,0.4375,0.129032,0.0,0.0,2.387096,2.999999,0.258491,0.54927,1.0,0.686131,0.196691,0.5,0.286765,1.0,0.0,0.139785,0.190566,0.160377,0.022642,0.746737,1.708553,0.435606,0.229602,0.481953,0.438095,2.364705,4.0,0.375,0.141176,6.0,0.270588,1.0,0.305882,0.282353
728_remaster,13+,13.7,422.0,87.464788,4.824799,4.241705,9.999997,0.0,0.016588,0.0,0.0,0.0,0.191943,0.049763,0.037915,0.165877,0.817536,6.0,0.375,0.5,0.272512,0.14218,0.080569,0.241706,0.204657,0.4875,0.068627,0.0,0.0,2.862744,4.0,0.281991,0.596639,1.0,0.663866,0.169492,0.5,0.228814,1.0,0.0,0.156863,0.049763,0.191943,0.016588,0.797625,1.825061,0.357664,0.212714,0.468966,0.49,3.049382,4.999997,0.5,0.08642,6.0,0.37037,2.0,0.197531,0.160494
731_remaster,13,13.2,518.0,137.454546,3.768519,2.372586,2.999999,0.0,0.102317,0.0,0.0,0.0,0.239382,0.061776,0.052124,0.159025,0.795367,5.0,0.375,0.5,0.247104,0.138996,0.084942,0.301158,0.161859,0.375,0.339744,0.0,0.0,2.064102,2.999999,0.202703,0.55,0.75,0.628571,0.158654,0.5,0.211538,1.0,0.0,0.173077,0.061776,0.239382,0.102317,0.509842,1.145462,0.356589,0.194175,0.360236,0.357282,1.98387,2.999999,0.375,0.427419,4.0,0.064516,1.0,0.217742,0.209677
734_expert,13,13.0,417.0,121.3125,3.437403,2.529975,2.999999,0.0,0.043165,0.0,0.0,0.0,0.095923,0.088729,0.0,0.194544,0.321343,6.0,0.5,0.5,0.426859,0.177458,0.103118,0.16307,0.242647,0.5,0.264706,0.0,0.0,2.014705,2.999999,0.477218,0.613065,1.0,0.723618,0.183081,0.5,0.277778,1.0,0.0,0.0,0.067146,0.074341,0.043165,0.826306,0.990569,0.233735,0.084541,0.233735,0.233735,1.974999,2.999999,0.75,0.45,4.0,0.025,1.2,0.0,0.0
734_master,13+,13.9,562.0,121.3125,4.632664,3.638789,5.899999,0.0,0.048043,0.0,0.0,0.0,0.174377,0.074733,0.049822,0.196842,0.628114,6.0,0.5,0.5,0.38968,0.183274,0.106762,0.236655,0.154135,0.25,0.203008,0.0,0.0,3.1203,4.999997,0.409253,0.517391,0.75,0.621739,0.197598,0.5,0.235808,1.0,0.0,0.210526,0.062278,0.161922,0.048043,0.977787,1.572828,0.358929,0.182469,0.397938,0.379245,3.346938,4.999997,0.25,0.27551,5.0,0.153061,2.0,0.285714,0.285714
736_master,14,14.3,811.0,140.117647,5.787993,4.411836,5.999999,0.0,0.073983,0.0,0.0,0.0,0.162762,0.103576,0.033292,0.194667,0.651048,6.0,0.375,0.5,0.387176,0.177559,0.080148,0.250308,0.186576,0.375,0.295567,0.0,0.0,3.068964,4.999997,0.182491,0.596284,1.0,0.695946,0.219388,0.6,0.251701,1.0,0.0,0.133005,0.087546,0.146732,0.049322,1.107426,1.690864,0.328801,0.141089,0.485887,0.367911,3.196969,4.999997,0.375,0.30303,5.0,0.204545,1.0,0.204545,0.204545
737_master,13,13.4,362.0,107.88,3.35558,2.687844,4.0,0.0,0.118785,0.0,0.0,0.0,0.281768,0.179558,0.088398,0.172652,1.267956,7.0,0.5,0.5,0.30663,0.168508,0.107735,0.455801,0.173485,0.5,0.260606,0.0,0.0,2.61212,2.999999,0.383978,0.640288,1.0,0.776978,0.15942,0.5,0.15942,1.0,0.0,0.193939,0.174033,0.276243,0.09116,0.696389,1.316239,0.561111,0.356546,0.561111,0.562674,2.558822,2.999999,0.5,0.323529,6.0,0.519608,2.0,0.313725,0.235294
738_master,13,13.4,488.0,104.160254,4.685088,3.641392,5.999999,0.0,0.043033,0.0,0.0,0.0,0.20082,0.178279,0.086066,0.201076,0.661885,7.0,0.5,0.5,0.385246,0.206967,0.110656,0.352459,0.182413,0.375,0.122093,0.0,0.0,2.581394,4.0,0.213115,0.564904,1.0,0.701923,0.17233,0.5,0.165049,1.0,0.0,0.244186,0.151639,0.17418,0.036885,0.769609,1.699875,0.193416,0.045361,0.231844,0.199575,2.357142,2.999999,0.5,0.183673,6.0,0.22449,2.0,0.428571,0.397959
739_master,13+,13.7,385.0,114.418604,3.364837,2.506493,4.0,0.0,0.114286,0.0,0.0,0.0,0.207792,0.490909,0.012987,0.219481,0.779221,6.0,0.5,0.5,0.47013,0.32987,0.12987,0.683117,0.250475,0.5,0.1673,0.0,0.0,2.589353,4.999997,0.309091,0.609244,1.0,0.697479,0.260593,0.5,0.372881,1.0,0.0,0.019011,0.475325,0.192208,0.054545,0.666729,1.501637,0.326371,0.104712,0.335211,0.326371,2.512499,4.0,0.375,0.2625,4.0,0.0375,2.0,0.0625,0.0625
740_master,13+,13.9,524.0,120.685714,4.341856,2.946564,4.0,0.0,0.041985,0.0,0.0,0.0,0.251908,0.133588,0.072519,0.228531,0.965649,6.0,0.5,0.5,0.51145,0.29771,0.187023,0.377863,0.239899,0.5,0.111111,0.0,0.0,2.631312,4.0,0.366412,0.519531,1.0,0.6875,0.136126,0.5,0.13089,1.0,0.0,0.191919,0.125954,0.244275,0.030534,0.74102,1.470456,0.358238,0.197697,0.378378,0.358238,2.598484,4.0,0.5,0.121212,5.0,0.204545,2.0,0.287879,0.227273
741_remaster,13+,13.7,648.0,128.072917,5.059618,3.624999,4.999997,0.0,0.040123,0.0,0.0,0.0,0.143519,0.125,0.009259,0.190779,0.53858,6.0,0.375,0.5,0.391975,0.214506,0.089506,0.260802,0.199704,0.375,0.153846,0.0,0.0,3.408283,4.999997,0.291667,0.62963,1.0,0.740741,0.180851,0.5,0.287234,1.0,0.0,0.035503,0.117284,0.135802,0.035494,0.790888,1.391084,0.4613,0.193798,0.471624,0.528571,3.107526,4.0,0.475,0.247312,5.0,0.16129,2.0,0.064516,0.064516
743_remaster,13,13.3,288.0,80.806451,3.564072,3.180555,4.0,0.0,0.104167,0.0,0.0,0.0,0.340278,0.104167,0.083333,0.188368,1.15625,5.0,0.375,0.5,0.434028,0.166667,0.083333,0.420139,0.204545,0.5,0.247934,0.0,0.0,2.999999,4.0,0.434028,0.612,1.0,0.76,0.241935,0.5,0.346774,1.0,0.0,0.198347,0.079861,0.315972,0.090278,1.250419,1.166084,0.388112,0.147368,0.388693,0.388112,3.071428,4.0,0.5,0.265306,4.0,0.020408,1.0,0.244898,0.22449
745_master,13+,13.9,640.0,125.903226,5.083269,4.223437,5.999999,0.0,0.057813,0.0,0.0,0.0,0.104688,0.1375,0.017188,0.202539,0.417187,7.0,0.375,0.5,0.421875,0.2,0.090625,0.235937,0.215232,0.375,0.245033,0.0,0.0,3.119204,5.999999,0.284375,0.550824,0.75,0.664835,0.241713,0.5,0.337017,1.0,0.0,0.072848,0.13125,0.098437,0.048438,1.054099,1.665588,0.286834,0.089482,0.351163,0.318815,3.22388,5.999999,0.5,0.462687,5.4,0.298507,2.0,0.164179,0.149254
746_master,14+,14.8,902.0,142.574257,6.326528,4.823725,7.000004,0.0,0.04878,0.0,0.0,0.0,0.097561,0.208426,0.021064,0.194983,0.374723,6.0,0.375,0.5,0.364745,0.207317,0.092018,0.297118,0.176772,0.375,0.164179,0.0,0.0,3.925373,5.999999,0.209534,0.660053,1.0,0.693122,0.168883,0.5,0.234043,1.0,0.0,0.070896,0.199557,0.088692,0.028825,1.628723,1.679159,0.247178,0.087401,0.279236,0.401852,3.795454,6.3,0.375,0.295455,5.0,0.204545,2.0,0.215909,0.204545
748_master,13,13.2,475.0,139.255814,3.410989,2.412631,2.999999,0.0,0.035789,0.0,0.0,0.0,0.252632,0.208421,0.056842,0.167368,0.993684,6.0,0.375,0.375,0.374737,0.153684,0.029474,0.444211,0.174171,0.375,0.080569,0.0,0.0,2.175355,2.999999,0.206316,0.596939,1.0,0.846939,0.131443,0.5,0.134021,1.0,0.0,0.127962,0.191579,0.235789,0.004211,0.910231,1.376418,0.346723,0.211864,0.340517,0.34968,2.116666,2.999999,0.375,0.016667,5.0,0.316667,2.0,0.225,0.183333
749_master,13,13.1,604.0,144.705882,4.173984,2.586092,4.0,0.0,0.046358,0.0,0.0,0.0,0.049669,0.259934,0.0,0.128932,0.180464,5.0,0.375,0.375,0.259934,0.112583,0.036424,0.298013,0.13125,0.375,0.155556,0.0,0.0,2.055555,2.999999,0.27649,0.366766,0.75,0.191617,0.121988,0.5,0.192771,1.0,0.0,0.0,0.248344,0.038079,0.013245,0.861055,1.133922,0.370432,0.178037,0.370432,0.370432,1.866666,2.999999,0.375,0.266667,5.0,0.133333,2.0,0.0,0.0
750_master,14,14.5,721.0,141.2375,5.104877,5.084606,7.000004,0.0,0.008322,0.0,0.0,0.0,0.149792,0.10957,0.073509,0.215153,0.588072,6.0,0.375,0.5,0.511789,0.249653,0.070735,0.259362,0.169118,0.375,0.032086,0.0,0.0,2.251336,4.0,0.059639,0.523256,1.0,0.511628,0.178571,0.5,0.238095,1.0,0.0,0.283422,0.10957,0.149792,0.008322,1.656777,1.685064,0.157163,0.047354,0.384615,0.290576,2.444444,4.0,0.375,0.055556,6.0,0.314815,3.4,0.490741,0.435185
751_master,13,13.2,395.0,123.707865,3.193006,2.217721,2.999999,0.0,0.081013,0.0,0.0,0.0,0.296203,0.073418,0.050633,0.193354,1.177215,7.0,0.5,0.5,0.443038,0.21519,0.108861,0.364557,0.205729,0.5,0.222222,0.0,0.0,1.951388,2.999999,0.463291,0.601093,1.0,0.759563,0.181319,0.5,0.197802,1.0,0.0,0.138889,0.068354,0.291139,0.068354,0.680973,1.185333,0.389313,0.153061,0.39433,0.389313,2.017093,2.399999,0.5,0.230769,6.0,0.188034,2.0,0.17094,0.17094
753_master,13+,13.8,167.0,115.739131,1.4429,1.137724,1.999999,0.0,0.0,0.0,0.0,0.0,1.0,0.0,0.0,0.127994,3.39521,6.0,0.375,0.5,0.293413,0.173653,0.071856,1.0,0.127994,0.375,0.0,0.0,0.0,1.137724,1.999999,0.275449,0.771739,0.75,1.0,0.005556,0.0,0.0,0.0,0.0,0.0,0.0,1.0,0.0,0.592536,1.332964,0.466667,0.262195,0.466667,0.466667,1.137724,1.999999,0.375,0.0,5.4,0.131737,3.0,0.0,0.0
756_remaster,13+,13.8,750.0,127.5,5.882353,4.833334,7.000004,0.0,0.026667,0.0,0.0,0.0,0.128,0.018667,0.024,0.223,0.492,7.0,0.5,0.5,0.468,0.278667,0.104,0.138667,0.234375,0.375,0.192308,0.0,0.0,3.01923,4.0,0.150667,0.736726,1.0,0.876106,0.220982,0.5,0.366071,1.0,0.0,0.173077,0.010667,0.12,0.026667,1.339048,1.323236,0.188503,0.06158,0.228188,0.273885,3.104166,4.0,0.375,0.208333,5.0,0.15625,2.0,0.1875,0.1875
757_master,14,14.3,897.0,126.722359,7.078467,5.376812,7.400004,0.0,0.043478,0.0,0.0,0.0,0.114827,0.086957,0.003344,0.216834,0.445931,6.0,0.375,0.5,0.463768,0.268673,0.093645,0.201784,0.175414,0.375,0.21547,0.0,0.0,4.464088,7.000004,0.180602,0.606481,1.0,0.716049,0.243789,0.5,0.36646,1.0,0.0,0.016575,0.086957,0.114827,0.0301,1.267816,1.406448,0.196648,0.052573,0.21729,0.224204,4.029126,5.999999,0.475,0.262136,4.0,0.067961,1.0,0.029126,0.019417
759_remaster,13,13.3,627.0,124.8,5.024038,3.344497,4.0,0.0,0.057416,0.0,0.0,0.0,0.220096,0.033493,0.022329,0.163676,0.848485,7.0,0.375,0.5,0.30622,0.133971,0.052632,0.253589,0.167453,0.375,0.226415,0.0,0.0,3.100628,4.0,0.325359,0.653186,1.0,0.789216,0.178571,0.5,0.216749,1.0,0.0,0.08805,0.033493,0.220096,0.046252,0.546047,0.962144,0.2512,0.043269,0.249578,0.262982,3.043478,4.0,0.375,0.210145,6.0,0.173913,2.0,0.101449,0.101449
75_master,13,13.4,497.0,106.628571,4.66104,2.877262,4.0,0.0,0.0,0.0,0.0,0.0,0.100604,0.060362,0.0,0.16826,0.305835,4.0,0.375,0.4,0.259557,0.108652,0.050302,0.160966,0.175,0.375,0.0,0.0,0.0,2.137499,2.999999,0.120724,0.566667,0.75,0.7,0.072034,0.25,0.084746,1.0,0.0,0.0,0.060362,0.100604,0.0,0.499988,1.040532,0.278788,0.091093,0.298056,0.278788,2.079999,1.999999,0.125,0.0,3.0,0.0,0.0,0.0,0.0
760_master,14,14.1,586.0,113.152174,5.178866,4.273037,5.999999,0.0,0.046075,0.0,0.0,0.0,0.145051,0.177474,0.056314,0.215017,0.556314,6.0,0.5,0.5,0.464164,0.261092,0.112628,0.307167,0.224306,0.5,0.15,0.0,0.0,3.499999,5.999999,0.283276,0.713855,1.0,0.740964,0.151515,0.65,0.212121,1.0,0.0,0.183333,0.162116,0.129693,0.03413,1.272402,1.770478,0.428082,0.173242,0.425373,0.47619,3.482352,4.999997,0.5,0.235294,5.0,0.152941,1.0,0.388235,0.270588
762_master,13,13.4,638.0,139.8,4.563662,3.255485,4.0,0.0,0.03605,0.0,0.0,0.0,0.188088,0.028213,0.012539,0.167712,0.630094,5.0,0.375,0.5,0.326019,0.161442,0.061129,0.214734,0.213504,0.375,0.167883,0.0,0.0,2.948904,4.0,0.326019,0.628606,0.75,0.793269,0.188406,0.5,0.241546,1.0,0.0,0.058394,0.026646,0.18652,0.03605,0.895652,1.167509,0.331761,0.149606,0.337748,0.356419,3.016666,4.0,0.3875,0.191667,4.0,0.016667,1.0,0.066667,0.05
763_remaster,13,13.2,444.0,143.675676,3.090293,2.628378,4.0,0.0,0.087838,0.0,0.0,0.0,0.27027,0.126126,0.033784,0.173142,1.04955,7.0,0.375,0.5,0.358108,0.195946,0.072072,0.394144,0.185,0.375,0.222857,0.0,0.0,2.279999,4.0,0.385135,0.54386,0.75,0.660819,0.189706,0.5,0.247059,1.0,0.0,0.085714,0.123874,0.268018,0.076577,0.814479,1.608967,0.457014,0.238095,0.458333,0.457014,2.341666,4.0,0.3875,0.283333,6.0,0.166667,2.0,0.125,0.125
764_master,13,13.3,498.0,138.666666,3.591346,2.94779,4.0,0.0,0.116466,0.0,0.0,0.0,0.214859,0.174699,0.026104,0.206325,0.684739,6.0,0.375,0.5,0.485944,0.168675,0.064257,0.389558,0.232603,0.375,0.298969,0.0,0.0,2.932989,4.0,0.359438,0.688547,1.0,0.759777,0.182584,0.5,0.280899,1.0,0.0,0.06701,0.174699,0.214859,0.116466,1.351277,1.061247,0.260081,0.179798,0.260081,0.260081,2.551401,2.999999,0.425,0.542056,4.0,0.028037,2.0,0.121495,0.121495
766_master,13+,13.9,564.0,124.125,4.543807,3.397162,4.999997,0.0,0.015957,0.0,0.0,0.0,0.20922,0.035461,0.086879,0.190603,0.664894,5.0,0.375,0.5,0.381206,0.223404,0.095745,0.242908,0.153285,0.5,0.065693,0.0,0.0,2.861313,4.0,0.219858,0.52621,1.0,0.685484,0.186992,0.5,0.268293,1.0,0.0,0.357664,0.033688,0.207447,0.015957,1.638624,1.19843,0.327402,0.135472,0.351967,0.327402,2.855931,4.0,0.5,0.076271,4.0,0.025424,1.0,0.415254,0.347458
767_master,13+,13.6,551.0,123.919598,4.446431,3.355716,4.999997,0.0,0.065336,0.0,0.0,0.0,0.206897,0.117967,0.014519,0.19147,0.77677,6.0,0.375,0.5,0.433757,0.185118,0.072595,0.324864,0.217877,0.375,0.201117,0.0,0.0,2.893854,4.0,0.421053,0.671336,1.0,0.737069,0.124459,0.5,0.168831,1.0,0.0,0.044693,0.117967,0.206897,0.059891,0.668718,1.381315,0.360656,0.133212,0.382892,0.398374,2.789473,4.0,0.375,0.289474,4.0,0.052632,2.0,0.070175,0.070175
769_master,13+,13.7,534.0,120.833334,4.41931,3.177902,4.999997,0.0,0.039326,0.0,0.0,0.0,0.198502,0.082397,0.029963,0.176498,0.681648,6.0,0.375,0.5,0.383895,0.149813,0.080524,0.275281,0.193878,0.375,0.142857,0.0,0.0,3.088435,4.999997,0.26779,0.472028,0.75,0.468531,0.200704,0.5,0.323944,1.0,0.0,0.108844,0.076779,0.192884,0.037453,0.857529,1.499407,0.413534,0.163842,0.421589,0.447639,2.990565,4.0,0.375,0.188679,5.0,0.169811,2.0,0.150943,0.09434
770_master,13,13.3,429.0,122.0,3.516393,2.864801,4.0,0.0,0.039627,0.0,0.0,0.0,0.20979,0.223776,0.02331,0.192016,0.799534,6.0,0.375,0.5,0.417249,0.205128,0.079254,0.421911,0.191298,0.5,0.093923,0.0,0.0,2.337016,2.999999,0.405594,0.488506,1.0,0.511494,0.203757,0.5,0.277457,1.0,0.0,0.055249,0.212121,0.198135,0.013986,0.740819,1.41994,0.348946,0.065728,0.358396,0.348946,2.11111,3.099999,0.375,0.066667,5.0,0.322222,2.0,0.111111,0.111111
771_master,13+,13.9,632.0,127.125,4.971485,3.824366,5.999999,0.0,0.063291,0.0,0.0,0.0,0.158228,0.074367,0.022152,0.221123,0.602848,7.0,0.5,0.5,0.503165,0.227848,0.113924,0.227848,0.197917,0.4625,0.277778,0.0,0.0,3.069444,4.999997,0.265823,0.611607,1.0,0.666667,0.229042,0.6,0.317365,1.0,0.0,0.097222,0.06962,0.153481,0.049051,0.985598,1.419403,0.330159,0.151033,0.383772,0.333868,3.219999,4.999997,0.5,0.31,5.0,0.22,2.0,0.14,0.13
772_master,14,14.1,729.0,133.020678,5.480351,3.792867,8.000004,0.0,0.049383,0.0,0.0,0.0,0.223594,0.168724,0.015089,0.180213,0.790123,6.0,0.5,0.5,0.33882,0.193416,0.124829,0.392318,0.247378,0.5,0.125874,0.0,0.0,2.678321,4.0,0.260631,0.602632,1.0,0.678947,0.171958,0.5,0.195767,1.0,0.0,0.038462,0.168724,0.223594,0.020576,0.807021,1.433235,0.185695,0.060606,0.200337,0.224662,2.82822,4.0,0.5,0.092025,5.0,0.134969,1.0,0.067485,0.067485
773_master,14+,14.8,773.0,131.714286,5.868764,4.997413,8.000004,0.0,0.068564,0.0,0.0,0.0,0.177232,0.107374,0.031048,0.16478,0.659767,6.0,0.375,0.5,0.274256,0.134541,0.065977,0.265201,0.194512,0.5,0.258537,0.0,0.0,3.380487,5.999999,0.241915,0.692513,1.0,0.86631,0.173387,0.5,0.177419,1.0,0.0,0.117073,0.087969,0.157827,0.058215,1.191688,1.789082,0.243173,0.108214,0.368056,0.386609,3.576642,5.999999,0.5,0.328467,5.0,0.138686,2.0,0.175182,0.094891
775_master,13,13.3,472.0,128.8,3.664596,2.667372,2.999999,0.0,0.118644,0.0,0.0,0.0,0.294492,0.099576,0.059322,0.172669,1.197034,6.0,0.375,0.5,0.398305,0.199153,0.055085,0.389831,0.188179,0.375,0.304348,0.0,0.0,2.445651,2.999999,0.330508,0.583333,1.0,0.724359,0.153226,0.5,0.16129,1.0,0.0,0.152174,0.095339,0.290254,0.097458,0.60655,0.926455,0.22766,0.076759,0.234136,0.22766,2.395682,2.999999,0.375,0.330935,6.0,0.294964,2.0,0.201439,0.194245
776_master,13+,13.8,232.0,89.452177,2.593565,2.737068,4.999997,0.0,0.064655,0.0,0.0,0.0,0.443966,0.103448,0.012931,0.144935,1.650862,6.0,0.375,0.5,0.297414,0.163793,0.073276,0.538793,0.166,0.375,0.12,0.0,0.0,2.896,8.000004,0.349138,0.675926,1.0,0.790123,0.128125,0.5,0.1375,1.0,0.0,0.024,0.094828,0.435345,0.064655,0.90029,1.721981,0.4,0.275109,0.405797,0.42132,2.135922,2.999999,0.475,0.145631,5.0,0.174757,2.0,0.029126,0.029126
777_master,14,14.3,599.0,133.333334,4.4925,3.766276,5.999999,0.0,0.033389,0.0,0.0,0.0,0.210351,0.176962,0.06177,0.169449,0.84975,7.0,0.5,0.5,0.323873,0.176962,0.101836,0.365609,0.16153,0.4,0.091324,0.0,0.0,2.89041,4.999997,0.268781,0.804348,1.0,0.89441,0.167187,0.5,0.23125,1.0,0.0,0.16895,0.155259,0.188648,0.03005,1.110042,1.875179,0.319933,0.105705,0.37931,0.350459,3.119047,4.999997,0.5,0.142857,5.0,0.222222,2.0,0.293651,0.269841
777_remaster,13+,13.8,292.0,133.333334,2.19,2.126711,2.999999,0.0,0.0,0.0,0.0,0.0,0.554795,0.116438,0.263699,0.203767,2.099315,6.0,0.4875,0.5,0.441781,0.287671,0.10274,0.664384,0.221649,0.5,0.0,0.0,0.0,2.015463,2.999999,0.0,0.0,0.0,0.0,0.0,0.0,0.0,1.0,0.0,0.396907,0.109589,0.547945,0.0,1.160375,1.835924,0.472414,0.311419,0.474048,0.472414,1.993826,2.999999,0.5,0.0,5.0,0.216049,2.0,0.475309,0.388889
779_expert,13,13.3,593.0,145.2,4.084022,3.475547,5.999999,0.0,0.021922,0.0,0.0,0.0,0.129848,0.190556,0.003373,0.177698,0.455312,6.0,0.375,0.5,0.317032,0.158516,0.070826,0.315346,0.207888,0.5,0.069519,0.0,0.0,2.294117,4.0,0.187184,0.617117,1.0,0.756757,0.154545,0.5,0.209091,1.0,0.0,0.010695,0.185497,0.124789,0.013491,1.014855,1.526107,0.301184,0.145763,0.275862,0.353877,2.454545,4.0,0.5,0.103896,5.0,0.142857,2.0,0.025974,0.012987
779_master,14+,14.8,862.0,145.25625,5.93434,4.763341,7.000004,0.0,0.059165,0.0,0.0,0.0,0.174014,0.073086,0.025522,0.194026,0.663573,6.0,0.375,0.5,0.407193,0.174014,0.066125,0.242459,0.208732,0.375,0.244019,0.0,0.0,3.052631,4.0,0.194896,0.592262,1.0,0.660714,0.211078,0.6,0.233533,1.0,0.0,0.105263,0.068445,0.169374,0.044084,0.993443,1.581094,0.248541,0.103972,0.296296,0.375231,3.1,4.0,0.375,0.253333,5.0,0.18,2.0,0.146667,0.073333
781_master,13,13.3,440.0,119.895833,3.669852,3.011363,4.999997,0.0,0.068182,0.0,0.0,0.0,0.140909,0.070455,0.036364,0.199432,0.522727,6.0,0.5,0.5,0.411364,0.197727,0.109091,0.184091,0.186728,0.5,0.37037,0.0,0.0,1.987654,2.999999,0.368182,0.481481,0.75,0.5,0.177019,0.5,0.248447,1.0,0.0,0.197531,0.043182,0.113636,0.068182,1.280636,1.698094,0.484018,0.2746,0.530303,0.501182,1.741935,2.999999,0.5,0.483871,5.0,0.209677,2.0,0.258065,0.032258
786_master,13+,13.8,315.0,134.736842,2.337891,1.692063,2.999999,0.0,0.063492,0.0,0.0,0.0,0.647619,0.15873,0.120635,0.246032,2.625397,6.0,0.5,0.5,0.574603,0.349206,0.104762,0.793651,0.2525,0.5,0.08,0.0,0.0,1.464,2.999999,0.139683,0.659091,1.0,0.863636,0.145349,0.25,0.023256,1.0,0.0,0.152,0.146032,0.634921,0.060317,0.516549,1.412432,0.175719,0.060897,0.178571,0.179739,1.343137,2.999999,0.375,0.093137,6.0,0.323529,2.0,0.186275,0.161765
792_remaster,13,13.2,469.0,135.0,3.474074,2.462686,2.999999,0.0,0.076759,0.0,0.0,0.0,0.204691,0.185501,0.008529,0.159115,0.710021,6.0,0.375,0.5,0.315565,0.144989,0.081023,0.390192,0.108607,0.25,0.196721,0.0,0.0,2.267759,2.999999,0.353945,0.465361,0.75,0.572289,0.19697,0.5,0.236364,1.0,0.0,0.021858,0.185501,0.204691,0.042644,0.648434,1.07536,0.428266,0.253219,0.429185,0.431034,2.187499,2.999999,0.375,0.208333,4.0,0.083333,2.0,0.041667,0.0
793_remaster,13,13.3,565.0,142.8,3.956583,3.061946,4.0,0.0,0.058407,0.0,0.0,0.0,0.219469,0.148673,0.054867,0.199115,0.764602,5.0,0.375,0.5,0.469027,0.212389,0.095575,0.362832,0.214634,0.45,0.160976,0.0,0.0,2.804877,4.0,0.290265,0.765244,1.0,0.871951,0.167178,0.5,0.202454,1.0,0.0,0.15122,0.143363,0.214159,0.047788,0.652867,1.526018,0.301954,0.131673,0.326214,0.32381,3.16129,4.0,0.5,0.217742,4.0,0.048387,1.0,0.25,0.241935
794_master,13,13.2,438.0,134.489976,3.256748,2.433789,2.999999,0.0,0.134703,0.0,0.0,0.0,0.189498,0.155251,0.031963,0.202626,0.618721,6.0,0.5,0.5,0.376712,0.232877,0.105023,0.335616,0.235544,0.375,0.401361,0.0,0.0,2.136053,2.999999,0.506849,0.492117,0.75,0.54955,0.19457,0.5,0.208145,1.0,0.0,0.095238,0.146119,0.180365,0.082192,0.773167,1.938959,0.405963,0.197701,0.41844,0.405963,2.144577,2.999999,0.375,0.433735,4.0,0.072289,2.0,0.168675,0.120482
796_master,14,14.4,688.0,114.202898,6.024366,4.539244,7.000004,0.0,0.087209,0.0,0.0,0.0,0.151163,0.093023,0.026163,0.178597,0.511628,5.0,0.375,0.5,0.287791,0.186047,0.077035,0.235465,0.212963,0.5,0.37037,0.0,0.0,3.209876,4.999997,0.280523,0.470207,0.75,0.507772,0.197917,0.5,0.21875,1.0,0.0,0.111111,0.084302,0.142442,0.074128,1.353908,1.72733,0.241983,0.078832,0.32439,0.369369,3.153846,4.999997,0.5,0.490385,4.0,0.038462,1.0,0.173077,0.115385
797_master,14,14.2,800.0,124.54054,6.423611,4.586249,5.999999,0.0,0.055,0.0,0.0,0.0,0.0975,0.1225,0.025,0.177813,0.33125,5.0,0.375,0.5,0.3325,0.17125,0.075,0.21625,0.166908,0.475,0.254335,0.0,0.0,3.965317,7.000004,0.2075,0.667169,1.0,0.873494,0.136364,0.5,0.127273,1.0,0.0,0.115607,0.11875,0.09375,0.02875,0.896411,1.699017,0.45614,0.273526,0.501099,0.486631,4.576922,7.000004,0.5,0.294872,4.0,0.025641,1.0,0.25641,0.217949
798_master,13+,13.9,612.0,130.16129,4.701859,3.42647,4.999997,0.0,0.04085,0.0,0.0,0.0,0.245098,0.096405,0.063725,0.189951,1.0,6.0,0.375,0.5,0.362745,0.191176,0.093137,0.338235,0.205918,0.5,0.120773,0.0,0.0,3.11111,4.0,0.325163,0.580402,1.0,0.613065,0.161616,0.5,0.222222,1.0,0.0,0.188406,0.093137,0.24183,0.026144,0.609497,1.361435,0.365574,0.152709,0.3898,0.375421,2.959999,4.0,0.5,0.106667,6.0,0.166667,2.0,0.26,0.193333
799_expert,13,13.0,537.0,135.737914,3.956153,3.588453,4.999997,0.0,0.026071,0.0,0.0,0.0,0.102421,0.087523,0.007449,0.175279,0.340782,5.0,0.5,0.5,0.357542,0.175047,0.104283,0.188082,0.180693,0.375,0.138614,0.0,0.0,2.683167,4.999997,0.242086,0.409615,0.75,0.369231,0.141473,0.5,0.139535,1.0,0.0,0.039604,0.085661,0.100559,0.018622,1.475853,1.408548,0.28972,0.134831,0.377451,0.298077,3.054544,4.999997,0.45,0.181818,4.0,0.072727,2.0,0.072727,0.072727
799_master,14+,14.8,788.0,133.255164,5.913467,4.936547,8.999999,0.0,0.031726,0.0,0.0,0.0,0.303299,0.01269,0.079949,0.154981,1.125635,6.0,0.375,0.5,0.266497,0.163706,0.057107,0.31599,0.209839,0.5,0.100402,0.0,0.0,3.85542,5.999999,0.159898,0.763889,1.0,0.761905,0.074,0.25,0.08,1.0,0.0,0.253012,0.01269,0.303299,0.031726,1.332137,1.439212,0.221374,0.089172,0.303318,0.29322,3.866108,5.999999,0.5,0.104603,5.0,0.196653,2.0,0.263598,0.263598
799_remaster,14+,14.9,777.0,133.255164,5.830918,5.409265,11.000004,0.0,0.066924,0.0,0.0,0.0,0.316602,0.020592,0.06435,0.137387,1.184041,6.0,0.375,0.375,0.261261,0.110682,0.037323,0.33462,0.177404,0.375,0.2,0.0,0.0,3.930768,5.999999,0.248391,0.67228,1.0,0.683938,0.184896,0.5,0.286458,1.0,0.0,0.192308,0.018018,0.314028,0.061776,1.439487,1.664761,0.242047,0.091794,0.343249,0.3,3.983739,5.999999,0.375,0.195122,6.0,0.150407,2.0,0.203252,0.195122
800_master,13,13.5,421.0,112.137931,3.754305,2.862232,4.0,0.0,0.08076,0.0,0.0,0.0,0.08076,0.232779,0.007126,0.186758,0.325416,6.0,0.5,0.5,0.36342,0.194774,0.104513,0.313539,0.177083,0.375,0.257576,0.0,0.0,2.696969,2.999999,0.460808,0.601804,1.0,0.659794,0.199482,0.5,0.259067,1.0,0.0,0.022727,0.232779,0.08076,0.035629,1.059781,1.252601,0.434368,0.215311,0.453865,0.434368,2.911763,4.999997,0.375,0.441176,5.0,0.147059,1.0,0.088235,0.088235
801_master,13,13.4,496.0,141.040541,3.516719,2.975806,4.999997,0.0,0.145161,0.0,0.0,0.0,0.272177,0.153226,0.044355,0.164062,1.078629,7.0,0.375,0.40625,0.330645,0.171371,0.050403,0.391129,0.139175,0.375,0.371134,0.0,0.0,2.680411,4.0,0.320565,0.586478,1.0,0.704403,0.218354,0.75,0.240506,1.0,0.0,0.113402,0.118952,0.237903,0.104839,0.796775,1.682683,0.52834,0.320487,0.567568,0.534836,2.844443,4.0,0.375,0.385185,5.0,0.22963,2.0,0.162963,0.103704
802_master,13,13.3,244.0,134.53125,1.813705,2.008196,2.999999,0.0,0.364754,0.0,0.0,0.0,0.590164,0.045082,0.053279,0.219262,2.118852,7.0,0.5,0.5,0.467213,0.278689,0.155738,0.618852,0.222682,0.5,0.589404,0.0,0.0,1.927151,2.999999,0.610656,0.446309,0.75,0.38255,0.1875,0.5,0.283784,1.0,0.0,0.086093,0.028689,0.57377,0.364754,0.796477,1.294335,0.285124,0.099585,0.285124,0.285124,1.937499,2.999999,0.5,0.618056,5.0,0.180556,2.0,0.090278,0.069444
803_master,14,14.3,736.0,116.010639,6.344246,4.779892,7.000004,0.0,0.048913,0.0,0.0,0.0,0.13587,0.038043,0.070652,0.201427,0.5,5.0,0.5,0.5,0.396739,0.25,0.118207,0.173913,0.103516,0.25,0.28125,0.0,0.0,3.406249,5.299998,0.153533,0.792035,1.0,0.902655,0.116071,0.5,0.116071,1.0,0.0,0.40625,0.038043,0.13587,0.043478,1.26914,1.198603,0.242507,0.110505,0.34398,0.407323,3.309999,5.099997,0.25,0.32,4.0,0.01,1.2,0.52,0.52
803_remaster,14+,14.9,747.0,116.968085,6.386357,5.331995,7.000004,0.0,0.048193,0.0,0.0,0.0,0.161981,0.060241,0.11245,0.202811,0.497992,4.0,0.375,0.5,0.424364,0.257028,0.08166,0.222222,0.13253,0.25,0.216867,0.0,0.0,3.698795,7.000004,0.111111,0.864458,1.0,0.903614,0.118902,0.5,0.158537,1.0,0.0,0.506024,0.060241,0.161981,0.036145,2.010034,1.503555,0.310067,0.137097,0.515748,0.647059,3.85124,7.000004,0.25,0.22314,4.0,0.0,2.0,0.694215,0.636364
804_master,13,13.4,489.0,140.0,3.492857,2.92638,4.0,0.0,0.047035,0.0,0.0,0.0,0.208589,0.096115,0.128834,0.152096,0.96728,7.0,0.375,0.5,0.314928,0.120654,0.067485,0.302658,0.134291,0.25,0.155405,0.0,0.0,2.851351,4.0,0.265849,0.503846,1.0,0.538462,0.195736,0.5,0.286822,1.0,0.0,0.425676,0.09407,0.206544,0.03681,1.186824,1.621309,0.457906,0.238683,0.471338,0.457906,2.823529,4.0,0.25,0.176471,7.0,0.401961,1.0,0.617647,0.607843
805_master,13,13.2,574.0,129.6,4.429012,2.998257,4.0,0.0,0.144599,0.0,0.0,0.0,0.163763,0.175958,0.047038,0.154399,0.618467,5.0,0.375,0.5,0.315331,0.162021,0.060976,0.339721,0.144231,0.25,0.425641,0.0,0.0,2.584614,2.999999,0.297909,0.483918,0.75,0.526316,0.167647,0.5,0.235294,1.0,0.0,0.138462,0.175958,0.163763,0.097561,0.648845,1.434469,0.494755,0.313485,0.519409,0.494755,2.393616,4.0,0.4625,0.595745,4.0,0.06383,1.0,0.287234,0.287234
807_master,13,13.2,502.0,137.238095,3.657876,2.611553,4.0,0.0,0.071713,0.0,0.0,0.0,0.215139,0.121514,0.041833,0.196962,0.922311,7.0,0.375,0.5,0.436255,0.199203,0.083665,0.326693,0.214939,0.375,0.219512,0.0,0.0,2.329267,4.0,0.354582,0.509831,0.75,0.662921,0.19774,0.5,0.288136,1.0,0.0,0.128049,0.111554,0.205179,0.055777,0.694366,1.268706,0.388,0.296593,0.400428,0.388,2.138888,2.999999,0.4125,0.259259,6.0,0.222222,2.0,0.194444,0.148148
809_remaster,13,13.3,443.0,124.748966,3.551132,2.634311,4.0,0.0,0.072235,0.0,0.0,0.0,0.261851,0.029345,0.063205,0.168172,1.069977,6.0,0.375,0.5,0.286682,0.155756,0.083521,0.291196,0.209302,0.5,0.248062,0.0,0.0,2.20155,2.999999,0.322799,0.652098,1.0,0.769231,0.258803,0.5,0.288732,1.0,0.0,0.217054,0.029345,0.261851,0.072235,0.493752,1.2021,0.569161,0.509091,0.569161,0.569161,2.224137,2.999999,0.375,0.275862,5.0,0.267241,2.0,0.241379,0.172414
811_master,13,13.1,428.0,144.428571,2.963403,2.586448,2.999999,0.0,0.133178,0.0,0.0,0.0,0.235981,0.191589,0.03271,0.208236,0.974299,6.0,0.5,0.5,0.462617,0.257009,0.119159,0.399533,0.229532,0.5,0.333333,0.0,0.0,2.4269,2.999999,0.464953,0.538945,1.0,0.592965,0.213384,0.5,0.323232,1.0,0.0,0.081871,0.163551,0.207944,0.037383,0.954674,1.511259,0.316901,0.129412,0.326781,0.322196,2.465345,2.999999,0.5,0.158416,6.0,0.356436,2.0,0.138614,0.089109
812_master,14,14.4,696.0,127.592593,5.454862,3.958333,5.999999,0.0,0.048851,0.0,0.0,0.0,0.130747,0.08477,0.043103,0.21426,0.498563,7.0,0.5,0.5,0.45546,0.262931,0.123563,0.208333,0.200862,0.5,0.234483,0.0,0.0,3.372413,5.999999,0.333333,0.480603,1.0,0.517241,0.214286,0.5,0.242424,1.0,0.0,0.206897,0.077586,0.123563,0.028736,0.820148,1.549455,0.355908,0.177489,0.46371,0.37234,3.516483,5.999999,0.375,0.21978,5.0,0.175824,2.0,0.32967,0.252747
812_remaster,14+,14.8,872.0,128.333334,6.794805,4.662843,5.999999,0.0,0.050459,0.0,0.0,0.0,0.111239,0.130734,0.03555,0.202122,0.41055,6.0,0.375,0.5,0.432339,0.220183,0.094037,0.239679,0.176435,0.375,0.210526,0.0,0.0,3.842105,5.999999,0.215596,0.625,1.0,0.712766,0.163102,0.5,0.181818,1.0,0.0,0.148325,0.12844,0.108945,0.022936,0.897769,1.628533,0.305747,0.121979,0.416495,0.339779,3.659793,4.999997,0.375,0.206186,5.0,0.123711,2.0,0.319588,0.28866
815_master,13,13.3,342.0,105.631579,3.237668,2.608186,3.9,0.0,0.128655,0.0,0.0,0.0,0.359649,0.163743,0.032164,0.199561,1.473684,7.0,0.5,0.5,0.444444,0.251462,0.131579,0.511696,0.143571,0.375,0.251429,0.0,0.0,2.46857,2.999999,0.315789,0.585648,1.0,0.685185,0.336449,0.6,0.504673,1.0,0.0,0.062857,0.152047,0.347953,0.111111,0.839259,1.191239,0.45,0.294985,0.455927,0.472222,2.414633,2.999999,0.375,0.308943,5.0,0.195122,1.9,0.089431,0.073171
816_remaster,13,13.3,461.0,127.674418,3.610747,2.529283,2.999999,0.0,0.075922,0.0,0.0,0.0,0.227766,0.045553,0.041215,0.197397,0.845987,5.0,0.5,0.5,0.420824,0.18872,0.10846,0.264642,0.231557,0.5,0.286885,0.0,0.0,1.991802,2.999999,0.477223,0.626136,1.0,0.686364,0.226027,0.5,0.305936,1.0,0.0,0.155738,0.036876,0.219089,0.067245,0.812866,1.211118,0.30719,0.122271,0.307692,0.30719,1.999999,2.999999,0.5,0.295238,5.0,0.2,2.0,0.180952,0.171429
817_master,13,13.4,522.0,137.142857,3.80625,2.865899,4.999997,0.0,0.059387,0.0,0.0,0.0,0.252874,0.045977,0.038314,0.173611,0.996169,6.0,0.375,0.5,0.385057,0.153257,0.055556,0.298851,0.153045,0.375,0.198718,0.0,0.0,2.448717,2.999999,0.314176,0.533537,1.0,0.573171,0.202454,0.5,0.306748,1.0,0.0,0.128205,0.045977,0.252874,0.045977,0.782994,1.582983,0.317308,0.131021,0.338266,0.317308,2.469696,2.999999,0.375,0.181818,6.0,0.19697,2.0,0.151515,0.151515
818_remaster,13,13.4,505.0,133.714286,3.776709,2.768316,4.0,0.0,0.041584,0.0,0.0,0.0,0.20396,0.154455,0.017822,0.166337,0.837624,7.0,0.375,0.5,0.350495,0.134653,0.055446,0.350495,0.189266,0.5,0.118644,0.0,0.0,2.491525,2.999999,0.243564,0.526423,1.0,0.609756,0.229508,0.5,0.344262,1.0,0.0,0.050847,0.146535,0.19604,0.017822,0.823269,1.467888,0.427435,0.356574,0.444676,0.427435,2.708737,4.0,0.375,0.087379,6.0,0.23301,2.0,0.087379,0.058252
819_master,13,13.4,545.0,130.909091,4.163194,3.060549,4.0,0.0,0.023853,0.0,0.0,0.0,0.190826,0.2,0.023853,0.166284,0.759633,7.0,0.375,0.5,0.33945,0.174312,0.056881,0.370642,0.199876,0.375,0.064356,0.0,0.0,2.787127,2.999999,0.280734,0.673203,1.0,0.836601,0.172697,0.5,0.236842,1.0,0.0,0.064356,0.179817,0.170642,0.007339,0.766634,1.125577,0.373849,0.190037,0.386275,0.373849,2.692306,2.999999,0.375,0.038462,4.0,0.096154,1.0,0.125,0.067308
81_remaster,13,13.2,451.0,111.118421,4.058733,2.849223,4.0,0.0,0.064302,0.0,0.0,0.0,0.192905,0.261641,0.039911,0.21286,0.769401,5.0,0.375,0.5,0.496674,0.18847,0.064302,0.441242,0.217337,0.375,0.145729,0.0,0.0,2.874371,4.0,0.208426,0.547872,1.0,0.808511,0.193548,0.5,0.301075,1.0,0.0,0.090452,0.248337,0.179601,0.004435,0.643259,1.218975,0.265033,0.136161,0.257471,0.266219,2.655171,2.999999,0.375,0.022989,5.0,0.310345,1.0,0.206897,0.068966
820_master,14,14.0,516.0,126.5,4.079051,2.937984,4.0,0.0,0.089147,0.0,0.0,0.0,0.325581,0.155039,0.085271,0.177083,1.207364,7.0,0.375,0.5,0.360465,0.184109,0.063953,0.474806,0.176531,0.375,0.187755,0.0,0.0,2.857142,4.0,0.310078,0.784375,1.0,0.89375,0.174528,0.5,0.176101,1.0,0.0,0.179592,0.149225,0.319767,0.052326,1.164793,1.498547,0.435547,0.241176,0.45738,0.451417,3.071428,4.999997,0.375,0.160714,5.0,0.196429,2.0,0.261905,0.202381
820_remaster,14,14.5,576.0,126.5,4.55336,3.774305,7.000004,0.0,0.074653,0.0,0.0,0.0,0.263889,0.190972,0.078125,0.212023,0.993056,6.0,0.5,0.5,0.425347,0.246528,0.131944,0.411458,0.212025,0.5,0.181435,0.0,0.0,3.447257,7.000004,0.375,0.746528,1.0,0.87963,0.138372,0.5,0.190698,1.0,0.0,0.189873,0.147569,0.220486,0.029514,1.31665,1.791096,0.439024,0.223386,0.516204,0.490272,3.592105,7.000004,0.5,0.111842,5.0,0.157895,2.0,0.296053,0.236842
821_master,13+,13.6,519.0,137.734806,3.768111,3.317918,4.999997,0.0,0.036609,0.0,0.0,0.0,0.231214,0.075145,0.011561,0.192197,0.882466,6.0,0.5,0.5,0.375723,0.208092,0.11368,0.302505,0.195064,0.375,0.121019,0.0,0.0,2.738853,4.0,0.323699,0.483631,1.0,0.511905,0.140719,0.5,0.203593,1.0,0.0,0.038217,0.071291,0.22736,0.028902,1.250257,1.292466,0.359768,0.187984,0.357456,0.359768,2.541666,4.0,0.375,0.125,5.0,0.141667,2.0,0.05,0.033333
823_master,13+,13.8,629.0,142.630434,4.409999,3.201907,4.0,0.0,0.084261,0.0,0.0,0.0,0.195548,0.103339,0.038156,0.179253,0.780604,7.0,0.375,0.5,0.346582,0.18442,0.074722,0.279809,0.195312,0.375,0.301136,0.0,0.0,2.517045,4.0,0.302067,0.613158,1.0,0.742105,0.195767,0.5,0.238095,1.0,0.0,0.136364,0.084261,0.176471,0.052464,1.207185,1.388825,0.290271,0.111821,0.308492,0.311644,2.447154,4.0,0.375,0.268293,5.0,0.268293,2.0,0.195122,0.146341
825_master,14+,14.6,885.0,129.454546,6.836376,4.532203,5.999999,0.0,0.031638,0.0,0.0,0.0,0.115254,0.045198,0.029379,0.187571,0.433898,5.0,0.375,0.5,0.377401,0.188701,0.080226,0.160452,0.198063,0.4875,0.197183,0.0,0.0,3.718309,5.999999,0.248588,0.635227,1.0,0.740909,0.204338,0.5,0.310502,1.0,0.0,0.183099,0.045198,0.115254,0.027119,0.984341,1.452543,0.330691,0.151927,0.456835,0.366038,3.666666,5.999999,0.5,0.235294,4.0,0.039216,1.0,0.254902,0.254902
825_remaster,14+,14.8,919.0,129.454546,7.099017,4.868335,7.000004,0.0,0.050054,0.0,0.0,0.0,0.107726,0.096844,0.041349,0.177911,0.386289,5.0,0.375,0.5,0.339499,0.171926,0.071817,0.203482,0.159091,0.375,0.245989,0.0,0.0,4.15508,5.999999,0.192601,0.700565,1.0,0.830508,0.204545,0.5,0.238636,1.0,0.0,0.203209,0.095756,0.106638,0.027203,1.013413,1.518643,0.368593,0.144105,0.467197,0.425693,4.030303,7.000004,0.375,0.252525,5.0,0.232323,1.3,0.383838,0.373737
828_master,13,13.5,222.0,134.493914,1.650632,1.819819,2.999999,0.0,0.0,0.0,0.0,0.0,0.990991,0.0,0.216216,0.240428,3.81982,6.0,0.5,0.5,0.477477,0.346847,0.148649,0.990991,0.239205,0.5,0.0,0.0,0.0,1.827272,2.999999,0.045045,0.7,1.0,1.0,0.055556,0.25,0.0,1.0,0.0,0.218182,0.0,0.990991,0.0,0.602165,1.529958,0.640909,0.511416,0.640909,0.640909,1.827272,2.999999,0.5,0.0,5.0,0.245455,3.0,0.218182,0.0
829_master,13,13.4,608.0,141.081081,4.309579,3.273026,4.0,0.0,0.069079,0.0,0.0,0.0,0.279605,0.024671,0.016447,0.155633,0.976974,6.0,0.375,0.5,0.291118,0.177632,0.082237,0.300987,0.214481,0.5,0.229508,0.0,0.0,2.863387,4.0,0.319079,0.614691,0.75,0.78866,0.169689,0.5,0.222798,1.0,0.0,0.054645,0.021382,0.276316,0.065789,0.693984,1.128273,0.29538,0.117355,0.299652,0.29538,2.87647,4.0,0.5,0.235294,4.0,0.094118,1.0,0.058824,0.058824
82_master,13+,13.9,373.0,84.827586,4.397154,3.300268,4.0,0.0,0.008043,0.0,0.0,0.0,0.099196,0.13941,0.0,0.190684,0.340483,4.0,0.375,0.5,0.367292,0.217158,0.067024,0.238606,0.182584,0.5,0.033708,0.0,0.0,2.24719,2.999999,0.337802,0.581349,1.0,0.698413,0.28,0.75,0.36,1.0,0.0,0.0,0.13941,0.099196,0.0,1.226948,0.913147,0.177898,0.083784,0.176152,0.179348,1.918918,2.399999,0.5,0.0,4.0,0.0,1.0,0.0,0.0
830_remaster,13+,13.8,685.0,141.9375,4.826068,3.597079,5.999999,0.0,0.020438,0.0,0.0,0.0,0.09635,0.045255,0.010219,0.197628,0.351825,5.0,0.375,0.5,0.430657,0.179562,0.072993,0.141606,0.158505,0.375,0.14433,0.0,0.0,2.494844,4.0,0.280292,0.696615,1.0,0.822917,0.206806,0.5,0.246073,1.0,0.0,0.072165,0.045255,0.09635,0.014599,0.963872,1.393328,0.430454,0.214076,0.520309,0.436202,2.742423,4.0,0.375,0.151515,5.0,0.151515,1.0,0.106061,0.106061
831_remaster,13,13.0,448.0,142.237763,3.149656,2.540178,2.999999,0.0,0.066964,0.0,0.0,0.0,0.287946,0.073661,0.037946,0.154297,1.069196,6.0,0.375,0.5,0.301339,0.149554,0.073661,0.328125,0.186224,0.5,0.204082,0.0,0.0,2.333332,2.999999,0.426339,0.59555,1.0,0.680628,0.197368,0.5,0.236842,1.0,0.0,0.115646,0.040179,0.254464,0.066964,0.738566,1.219443,0.201794,0.05618,0.203196,0.205011,2.387596,2.999999,0.5,0.232558,4.2,0.100775,2.0,0.131783,0.100775
833_expert,13,13.4,583.0,123.9375,4.703984,3.756431,4.999997,0.0,0.022298,0.0,0.0,0.0,0.080617,0.171527,0.010292,0.145369,0.286449,6.0,0.375,0.5,0.281304,0.120069,0.073756,0.240137,0.173214,0.5,0.092857,0.0,0.0,3.099999,4.0,0.310463,0.486188,0.75,0.513812,0.225,0.5,0.344444,1.0,0.0,0.042857,0.15952,0.068611,0.013722,0.853669,1.34714,0.371773,0.201724,0.433684,0.397059,3.255318,4.399999,0.5,0.170213,4.0,0.042553,2.0,0.12766,0.06383
833_master,14+,14.8,798.0,124.0,6.435484,4.964911,8.999999,0.0,0.015038,0.0,0.0,0.0,0.090226,0.090226,0.012531,0.131736,0.302005,5.0,0.25,0.375,0.229323,0.073935,0.028822,0.176692,0.113475,0.25,0.085106,0.0,0.0,3.687943,4.999997,0.246867,0.591371,1.0,0.64467,0.225765,0.5,0.295918,1.0,0.0,0.070922,0.086466,0.086466,0.006266,0.936988,1.439069,0.35533,0.194125,0.520607,0.461028,4.041666,4.999997,0.25,0.069444,4.9,0.111111,2.0,0.138889,0.138889
833_remaster,14+,14.9,739.0,123.9375,5.962683,5.327469,8.999999,0.0,0.067659,0.0,0.0,0.0,0.202977,0.131258,0.075778,0.148004,0.784844,5.0,0.25,0.375,0.247632,0.08931,0.043302,0.313938,0.161099,0.375,0.215517,0.0,0.0,3.38793,4.999997,0.292287,0.621528,1.0,0.717593,0.160465,0.5,0.195349,1.0,0.0,0.241379,0.110961,0.182679,0.051421,0.999534,1.555693,0.27137,0.125,0.369305,0.390438,3.346666,4.999997,0.5,0.253333,5.0,0.373333,2.0,0.373333,0.28
834_expert,13+,13.9,649.0,140.2,4.629101,3.526964,5.999999,0.0,0.029276,0.0,0.0,0.0,0.187982,0.090909,0.030817,0.209938,0.731895,6.0,0.375,0.5,0.473035,0.243451,0.087827,0.275809,0.196229,0.4,0.106145,0.0,0.0,2.748602,4.0,0.130971,0.708824,1.0,0.847059,0.154762,0.5,0.190476,1.0,0.0,0.111732,0.087827,0.1849,0.016949,1.379122,2.205389,0.272025,0.111455,0.326336,0.292845,2.918032,4.999997,0.5,0.090164,6.0,0.180328,1.0,0.163934,0.057377
834_master,14+,14.9,946.0,140.1,6.75232,5.466173,9.999997,0.0,0.071882,0.0,0.0,0.0,0.160677,0.182875,0.057082,0.166887,0.581395,7.0,0.375,0.375,0.325581,0.132135,0.042283,0.334038,0.174842,0.375,0.21519,0.0,0.0,5.765822,11.000004,0.260042,0.734756,1.0,0.890244,0.17551,0.5,0.212245,1.0,0.0,0.170886,0.173362,0.151163,0.056025,1.115519,2.303784,0.253568,0.072767,0.294118,0.339367,3.697367,5.999999,0.3625,0.348684,4.0,0.078947,1.0,0.355263,0.296053
835_master,13,13.4,184.0,138.496241,1.328556,1.61413,1.999999,0.0,0.0,0.0,0.0,0.0,0.978261,0.0,0.016304,0.290761,3.271739,6.0,0.5,0.5,0.722826,0.559783,0.195652,0.978261,0.292361,0.5,0.0,0.0,0.0,1.616666,1.999999,0.103261,0.486842,1.0,0.526316,0.180556,0.75,0.222222,1.0,0.0,0.016667,0.0,0.978261,0.0,1.150095,1.902199,0.412088,0.303867,0.412088,0.412088,1.616666,1.999999,0.5,0.0,4.0,0.061111,2.0,0.016667,0.0
836_master,13+,13.9,700.0,137.166666,5.103281,3.684285,5.999999,0.0,0.082857,0.0,0.0,0.0,0.117143,0.284286,0.022857,0.170893,0.447143,6.0,0.375,0.375,0.291429,0.12,0.044286,0.395714,0.160199,0.375,0.209386,0.0,0.0,3.126353,4.999997,0.225714,0.617089,1.0,0.765823,0.178344,0.5,0.242038,1.0,0.0,0.057762,0.278571,0.111429,0.05,0.800436,1.585269,0.338109,0.157819,0.372051,0.344526,3.182926,4.999997,0.375,0.426829,5.0,0.182927,2.0,0.195122,0.182927
837_master,13+,13.7,348.0,139.598492,2.492864,2.166666,2.999999,0.0,0.086207,0.0,0.0,0.0,0.399425,0.037356,0.186782,0.118534,1.692529,7.0,0.25,0.375,0.166667,0.060345,0.020115,0.436782,0.134868,0.25,0.197368,0.0,0.0,2.249999,2.999999,0.166667,0.659483,1.0,0.741379,0.179825,0.5,0.22807,1.0,0.0,0.427632,0.037356,0.399425,0.086207,0.87795,1.742736,0.375723,0.197101,0.380117,0.375723,2.287769,3.199999,0.275,0.215827,5.0,0.446043,1.3,0.467626,0.467626
838_remaster,13+,13.7,622.0,125.325,4.963096,3.660771,4.999997,0.0,0.027331,0.0,0.0,0.0,0.234727,0.199357,0.061093,0.184686,0.87299,6.0,0.375,0.5,0.326367,0.200965,0.090032,0.418006,0.204808,0.5,0.065385,0.0,0.0,3.238461,4.0,0.170418,0.632075,1.0,0.698113,0.152381,0.5,0.190476,1.0,0.0,0.146154,0.18328,0.21865,0.0209,0.837614,1.245292,0.291935,0.121163,0.289425,0.325455,3.178082,4.0,0.375,0.089041,5.0,0.178082,1.6,0.260274,0.164384
839_master,13+,13.8,623.0,144.222223,4.319723,3.099517,4.999997,0.0,0.099518,0.0,0.0,0.0,0.261637,0.072231,0.024077,0.175361,0.829856,4.0,0.375,0.5,0.354735,0.195827,0.067416,0.314607,0.140306,0.375,0.316327,0.0,0.0,2.596938,2.999999,0.288925,0.627778,1.0,0.761111,0.248603,0.5,0.307263,1.0,0.0,0.076531,0.05297,0.242376,0.091493,0.626947,1.340505,0.433172,0.235484,0.481203,0.438111,2.564416,3.8,0.375,0.349693,4.0,0.0,1.0,0.092025,0.067485
83_master,13,13.4,426.0,101.032258,4.216475,2.969482,4.999997,0.0,0.0,0.0,0.0,0.0,0.061033,0.262911,0.002347,0.15757,0.206573,4.0,0.3125,0.5,0.274648,0.100939,0.056338,0.319249,0.192096,0.375,0.0,0.0,0.0,2.42647,2.999999,0.058685,0.52,1.0,0.56,0.0625,0.175,0.083333,1.0,0.0,0.007353,0.258216,0.056338,0.0,0.729325,1.416499,0.495283,0.248227,0.522078,0.495283,2.346153,2.999999,0.375,0.0,4.0,0.0,0.0,0.038462,0.038462
840_master,13+,13.8,810.0,127.732919,6.341357,4.264197,5.999999,0.0,0.038272,0.0,0.0,0.0,0.138272,0.033333,0.037037,0.193056,0.467901,5.0,0.375,0.375,0.391358,0.207407,0.046914,0.17037,0.181159,0.375,0.224638,0.0,0.0,3.55797,5.999999,0.171605,0.571942,1.0,0.690647,0.278986,0.5,0.391304,1.0,0.0,0.217391,0.032099,0.137037,0.038272,0.672331,1.4191,0.27104,0.185874,0.348884,0.294355,3.571428,5.999999,0.375,0.276786,4.0,0.035714,2.0,0.267857,0.205357
841_master,13+,13.7,470.0,114.324324,4.111111,3.065957,4.999997,0.0,0.076596,0.0,0.0,0.0,0.168085,0.114894,0.019149,0.175,0.634043,6.0,0.3875,0.5,0.338298,0.178723,0.1,0.268085,0.14881,0.25,0.285714,0.0,0.0,2.603174,4.0,0.342553,0.543478,0.75,0.677019,0.220312,0.5,0.31875,1.0,0.0,0.071429,0.1,0.153191,0.068085,1.001442,1.50438,0.354701,0.152034,0.385714,0.361656,2.658227,4.0,0.275,0.405063,5.0,0.265823,2.0,0.113924,0.075949
843_master,13+,13.8,576.0,135.464767,4.252028,3.163194,5.999999,0.0,0.095486,0.0,0.0,0.0,0.256944,0.154514,0.104167,0.14822,1.112847,6.0,0.375,0.5,0.260417,0.135417,0.067708,0.390625,0.161111,0.375,0.244444,0.0,0.0,2.515555,4.0,0.190972,0.536364,0.775,0.581818,0.298165,0.5,0.46789,1.0,0.0,0.266667,0.133681,0.236111,0.057292,1.04598,1.87937,0.344948,0.181501,0.36961,0.392079,2.445945,2.999999,0.375,0.222973,6.0,0.439189,2.0,0.405405,0.385135
844_master,14+,14.7,856.0,127.292717,6.724658,6.316589,9.999997,0.0,0.005841,0.0,0.0,0.0,0.051402,0.063084,0.009346,0.211303,0.19743,5.0,0.375,0.5,0.412383,0.254673,0.067757,0.114486,0.247449,0.375,0.05102,0.0,0.0,3.122448,4.999997,0.064252,0.690909,1.0,0.854545,0.199074,0.5,0.37037,1.0,0.0,0.081633,0.063084,0.051402,0.005841,1.948518,1.620841,0.17096,0.096131,0.407273,0.232484,3.568181,4.999997,0.4625,0.113636,4.7,0.113636,1.0,0.181818,0.159091
848_master,14,14.0,676.0,129.454546,5.22191,4.187869,7.000004,0.0,0.038462,0.0,0.0,0.0,0.180473,0.073964,0.035503,0.190274,0.724852,6.0,0.4375,0.5,0.372781,0.20858,0.100592,0.233728,0.195411,0.5,0.164557,0.0,0.0,3.506329,5.999999,0.230769,0.690705,1.0,0.692308,0.162903,0.5,0.212903,1.0,0.0,0.151899,0.053254,0.159763,0.036982,0.912834,1.621477,0.267062,0.13373,0.353604,0.301508,3.090163,5.999999,0.5,0.204918,6.0,0.336066,2.0,0.196721,0.188525
849_expert,13,13.2,587.0,142.909091,4.107506,2.84327,4.0,0.0,0.025554,0.0,0.0,0.0,0.063032,0.223169,0.006814,0.166312,0.223169,5.0,0.375,0.5,0.356048,0.192504,0.0954,0.282794,0.14006,0.4375,0.090361,0.0,0.0,2.536144,4.0,0.333901,0.483418,0.75,0.607143,0.128205,0.5,0.158974,1.0,0.0,0.024096,0.219761,0.059625,0.008518,0.767755,1.314711,0.34359,0.214041,0.34359,0.34359,2.027026,2.999999,0.5,0.135135,5.0,0.135135,2.0,0.108108,0.108108
849_master,13+,13.7,490.0,144.75,3.385147,2.312244,2.999999,0.0,0.069388,0.0,0.0,0.0,0.328571,0.134694,0.012245,0.208673,1.226531,7.0,0.5,0.5,0.453061,0.24898,0.120408,0.461224,0.206305,0.5,0.150442,0.0,0.0,2.070796,2.999999,0.346939,0.451471,0.75,0.452941,0.25,0.5,0.384615,1.0,0.0,0.026549,0.132653,0.326531,0.04898,0.650834,1.390217,0.315574,0.180698,0.317992,0.324895,2.043478,2.999999,0.5,0.149068,5.0,0.242236,2.0,0.037267,0.037267
850_master,14,14.2,642.0,93.0,6.903226,5.554517,11.000004,0.0,0.043614,0.0,0.0,0.0,0.073209,0.140187,0.010903,0.150896,0.225857,5.0,0.375,0.375,0.249221,0.137072,0.048287,0.21028,0.189815,0.5,0.207407,0.0,0.0,5.451851,13.999997,0.249221,0.570312,1.0,0.6875,0.16195,0.5,0.163522,1.0,0.0,0.051852,0.137072,0.070093,0.02648,0.972059,1.581619,0.157812,0.054773,0.204301,0.222222,4.702127,11.400001,0.5,0.361702,4.0,0.021277,2.0,0.148936,0.106383
852_expert,13,13.1,488.0,130.604651,3.736467,2.915983,4.0,0.0,0.038934,0.0,0.0,0.0,0.223361,0.059426,0.002049,0.20748,0.821721,6.0,0.5,0.5,0.422131,0.247951,0.127049,0.282787,0.249094,0.5,0.137681,0.0,0.0,2.210144,4.0,0.393443,0.605469,1.0,0.723958,0.134817,0.5,0.136126,1.0,0.0,0.007246,0.059426,0.223361,0.028689,0.855308,1.256578,0.302469,0.092784,0.317391,0.320261,2.339449,4.0,0.5,0.12844,5.0,0.119266,2.0,0.009174,0.009174
852_master,14+,14.6,835.0,130.604651,6.39334,4.983233,8.999999,0.0,0.05988,0.0,0.0,0.0,0.137725,0.17006,0.007186,0.166317,0.491018,6.0,0.375,0.375,0.332934,0.158084,0.046707,0.301796,0.159722,0.375,0.198413,0.0,0.0,4.281746,8.000004,0.19521,0.509202,0.95,0.564417,0.160494,0.5,0.246914,1.0,0.0,0.02381,0.164072,0.131737,0.026347,0.988536,1.358685,0.228091,0.072115,0.234317,0.284264,3.765217,5.999999,0.375,0.191304,4.6,0.104348,2.0,0.052174,0.017391
853_master,13,13.0,466.0,105.947368,4.39841,3.289699,4.0,0.0,0.030043,0.0,0.0,0.0,0.236052,0.100858,0.004292,0.197961,0.843348,5.0,0.5,0.5,0.396996,0.216738,0.11588,0.332618,0.193548,0.375,0.090323,0.0,0.0,2.690322,4.0,0.238197,0.621622,1.0,0.72973,0.236364,0.5,0.390909,1.0,0.0,0.012903,0.096567,0.23176,0.030043,0.640249,1.348889,0.336207,0.164147,0.352668,0.354839,2.736363,4.0,0.5,0.127273,4.0,0.054545,1.0,0.018182,0.009091
85_master,13+,13.7,300.0,86.666666,3.461538,2.749999,4.0,0.0,0.016667,0.0,0.0,0.0,0.28,0.02,0.036667,0.169583,1.023333,4.0,0.375,0.5,0.293333,0.17,0.063333,0.286667,0.184593,0.4375,0.05814,0.0,0.0,2.337208,3.499999,0.043333,0.5,0.95,0.538462,0.1875,0.5,0.25,1.0,0.0,0.127907,0.006667,0.266667,0.016667,0.756085,1.702177,0.553691,0.333333,0.57193,0.56701,2.273809,2.999999,0.4625,0.059524,4.0,0.0,1.0,0.130952,0.130952
85_remaster,14,14.0,429.0,86.666666,4.95,3.286713,4.0,0.0,0.006993,0.0,0.0,0.0,0.184149,0.090909,0.04662,0.163462,0.69697,4.0,0.375,0.5,0.317016,0.142191,0.065268,0.272727,0.182692,0.375,0.025641,0.0,0.0,3.179486,4.0,0.135198,0.633621,0.75,0.775862,0.105263,0.5,0.140351,1.0,0.0,0.17094,0.088578,0.181818,0.002331,0.636836,1.210596,0.552693,0.28169,0.568293,0.561905,3.202531,4.0,0.5,0.012658,4.0,0.0,1.0,0.253165,0.253165
