chart,raw_level,bucket_label,cluster_id,distance_to_centroid,pca_x,pca_y,density_load,rhythm_complexity,movement_stretch,occupancy_pressure,slide_complexity,touch_cross_mix
10030_master,13.7,13+,3,0.813802,-0.623643,-0.050427,-0.510473,-0.480266,0.11129,0.250557,0.279333,0.732239
10070_master,14.6,14+,3,2.273496,1.035148,2.053982,1.440685,1.354719,-0.64351,0.61762,0.025859,1.509514
100_remaster,13.2,13,4,1.328018,-1.400087,0.362935,-1.234444,0.393274,0.283162,0.610706,1.018894,-0.611799
10117_master,13.2,13,0,0.987404,-1.258517,0.041377,-1.036114,-0.609602,-0.583605,0.71946,1.009724,0.074531
10122_master,13.0,13,3,2.223682,-1.499054,2.249672,-1.084119,1.744336,0.11766,0.898869,0.42345,1.908185
10145_master,13.4,13,3,0.788119,-0.616052,0.022567,-0.626373,-0.071165,0.139782,-0.016501,-0.23364,0.735611
10187_master,13.3,13,4,0.906277,-0.800778,0.808656,-0.731061,0.6698,0.182605,0.109642,0.700753,0.318811
10190_master,13.1,13,0,0.861232,-0.643122,-1.0503,-0.612763,-1.260823,-0.085424,0.286638,0.060376,-0.16328
10193_master,13.4,13,7,0.991431,0.689611,-0.533369,0.372995,-0.344661,0.231993,-0.95586,-0.170825,-0.093168
10199_master,13.0,13,7,0.991658,-0.585645,-0.969211,-0.787515,-0.836516,-0.411254,-0.246821,-0.373625,-0.324579
101_master,13.6,13+,7,1.018732,0.031187,-1.620862,-0.284074,-1.17641,-0.174835,-0.504313,-0.913781,-0.713035
10202_master,13.4,13,3,1.003866,-0.024448,-0.13845,-0.082338,-0.566373,-0.122376,-0.3028,-0.45808,1.395624
10204_master,13.5,13,7,0.549662,-0.076577,-0.94589,-0.072745,-0.869873,0.376098,0.128379,-0.082119,-0.410015
1020_master,13.8,13+,5,0.788775,0.074633,-0.057824,-0.012659,0.242504,0.453841,-0.239257,0.18364,-0.492289
10225_master,13.4,13,0,0.770325,-0.409224,-0.595483,-0.379323,-0.689397,0.314926,0.147477,0.436005,-0.32555
10235_master,14.1,14,3,1.691129,0.148421,1.955467,0.144693,1.194002,-0.731344,-0.499991,0.549087,1.895788
10242_master,13.3,13,5,0.904989,-0.577627,0.590683,-0.494315,0.633738,0.410656,0.181038,0.62607,-0.088081
10251_master,13.3,13,6,0.513345,-0.075996,-0.018774,-0.066946,-0.18707,0.107986,-0.044553,0.405567,0.044853
10288_master,13.8,13+,6,1.13569,0.470265,-0.024333,0.213868,-0.184863,-0.637043,-0.78573,-0.187005,0.422069
10301_master,13.5,13,7,0.922511,0.170753,-0.286038,0.096738,-0.426911,0.089708,-0.282499,-0.295118,0.590562
10302_master,13.4,13,0,1.064197,-0.686788,0.066502,-0.580227,-0.561996,-0.334929,0.23954,1.229906,0.026865
10303_master,13.3,13,5,0.720132,-0.574656,0.171675,-0.588626,0.211585,0.079274,0.013911,0.40497,-0.178262
10315_master,13.0,13,3,1.118879,-0.601767,0.282297,-0.691991,0.156711,-0.544082,-0.175816,0.162582,0.234143
10319_master,13.5,13,3,0.853647,-0.387572,-0.190043,-0.429521,-0.382078,0.198722,-0.163798,-0.326754,0.962235
10363_master,13.6,13+,1,1.31909,1.577234,0.238135,1.201484,0.355633,-0.340143,-1.301991,-0.50013,0.371311
10366_master,13.7,13+,6,0.893512,-0.063606,0.688165,0.162291,0.143756,-0.159048,0.412582,0.883115,0.332598
10367_master,13.7,13+,3,0.897366,-0.684495,0.741463,-0.667203,0.626486,0.057332,-0.026247,0.176636,0.727113
10375_master,13.2,13,5,0.948164,-0.655508,0.767122,-0.425603,0.923921,0.383614,0.659138,-0.012889,0.166794
10404_master,13.4,13,5,0.732903,-0.252949,-0.238365,-0.21987,-0.169973,0.463108,0.110665,0.20905,-0.197677
10411_master,14.5,14,1,0.992464,2.02976,-0.538605,1.97056,-0.509077,0.462178,-0.462873,0.063661,-0.567982
10422_master,13.9,13+,6,0.341146,0.442527,0.078881,0.468215,-0.108288,-0.030722,-0.064387,0.099819,0.208859
10493_master,13.9,13+,6,0.68645,0.244304,0.406707,0.294217,0.459353,0.113628,0.04967,-0.170661,0.234609
1051_master,14.2,14,1,1.250541,0.930738,0.551139,0.978604,0.59171,0.718374,-0.19692,0.730792,-0.327586
10552_master,13.2,13,5,0.85866,-0.738638,0.006873,-0.512871,0.232848,0.830145,0.719586,0.209075,-0.360121
10572_master,13.5,13,3,1.008404,-0.102603,-0.373519,-0.066104,-0.641766,0.22053,0.031948,-0.249683,0.762884
10574_master,13.9,13+,6,0.787119,0.956482,0.279836,0.840472,0.162626,-0.407098,-0.499679,0.075876,0.043641
10593_master,13.5,13,3,1.148192,0.196633,1.335313,0.284746,0.8728,-0.748247,-0.006429,-0.032689,1.235489
10602_master,14.0,14,6,0.514551,0.663768,-0.055025,0.718127,-0.288456,-0.006887,-0.007904,0.279667,-0.035316
10625_master,13.8,13+,6,1.17314,0.558295,-0.17625,0.543672,-0.716917,-0.063932,-0.297928,0.168125,0.819996
10641_master,13.6,13+,6,1.086874,0.313646,-0.150761,0.294064,-0.781147,-0.363235,-0.254706,0.533653,0.541296
10699_master,13.7,13+,6,0.610916,0.200828,0.401175,0.227557,0.495423,0.152961,-0.001307,0.344737,-0.314394
106_master,13.5,13,2,1.15528,-0.8579,-0.544485,-1.068915,0.27366,-0.048803,-0.10979,-1.112762,-0.580362
10734_master,13.5,13,3,1.180985,0.313537,0.41965,0.05301,0.225189,-0.468913,-0.8955,-0.15929,0.905545
107_remaster,13.3,13,7,0.684094,0.238646,-0.68133,0.081952,-0.458463,-0.267559,-0.264695,-0.461809,-0.45231
1081_master,13.2,13,0,1.514342,-1.292858,0.090452,-0.871508,-0.974404,-0.372422,1.122339,1.543991,0.350132
10835_master,13.0,13,3,1.726591,-0.949751,1.976848,-0.81103,1.07891,-0.367972,-0.035655,1.063912,1.990634
1085_master,14.3,14,1,0.649553,1.436655,0.211412,1.527219,0.032204,-0.021539,-0.022395,0.471628,-0.456276
109_master,13.7,13+,0,0.406871,-0.763327,-0.478626,-0.649606,-0.611533,0.035501,0.473842,0.064888,-0.021522
11002_master,13.3,13,2,0.9253,-0.091965,0.308968,-0.177017,0.298008,-0.80462,-0.13987,-0.157855,-0.002454
11002_remaster,13.8,13+,6,0.895623,0.368533,0.239282,0.258933,0.597628,0.32813,-0.348898,0.104039,-0.485452
11004_master,13.8,13+,7,1.348765,0.571304,-0.67512,0.294225,-0.670754,0.165204,-0.860855,-0.801173,0.80987
11004_remaster,14.2,14,1,0.801897,0.878841,-0.034781,0.893174,0.059957,0.278441,-0.096012,-0.3465,0.053025
11005_master,13.6,13+,3,1.952394,0.04013,-0.804374,-0.096552,-1.538447,0.247518,-0.642161,-0.177681,1.774883
11005_remaster,14.4,14,3,1.661502,-0.05907,-0.055534,0.411063,-0.88701,0.563588,1.012609,0.135722,1.388028
11006_master,13.2,13,3,1.268769,-0.016309,-0.369678,-0.180597,-0.484241,-0.329689,-0.428443,-0.841714,0.946404
11007_remaster,13.8,13+,6,0.657357,-0.101248,0.199833,-0.101549,0.171195,0.364706,-0.102176,0.280515,0.175734
11009_remaster,13.3,13,5,0.815105,-0.823581,0.625893,-0.828412,0.850575,0.346001,0.021255,0.114612,0.193456
11015_remaster,14.0,14,6,0.997824,-0.020816,0.283133,0.313827,0.066165,0.193483,0.858396,0.074031,0.191696
11016_master,13.4,13,4,0.756173,-0.340531,0.824532,-0.29422,0.734256,-0.057187,0.038741,0.714042,-0.036768
11017_master,13.0,13,3,0.483948,-0.1279,0.386702,-0.109209,0.122515,0.013809,-0.096841,-0.112487,0.978526
11018_master,13.5,13,7,1.021129,0.176335,-0.278657,0.028758,-0.188133,0.110921,-0.424749,-0.659609,0.560222
11018_remaster,14.1,14,6,0.38886,0.065973,0.162191,0.093885,0.159694,-0.051202,0.05958,-0.00397,0.012987
11020_master,13.4,13,3,1.199848,0.654286,0.706575,0.52222,0.178304,-0.364974,-0.746933,0.293436,1.173005
11021_master,13.7,13+,3,0.726129,-0.767834,0.498869,-0.804721,0.1622,-0.546528,-0.109758,-0.052451,1.030467
11022_master,13.7,13+,3,1.187244,0.692815,0.620391,0.609944,0.170575,-0.548697,-0.522724,-0.185799,1.210753
11023_master,13.8,13+,3,2.869945,-1.069565,1.551051,-0.115246,-0.063279,-0.735878,2.331014,0.0113,2.914185
11023_remaster,14.3,14,6,1.035719,0.803933,-0.212592,0.952504,-0.539721,0.037467,0.236813,-0.113379,0.325811
11025_master,13.8,13+,6,0.728216,0.355869,-0.125495,0.134939,0.028694,0.122172,-0.668926,0.232746,-0.318583
11026_master,14.7,14+,1,1.148503,2.415934,0.439108,2.374659,0.325748,0.043644,-0.595881,-0.360063,0.389654
11027_master,14.5,14,1,0.835227,1.844691,0.000176,1.809223,-0.151024,0.252772,-0.484343,-0.349159,0.471247
11028_expert,13.3,13,0,1.390383,-1.333158,-0.009918,-0.869145,-0.697889,-0.497305,1.447982,1.085458,-0.266723
11028_master,13.9,13+,3,0.749518,-0.524018,0.557085,-0.327612,-0.253352,-0.55745,0.380503,0.661071,0.993297
11029_master,14.6,14+,1,0.819733,1.95639,0.408772,1.78827,0.536874,-0.253243,-0.757375,-0.285035,-0.143938
11030_master,13.4,13,3,0.750453,-0.02997,0.402519,0.218631,-0.108308,0.16387,0.463088,-0.075368,1.224667
11031_master,13.8,13+,7,0.494639,0.109246,-0.904092,-0.031322,-0.886322,-0.112159,-0.272975,-0.223533,-0.243524
11032_master,13.7,13+,1,0.985887,1.188874,-0.104346,1.193874,-0.49211,-0.303807,-0.231192,-0.198028,0.52846
1103_master,14.3,14,6,0.477733,0.000649,-0.105738,0.034383,-0.076589,0.087695,0.115508,0.134739,-0.266413
11048_master,13.2,13,3,1.682686,0.117071,-0.389742,-0.276637,-0.712766,-0.75374,-1.142293,-0.466284,1.094627
11057_master,13.5,13,1,1.269731,1.554133,0.78173,1.559103,0.346083,-1.040286,-0.294222,-0.101586,0.500355
11058_master,13.3,13,3,1.72911,-0.190564,1.402978,0.068251,0.893723,-0.860567,0.558345,-0.83415,1.943307
11059_master,13.4,13,0,0.804765,-0.456609,-0.164324,-0.393592,-0.416119,-0.103977,0.2047,0.040953,0.385248
11064_master,13.8,13+,6,1.234999,0.690808,0.293809,0.509493,0.228143,-0.617522,-0.606206,-0.489285,0.539148
11065_master,13.9,13+,1,1.04257,2.027135,-0.559224,1.824379,-0.480674,-0.037455,-0.784522,-0.650511,-0.068933
11075_master,13.8,13+,7,0.757358,0.046295,-0.867701,-0.104927,-0.931029,0.22574,-0.40601,-0.456488,0.465131
11085_master,13.5,13,6,0.917566,0.873065,0.435719,0.995976,0.059088,-0.288946,0.091529,0.027963,0.501661
11089_expert,13.0,13,2,0.916079,-0.694769,-0.888234,-0.830546,-0.450751,-0.459866,0.084668,-1.069401,-0.390407
11089_master,14.3,14,1,1.36484,1.037813,0.646585,1.001436,0.709494,0.175306,-0.37796,-0.604204,0.782415
11090_master,13.2,13,3,0.962727,-0.650188,-0.212921,-0.680039,-0.322311,0.308047,-0.074822,-0.308231,0.856647
11091_master,13.0,13,3,0.695416,-0.59924,0.878112,-0.314505,0.020127,-0.210719,0.518596,0.410543,1.663917
11092_master,13.7,13+,7,0.59135,0.35582,-0.746264,0.22424,-0.780139,0.31198,-0.41246,-0.195746,0.154164
11093_master,14.4,14,1,0.808971,1.074901,0.149257,1.134142,-0.218908,-0.039579,-0.127999,0.666699,-0.122746
11094_master,13.4,13,3,0.858232,-0.441026,0.160674,-0.550327,-0.077727,-0.442452,-0.30379,0.120466,0.523927
11096_master,13.9,13+,6,0.857471,0.074141,-0.234187,0.051824,-0.520509,0.169783,-0.189434,0.151669,0.500368
11097_master,13.3,13,5,0.481516,-0.236728,-0.153905,-0.248935,0.154017,0.270026,0.085654,-0.44373,-0.099443
11098_master,13.2,13,4,0.741413,-0.831603,0.933714,-0.804426,1.078317,0.236267,0.063255,0.358947,0.196826
110_master,13.0,13,2,1.137519,-0.881732,-0.132685,-0.946013,0.525037,-1.04898,0.415709,-1.217548,-0.753609
11100_remaster,13.7,13+,0,1.694412,-2.210383,-0.244248,-2.086111,0.168043,0.611318,0.777044,0.372953,-0.72598
11101_master,13.9,13+,3,0.900577,-0.107368,0.169104,-0.139799,-0.013487,0.268615,-0.243862,-0.487916,1.286197
11102_master,14.8,14+,1,0.858143,2.162403,0.475331,2.198949,0.136374,-0.401081,-0.322868,0.144576,0.0614
11103_master,14.6,14+,1,1.448299,1.454101,0.659679,1.580164,-0.101168,-0.351382,-0.157897,0.098722,1.268967
11105_master,13.4,13,3,1.315975,-0.164702,0.321381,-0.41518,-0.094097,-1.134176,-0.733136,0.022542,0.831232
11106_expert,13.0,13,7,0.805153,-0.044698,-0.629847,-0.242148,-0.260445,-0.07476,-0.342358,-0.911503,-0.036881
11106_master,14.7,14+,3,2.080046,1.006415,1.871835,1.013102,1.209828,-0.138039,-0.652832,0.963934,1.356988
11111_master,13.2,13,3,1.332617,-0.710188,0.413782,-0.81727,-0.013002,-1.288001,-0.204113,0.036255,0.699482
11126_master,13.2,13,3,0.849679,-0.334464,0.007381,-0.403582,-0.067937,0.028233,-0.202784,-0.077656,0.475192
11129_master,13.2,13,7,0.792945,0.036751,-0.285007,-0.107539,-0.076875,0.04535,-0.332376,-0.545395,0.151951
11130_master,13.0,13,5,0.556392,-0.527721,-0.096065,-0.655518,0.148269,0.137479,-0.2338,-0.197824,0.007525
11134_master,13.4,13,5,0.644406,-0.730365,0.451585,-0.633128,0.61949,0.363102,0.324838,0.308256,-0.157645
11140_master,13.8,13+,6,0.962656,-0.071674,0.76731,0.006376,0.666167,0.159638,0.05397,0.136757,0.566523
11141_master,13.8,13+,6,1.00146,0.314982,0.410623,0.162041,0.179144,-0.621255,-0.546739,-0.020773,0.566356
11142_master,13.9,13+,3,1.065468,0.094551,0.45743,-0.022915,0.229988,-0.845375,-0.368629,-0.200707,0.615373
11143_master,13.7,13+,6,0.667823,-0.272196,0.240674,-0.232511,0.199497,0.207563,0.065254,0.308005,0.073975
11145_master,13.7,13+,6,1.430318,0.469144,-0.444444,0.44331,-1.006848,0.458133,-0.385072,0.91257,0.340381
11146_master,13.8,13+,6,0.877537,0.122475,0.139398,0.192907,-0.282225,0.368486,-0.060704,0.840835,0.314301
11148_master,13.9,13+,6,0.847471,-0.151462,0.18932,-0.250504,-0.119297,-0.185007,-0.395057,0.505912,0.39663
11149_master,14.2,14,1,1.762305,1.395934,1.577254,1.263836,1.142892,-0.387209,-0.94556,0.790056,0.784004
11152_master,13.0,13,3,1.083631,0.365144,1.035297,0.287182,0.694243,-0.285832,-0.535579,0.112042,1.16129
11152_remaster,13.8,13+,6,1.583503,0.650115,0.248512,0.716757,-0.496749,-1.406008,0.066139,0.765536,-0.108269
11153_master,13.1,13,3,1.853926,0.690108,-0.087263,0.570459,-0.92356,-0.26773,-0.734818,-0.338138,2.079719
11155_master,14.4,14,1,0.895867,1.718467,-0.433289,1.569994,-0.702148,0.017574,-0.737676,0.248315,-0.070608
11157_master,13.4,13,6,0.843031,-0.050988,0.106998,-0.131841,0.132634,-0.012106,-0.247721,-0.265488,0.413223
11158_master,13.7,13+,6,0.73365,0.185834,-0.278664,0.172466,-0.214762,0.440569,-0.087734,-0.165305,0.119138
11159_master,13.7,13+,6,0.519591,-0.105845,-0.0922,-0.060663,-0.15773,0.066403,0.130979,0.272595,-0.184063
11160_master,14.0,14,1,0.825057,1.452093,0.632825,1.403056,0.658023,0.444229,-0.534595,0.362824,-0.024182
11162_master,13.4,13,3,0.931742,-0.391905,0.679742,-0.514545,0.60017,-0.177603,-0.428762,-0.261479,1.049679
11164_master,13.8,13+,5,0.746289,-0.149853,0.030662,-0.138398,0.10092,0.606033,-0.042636,0.131666,0.147918
11165_master,14.7,14+,3,1.343662,0.871487,0.9777,0.862474,0.369619,-0.291012,-0.49047,0.3282,1.284062
11166_master,14.1,14,6,0.880869,-0.374525,0.302677,-0.157835,-0.108392,-0.08396,0.525424,0.510224,0.307698
11167_master,14.5,14,7,0.818237,0.139446,-0.488546,-0.005188,-0.223547,0.461295,-0.371162,0.122275,-0.530242
11170_master,13.1,13,4,0.956047,-1.231912,0.215264,-1.074996,0.373279,-0.241924,0.733311,-0.007396,-0.337614
11171_master,14.4,14,1,0.534802,1.350357,0.016449,1.356568,0.108944,-0.162262,-0.106269,-0.269215,-0.390498
11172_master,13.2,13,3,0.614613,-0.697232,0.995894,-0.576273,0.445452,-0.160107,0.123886,0.393531,1.364466
11173_master,13.2,13,0,1.036821,-0.50665,-0.147618,-0.295224,-0.386117,-0.23579,0.694077,-0.262885,0.35446
11174_master,14.2,14,1,0.53016,1.129601,0.321917,1.101689,0.159665,0.116491,-0.383538,0.266662,0.14477
11175_master,13.8,13+,1,1.628558,1.971463,0.60271,1.961891,-0.033291,-0.984936,-0.462351,-0.30457,1.019113
11176_master,14.3,14,7,0.771838,0.5352,-0.727805,0.525663,-0.836659,0.332018,-0.100018,-0.151603,0.063753
11177_master,13.2,13,5,0.780641,-0.403195,-0.115736,-0.324382,0.010261,0.853147,0.193999,-0.046011,0.228279
11177_remaster,13.7,13+,6,0.801883,0.446121,0.714925,0.57105,0.549433,-0.17748,0.174698,-0.013401,0.403055
11180_remaster,13.0,13,3,1.146341,-1.17359,0.501686,-0.845479,0.042287,0.381293,0.833043,0.408941,0.977237
11186_master,13.2,13,5,0.571115,-0.698769,-0.361271,-0.723127,-0.128141,0.60466,0.052067,-0.070218,-0.071589
11188_master,13.4,13,0,0.71209,-1.065697,0.162446,-0.968796,-0.225589,-0.221544,0.314617,0.44391,0.512629
11189_master,13.0,13,4,1.296055,-0.707642,1.681044,-0.74017,2.107896,-0.564207,0.013556,-0.19104,0.087245
11193_master,13.1,13,7,1.058369,-0.028817,-0.322723,-0.139371,-0.530578,-0.540586,-0.258906,-0.263319,0.377748
11195_master,13.7,13+,7,0.419025,0.133245,-0.674034,0.015877,-0.539741,0.227482,-0.267123,-0.517861,0.110481
11197_master,13.2,13,3,0.906976,-0.900029,-0.0545,-0.930908,-0.492982,-0.150652,-0.102995,0.167944,0.992359
11200_master,13.0,13,0,0.643678,-0.641455,0.076952,-0.551514,-0.206241,-0.082994,0.260858,0.416317,0.241767
11202_master,13.4,13,5,0.993914,-0.178997,0.55153,-0.136,0.622623,0.411687,0.011661,-0.159527,0.587774
11204_master,13.7,13+,7,1.007633,0.815534,-0.838095,0.487887,-0.744836,0.115502,-0.973195,-0.197308,-0.123575
11205_master,13.0,13,6,0.810853,0.369272,-0.280406,0.147848,-0.046572,0.24765,-0.644323,-0.164192,-0.113979
11206_master,14.5,14,1,1.029432,1.582274,-0.060201,1.57083,-0.568187,0.162959,-0.484035,0.212454,0.660073
11207_master,13.9,13+,1,1.594196,1.335098,1.211654,1.559838,1.022298,0.641641,0.108403,1.056942,-0.160054
11208_master,13.8,13+,7,0.871694,0.059505,-1.302698,-0.015186,-1.34242,-0.190809,-0.010023,-0.622366,-0.097797
11209_master,14.2,14,1,0.517825,1.362209,0.431217,1.438174,0.334982,0.320543,-0.131756,0.086455,0.150215
11210_master,13.8,13+,7,0.820137,0.412715,-0.743407,0.50676,-0.723622,0.26855,0.2996,-0.45922,-0.114077
11211_master,13.7,13+,3,0.879748,-0.55191,0.333929,-0.640673,0.119801,-0.150277,-0.300826,0.345731,0.53579
11212_master,13.7,13+,6,0.950964,0.294493,0.390177,0.215063,-0.141958,-0.589684,-0.434532,0.8613,0.262956
11213_master,13.9,13+,7,1.260619,0.778021,-0.896503,0.592213,-0.898246,-0.698522,-0.399016,-0.585762,-0.313597
11214_master,13.6,13+,4,1.079234,-0.233709,0.997381,-0.430607,1.295897,-0.336574,-0.543908,-0.020079,0.094284
11215_master,14.5,14,1,0.99219,0.968627,0.525005,0.835087,0.568273,0.204338,-0.655229,0.016307,0.318352
11216_master,14.4,14,1,0.637365,1.191783,-0.152364,1.071424,-0.040331,0.172869,-0.501786,0.158032,-0.501854
11221_master,14.4,14,1,0.917155,1.389608,0.330478,1.222906,0.05392,-0.535002,-0.763215,-0.00704,0.418216
11222_master,14.6,14+,1,0.621102,1.486913,0.479127,1.484892,0.494013,0.314998,-0.348391,0.34875,-0.253156
11223_master,14.8,14+,1,1.320412,1.701887,0.769503,1.536942,1.206217,-0.084013,-0.682261,-0.502702,-0.246473
11224_master,13.1,13,5,0.770513,-0.153877,-0.025797,-0.232578,0.112212,0.009162,-0.164911,-0.327221,0.169222
11225_master,13.8,13+,7,0.470681,0.385566,-1.012296,0.2411,-0.923998,0.296071,-0.362944,-0.421939,-0.061215
11226_master,13.0,13,4,1.055933,-0.440314,0.903008,-0.609177,0.93069,-0.725493,-0.442081,0.101158,0.288054
11227_master,14.3,14,3,1.211752,0.508839,0.437041,0.730804,0.058489,0.373064,0.309556,-0.161607,1.074366
11228_remaster,13.1,13,5,0.7684,-0.355787,0.409465,-0.400727,0.445217,0.10429,-0.157932,0.311546,0.085312
11230_master,14.3,14,6,0.648144,0.545788,-0.330872,0.471545,-0.487937,-0.145694,-0.28501,-0.008847,0.05728
11231_master,13.7,13+,3,0.803248,-0.795519,0.122297,-0.679416,-0.52597,-0.378457,0.26883,0.387924,0.945866
11232_master,13.8,13+,5,0.809732,-0.355058,-0.372001,-0.198679,-0.147239,0.775166,0.520911,-0.186309,-0.208399
11232_remaster,13.7,13+,3,1.138648,-0.94898,0.398826,-0.590122,-0.483212,-0.499426,0.923256,0.578002,1.026972
11233_master,14.0,14,6,0.483921,0.573621,-0.064856,0.621468,-0.295986,-0.180094,0.021213,0.119376,0.033115
11234_master,14.4,14,1,1.050652,1.356345,0.037137,1.199405,-0.07083,0.106936,-0.747743,-0.418818,0.687833
11235_expert,13.0,13,7,0.56823,0.175866,-0.424269,0.064096,-0.23785,0.241882,-0.277398,-0.421403,0.034611
11235_master,14.7,14+,1,0.632581,1.714089,0.161001,1.583135,0.250294,-0.254088,-0.585811,-0.427246,-0.062002
11236_master,13.9,13+,0,1.184112,-2.00084,-0.088702,-1.704221,-0.350634,0.16814,1.075272,0.901621,-0.23077
11237_master,13.9,13+,6,0.654332,0.851526,0.286085,0.794535,0.125234,-0.413858,-0.320444,0.129343,0.019963
11238_master,14.6,14+,3,1.628706,0.663055,-0.45527,0.547741,-1.05558,-0.71817,-0.470528,-0.180449,0.840034
11241_master,13.2,13,6,0.701567,-0.165527,-0.19964,-0.103051,-0.366947,-0.258419,0.233568,0.102568,-0.072096
11241_remaster,13.8,13+,6,0.941169,0.340841,0.567085,0.533235,0.461428,-0.518285,0.513051,-0.104505,-0.047853
11242_master,13.0,13,3,0.834322,-0.654692,0.070541,-0.699155,-0.074357,-0.317678,-0.050256,-0.146287,0.553437
11243_master,13.8,13+,7,0.92354,0.669516,-0.495077,0.423096,-0.12112,0.254117,-0.675784,-0.392816,-0.370229
11246_master,13.7,13+,3,0.707167,0.147888,0.495453,0.072618,0.049013,-0.506861,-0.407822,0.010995,1.078623
11248_master,14.3,14,1,0.546286,1.237976,0.199388,1.296599,-0.070137,0.188811,-0.172332,0.147166,0.3203
11249_master,13.4,13,6,0.742041,-0.031155,0.267023,-0.16463,0.433782,-0.024744,-0.376013,0.030944,-0.045603
11250_remaster,13.0,13,0,0.606677,-1.058491,0.092154,-0.871098,-0.235681,0.340478,0.514195,0.647284,0.350364
11251_remaster,13.0,13,4,2.041959,-2.188622,1.487436,-1.83174,0.846998,-0.078735,0.938042,1.747031,0.544004
11252_remaster,13.0,13,4,0.90218,-0.40547,0.738547,-0.44542,0.566196,-0.782971,-0.088447,0.686224,-0.200847
11263_master,13.0,13,0,0.950398,-0.766116,-0.914385,-0.827543,-1.204931,-0.205541,-0.007848,-0.002168,0.270797
11266_master,13.2,13,0,0.582955,-0.496668,-0.294895,-0.441362,-0.442661,0.089242,0.211817,0.228268,0.024793
11267_master,13.2,13,2,0.860711,-0.245669,-0.098015,-0.327664,-0.1337,-0.702431,-0.074326,-0.207351,-0.042764
11274_master,13.1,13,7,0.621914,0.028416,-0.584968,0.033419,-0.714746,0.343325,-0.016511,-0.021889,0.179815
11275_master,13.4,13,6,0.61795,-0.082315,0.384221,-0.137018,0.351997,0.040617,-0.236266,0.368125,0.074893
11278_master,13.0,13,5,0.908116,-0.020325,0.507747,-0.13041,0.805831,0.160863,-0.328142,0.200815,-0.292102
11279_master,13.1,13,3,0.889674,-0.780141,0.921617,-0.526591,0.574349,0.282702,0.544083,0.175858,1.168517
11280_master,13.5,13,0,1.25512,-0.602309,-1.391413,-0.638524,-1.661425,0.38756,0.012025,0.130845,0.110387
11281_master,14.4,14,1,1.191406,0.963522,0.825907,1.130384,0.440875,-0.668266,0.223953,-0.041829,0.482623
11282_master,13.9,13+,3,1.667121,-0.080381,-0.223982,0.330605,-1.109843,0.026584,0.944951,-0.300623,1.595693
11283_master,13.9,13+,1,1.253459,1.00811,0.743142,0.774335,0.801321,-0.424494,-0.869026,0.085618,0.07876
11284_master,14.4,14,1,0.93303,1.509666,-0.583466,1.372366,-0.208772,0.485544,-0.494124,-0.639676,-0.409735
11285_master,13.7,13+,3,1.387445,0.168394,1.276031,0.32873,0.19337,-0.359148,-0.095748,0.40373,2.349798
11286_master,13.5,13,6,0.339342,0.482303,-0.062084,0.488799,-0.108565,-0.1062,-0.034512,0.074944,-0.209588
11287_master,13.9,13+,4,0.882868,-0.393279,1.223161,-0.412706,1.630984,0.047505,-0.046316,0.108145,-0.143748
11288_master,13.8,13+,7,0.938441,-0.103211,-0.645909,0.03046,-0.700054,0.656612,0.370106,-0.402023,0.38583
11289_master,13.4,13,3,0.853377,-1.003932,0.246745,-0.975571,0.013833,-0.080578,0.11281,0.123019,0.721115
11290_master,13.2,13,3,0.709,-0.353746,0.870837,-0.269534,0.529032,-0.380037,0.11072,0.317473,0.704825
11291_master,13.7,13+,7,0.795099,0.334898,-0.564373,0.186953,-0.587165,0.200215,-0.464009,-0.444541,0.450233
11292_master,13.9,13+,3,0.691675,0.142683,0.693791,0.096603,0.339387,-0.222453,-0.370032,0.054545,1.086944
11293_master,13.7,13+,3,1.290373,-1.461157,0.596986,-1.165441,-0.205494,-0.177387,0.732903,0.195488,1.801502
11294_master,14.3,14,1,0.650695,1.302682,-0.001872,1.383302,-0.377112,-0.229589,-0.038877,0.138517,0.117648
11295_master,14.6,14+,1,1.64148,1.413899,0.878214,1.541464,-0.174533,-0.638293,-0.231647,1.265976,0.711027
11296_master,13.7,13+,6,0.569203,0.024505,-0.055568,0.041087,-0.076745,-0.332889,0.114924,-0.082697,-0.158009
11297_master,13.5,13,5,1.224238,-0.070859,-0.277569,0.093757,-0.199122,1.111273,0.367815,0.292763,-0.155625
11298_master,13.3,13,5,0.464231,-0.564989,-0.189899,-0.619842,0.13961,0.037887,0.063558,-0.35725,-0.263522
11299_master,14.1,14,6,1.250221,0.697731,0.601277,0.816528,0.810795,0.436263,0.161417,-0.361127,0.17293
112_master,14.0,14,2,0.885771,0.514849,-0.889459,0.259061,-0.589265,-0.759706,-0.44703,-0.929899,-0.522763
11300_master,14.3,14,1,1.138547,0.99824,-0.048818,0.919329,-0.331438,0.175377,-0.525463,-0.128428,0.754666
11301_master,13.9,13+,1,1.232356,1.137602,1.035414,1.263836,0.373996,-0.495448,-0.097122,0.902904,0.433528
11302_master,14.6,14+,1,0.743043,1.152259,0.6489,1.215592,0.529911,0.051626,-0.131522,-0.042208,0.36071
11303_master,14.0,14,1,0.747322,0.995228,0.259074,0.993392,0.388748,-0.15814,-0.106167,-0.301607,-0.189452
11304_master,13.3,13,7,0.862103,-0.180674,-0.487588,-0.184152,-0.535985,-0.410776,0.153816,-0.440588,0.035352
11305_master,14.0,14,6,0.307867,0.393418,0.328237,0.384842,0.314103,-0.035749,-0.131619,0.179236,-0.056196
11306_master,14.5,14,6,0.793068,0.712485,0.05115,0.817665,0.07907,0.191065,0.184137,-0.255531,0.003358
11307_master,14.6,14+,1,0.835722,1.540462,-0.009326,1.602167,-0.512737,0.109532,-0.247644,0.385679,0.359413
11308_master,13.7,13+,6,1.005316,0.554651,0.786664,0.567998,0.683105,-0.778306,-0.046604,0.086069,-0.046805
11309_master,13.8,13+,3,0.745289,-0.106954,0.036855,-0.069655,-0.332049,-0.158332,0.009231,0.180883,0.557128
11310_master,14.4,14,3,0.952979,-0.08532,0.966778,0.122334,0.570772,0.395185,0.257369,0.39957,1.058347
11311_expert,13.0,13,5,0.88979,-0.117262,0.116251,-0.149208,0.405187,-0.205081,0.052236,-0.616248,-0.030714
11311_master,14.9,14+,1,1.483406,1.70426,1.001024,2.13331,0.73621,0.000243,0.809488,0.123479,-0.023632
11312_master,13.2,13,3,1.135333,0.082032,0.863215,-0.025186,0.045235,-0.866438,-0.628186,0.445248,1.555714
11314_master,13.9,13+,1,0.627653,1.113902,-0.082443,1.036344,0.105283,-0.036531,-0.301834,-0.321869,-0.338395
11315_master,14.5,14,1,0.591073,1.148089,0.502664,1.164577,0.294305,-0.218559,-0.228409,0.37681,-0.051261
11316_master,13.5,13,6,0.823412,0.306499,0.4744,0.222408,0.313141,0.317177,-0.501834,0.616058,0.315085
11317_master,13.5,13,4,0.84924,-1.103634,0.888695,-0.776579,0.618258,-0.277126,0.968925,0.582728,0.140135
11318_expert,13.1,13,2,0.655249,0.298058,-0.690256,0.075639,-0.436983,-0.89397,-0.337776,-0.941912,-0.369033
11318_master,14.4,14,6,0.715552,0.707484,0.31716,0.666458,0.302425,-0.067175,-0.270787,-0.193255,0.270135
11319_master,13.9,13+,1,1.201617,1.757388,-0.287443,1.558179,-0.283817,-0.106757,-0.796975,-0.834043,0.474948
11321_remaster,13.0,13,3,0.844021,-0.551681,0.119412,-0.595325,0.016856,-0.33282,-0.050436,-0.188562,0.490485
11322_remaster,13.2,13,3,0.937145,-0.962703,-0.155543,-0.921731,-0.542148,-0.177735,0.166597,-0.110991,0.972874
11327_master,13.2,13,7,0.45131,-0.237028,-1.048219,-0.260806,-0.923012,0.467416,0.081291,-0.391742,-0.125744
11328_master,14.2,14,1,1.448916,1.191021,-0.802824,1.245233,-1.117749,-0.280293,0.053893,-0.517124,0.187922
11329_master,13.1,13,4,0.931269,-0.503649,0.975433,-0.294217,0.674154,0.006599,0.439761,0.651524,0.427889
11330_master,14.2,14,6,0.881697,0.686473,-0.046529,0.713729,-0.098745,-0.394776,0.049819,-0.446342,0.063975
11331_master,13.9,13+,6,0.705025,0.788501,0.335248,0.772969,0.03034,-0.414211,-0.245908,0.607926,-0.153231
11333_master,13.2,13,7,0.743827,-0.34086,-0.431792,-0.395811,-0.509581,-0.111863,-0.05912,0.031422,-0.016201
11333_remaster,13.9,13+,1,1.838703,2.217091,-0.730421,1.902137,-0.041012,1.407653,-1.174668,-0.401853,-0.7418
11334_master,13.9,13+,6,0.550457,0.637445,-0.109968,0.63556,-0.099732,0.178704,-0.108169,0.241822,-0.374526
11335_master,13.1,13,3,0.690681,-0.9229,0.430013,-0.868811,-0.131489,-0.360988,0.075553,0.085789,1.385862
11340_master,13.1,13,0,1.065751,-1.353824,0.242271,-1.07351,-0.025115,-0.096224,0.932684,0.959844,-0.387336
11341_master,13.2,13,6,0.798397,0.222142,0.317053,0.096568,0.054577,-0.701462,-0.428168,0.271907,0.207913
11342_master,13.1,13,6,0.665568,-0.323586,0.225819,-0.211442,0.089327,-0.01686,0.305113,0.359668,-0.022407
11342_remaster,13.8,13+,6,1.003755,-0.432506,0.433854,-0.224173,0.133639,0.314734,0.452086,0.731006,0.202244
11343_master,13.9,13+,7,0.689793,0.359338,-0.485266,0.255955,-0.382835,0.500826,-0.350571,-0.006647,-0.114856
11343_remaster,14.3,14,1,1.09891,2.083238,0.450968,2.231875,0.292402,0.402982,-0.058603,-0.277863,0.433033
11347_master,13.7,13+,0,1.537438,-0.793864,-1.436197,-0.752752,-1.696294,-0.58919,0.481546,-0.428128,-0.107217
11348_master,13.2,13,5,0.669841,-0.809237,0.176729,-0.6932,0.174413,0.185926,0.404036,0.117718,0.133127
11349_master,13.1,13,3,0.991221,-0.392578,0.306557,-0.390614,0.274914,-0.496313,0.097089,-0.370839,0.401283
11350_master,13.2,13,4,0.777119,-0.565631,1.351706,-0.615469,1.555486,-0.709777,-0.062643,0.252261,-0.152157
11351_master,13.0,13,5,0.531451,-0.564422,-0.048887,-0.439381,0.089534,0.431265,0.437573,-0.175836,0.053655
11354_master,13.4,13,6,0.789536,-0.144412,-0.217879,-0.208128,-0.085892,-0.290014,-0.02964,-0.191137,-0.30153
11355_master,13.2,13,0,0.395498,-1.165955,-0.50271,-0.981765,-0.829156,-0.02048,0.685899,0.231613,0.193031
11358_master,13.4,13,7,1.430524,-0.494346,-1.364588,-0.761578,-1.473206,0.610101,-0.699776,-0.193403,0.581572
11359_master,13.0,13,3,1.191752,-0.264531,1.044491,0.138713,0.539355,-0.180131,0.944005,0.442332,0.654736
11360_master,13.2,13,0,1.390073,-0.990675,-0.378494,-0.700087,-0.979882,0.457062,0.758197,0.017083,1.230729
11363_master,13.5,13,7,1.155312,0.870869,-1.308208,0.654304,-1.252781,0.605446,-0.677965,-0.054075,-0.336902
11364_master,14.7,14+,1,0.753418,1.258571,0.106131,1.313895,-0.320571,-0.236695,-0.147562,0.064432,0.427053
11365_master,13.0,13,5,0.838481,-1.046448,0.253634,-0.817026,0.324611,0.414013,0.755237,0.018467,0.13815
11369_remaster,13.5,13,5,0.786069,-0.146737,0.19731,-0.211824,0.706106,0.922027,-0.194576,-0.047878,-0.251002
11373_master,13.0,13,0,0.846817,-0.855834,-0.967618,-0.826824,-1.26858,-0.288815,0.304696,0.112486,-0.035828
11374_expert,13.0,13,6,0.698641,-0.096913,0.094291,-0.167599,0.201047,-0.233508,-0.129606,-0.179552,-0.024875
11374_master,14.7,14+,1,1.002869,2.371731,-0.10299,2.260683,0.010254,0.335093,-0.685019,-0.402188,-0.107594
11376_master,13.0,13,0,1.026759,-0.87751,0.040414,-0.781996,0.003794,-0.590912,0.516517,0.062173,-0.28612
11377_master,14.0,14,3,0.754655,0.090913,1.036847,0.324081,0.314915,-0.165599,0.282954,0.425611,1.370696
11378_expert,13.2,13,7,0.492735,0.13708,-0.922881,-0.113742,-0.703313,-0.074027,-0.5411,-0.473717,-0.271424
11378_master,14.5,14,1,0.717384,1.364698,-0.385417,1.267223,-0.454425,0.210894,-0.502328,-0.248425,0.13411
11379_expert,13.7,13+,3,1.468157,0.399482,0.495653,0.498465,-0.078175,-1.103184,0.155264,-0.726949,1.376084
11379_master,14.9,14+,3,2.34767,1.284681,1.698524,1.783154,0.475371,-0.580358,0.704981,0.40934,1.948135
11380_master,13.4,13,4,0.771288,-0.481237,0.748668,-0.451998,0.570453,-0.243445,0.019906,0.584353,0.191247
11381_master,13.2,13,0,0.700003,-1.098163,-0.34291,-1.050217,-0.288196,0.227671,0.337562,0.526084,-0.522632
11382_master,14.1,14,6,0.68931,0.403585,0.478933,0.612761,0.122843,0.044845,0.358082,0.28564,0.41976
11383_master,13.6,13+,5,0.648115,-0.514669,0.142337,-0.614273,0.314868,0.388052,-0.265551,0.017154,0.221996
11384_master,13.9,13+,3,1.632846,0.002544,-0.683837,-0.059941,-1.455176,-0.359788,-0.320031,-0.186125,1.423998
11385_master,14.3,14,4,2.213073,0.868919,2.294492,0.992223,2.304432,-0.113192,-0.08056,0.767871,0.112287
11386_master,14.3,14,1,2.136708,1.252209,2.232997,1.463571,1.612025,-0.346307,-0.058437,1.00007,0.910044
11387_master,13.7,13+,3,0.77594,-0.670743,0.050321,-0.735051,-0.197734,-0.044444,-0.200449,0.112474,0.738371
11388_expert,13.5,13,2,1.735714,-0.39617,0.701829,-0.476171,1.539724,-1.267196,0.279861,-1.367532,-0.749954
11388_master,14.8,14+,3,2.187004,0.860397,0.487828,0.80536,-0.019138,-1.162506,-0.347059,-1.283669,1.878017
11389_master,14.5,14,1,0.497221,1.403885,0.495638,1.339789,0.382315,-0.037198,-0.511793,0.101217,0.192921
11390_master,13.6,13+,7,0.716823,0.144424,-0.829671,0.026431,-0.904739,0.343763,-0.346692,0.24597,-0.198122
11391_master,14.8,14+,1,0.6325,2.04448,0.000169,2.037325,-0.141107,-0.115948,-0.344863,-0.146505,-0.102527
11392_master,14.7,14+,1,1.374919,1.198467,0.67397,1.536531,0.158532,0.557905,0.447774,1.001512,0.117024
11393_master,13.8,13+,6,0.461486,0.318532,-0.204167,0.261106,-0.114103,0.056256,-0.164636,-0.128025,-0.153521
11394_expert,13.0,13,5,0.76076,-0.296611,-0.314248,-0.485539,-0.03466,0.356486,-0.450167,-0.304861,0.089175
11394_master,14.9,14+,1,0.779683,1.917381,0.257057,2.035851,0.038647,0.391403,-0.115774,0.002604,0.251125
11395_master,13.8,13+,3,0.852848,-0.100389,-0.115005,-0.193736,-0.287902,0.123292,-0.349315,-0.11725,0.71203
11396_master,13.6,13+,7,0.87277,-0.124152,-0.511334,-0.37735,-0.385321,-0.38054,-0.551623,-0.303149,-0.110136
11398_master,14.1,14,1,0.789033,0.901606,-0.107793,1.019822,-0.161955,0.184557,0.192139,-0.175596,-0.057959
11399_master,13.5,13,6,0.742781,0.087416,0.166998,0.108804,0.057034,-0.651829,0.113868,-0.116138,-0.018407
113_expert,13.0,13,2,2.019042,0.265656,-1.924573,-0.399492,-1.432424,-1.43817,-1.290404,-1.434178,-0.817662
113_master,13.4,13,7,1.669614,-0.118482,-1.924767,-0.692198,-1.157585,-0.244853,-1.08737,-1.363066,-0.781053
11400_master,13.9,13+,1,1.027308,1.142914,-0.217343,0.986371,0.111576,-0.241765,-0.432151,-0.792919,-0.28725
11401_master,13.2,13,3,1.290885,-0.185115,1.133708,0.247338,0.500698,-0.66465,1.049501,-0.231219,1.298662
11402_master,13.4,13,4,0.668241,-0.478239,0.88358,-0.467894,0.737512,-0.651787,0.034584,0.447798,0.093878
11404_master,13.7,13+,6,1.24538,0.636614,0.241826,0.390936,0.139615,-0.73723,-0.776671,-0.332835,0.471665
11405_master,14.1,14,6,1.166588,0.722685,-0.308492,0.45395,-0.610636,-0.502843,-0.891787,0.485022,-0.05953
11407_remaster,13.0,13,5,0.758721,-1.055072,0.110308,-0.856662,0.326661,0.615768,0.702195,0.073797,-0.156245
11408_master,13.2,13,7,1.062797,-0.063495,-0.376405,-0.066761,-0.566191,-0.404717,0.061229,-0.528084,0.496267
11409_remaster,13.5,13,0,0.787532,-0.718283,-0.735678,-0.743049,-0.764938,0.2357,0.082256,-0.231855,0.230659
11410_remaster,13.4,13,0,0.538816,-0.963455,-0.429386,-0.90707,-0.751785,0.144192,0.221627,0.259716,0.469257
11411_master,13.0,13,3,0.829968,-0.993928,0.120839,-0.979612,-0.307928,-0.327459,0.05996,0.097264,0.980281
11412_master,13.9,13+,7,0.907127,0.728587,-0.618257,0.561258,-0.261696,0.164442,-0.410542,-0.424908,-0.57761
11413_master,13.9,13+,1,0.956242,1.188256,-0.471966,1.25218,-0.700233,0.376633,-0.061217,0.28891,-0.203146
11415_master,13.9,13+,1,0.773982,1.861623,0.060948,1.966597,-0.328883,-0.250027,-0.055971,0.006597,0.130218
11418_master,13.7,13+,3,1.111942,-0.222482,1.231448,-0.322178,0.627488,-0.558212,-0.597944,0.485438,1.514811
11419_master,13.9,13+,0,1.797077,-1.640882,0.744666,-1.352649,-0.047672,0.601828,0.567695,1.440547,1.184311
11420_master,13.2,13,0,0.907917,-0.858842,-0.088129,-0.824037,-0.383936,-0.466845,0.218148,-0.030288,0.510429
11423_master,14.1,14,1,0.7502,1.241181,-0.323867,1.213331,-0.366743,0.397525,-0.30389,0.302375,-0.40633
11424_master,13.8,13+,4,0.774832,-0.328661,1.050781,-0.190502,1.234002,0.239103,0.329374,0.408842,-0.178087
11425_master,13.9,13+,3,0.668024,0.017814,0.479479,0.110269,-0.217411,0.0518,-0.082928,0.419431,1.370465
11426_master,14.4,14,1,0.713521,1.087381,-0.277818,1.109083,-0.314066,-0.110069,-0.036671,-0.289381,-0.175511
11427_master,13.5,13,4,1.156441,-1.051388,1.109783,-0.844772,1.725329,0.111408,0.826255,-0.206267,-0.539144
11428_master,13.1,13,3,0.947602,-0.90658,0.289509,-0.857583,-0.118031,-0.770708,0.225145,0.043449,0.712573
11429_expert,13.0,13,7,2.055413,-1.307469,-1.954036,-1.322922,-1.436775,1.182788,0.407425,-1.365795,0.130789
11429_master,14.1,14,3,1.083351,-0.180936,0.045079,-0.054708,-0.787565,-0.854959,0.247303,0.241464,0.984932
11432_master,13.8,13+,4,0.965228,-0.118102,1.161349,-0.12911,1.336415,0.045493,-0.137128,0.721262,-0.347622
11433_master,13.4,13,0,0.351785,-0.906486,-0.324489,-0.820455,-0.369814,0.163942,0.393879,0.138744,-0.037919
11435_master,13.3,13,0,0.633873,-0.913344,-0.32017,-0.748466,-0.762548,0.217663,0.467284,0.32049,0.613245
11437_master,13.3,13,3,1.238998,-0.994524,-0.012017,-0.714145,-0.484184,0.637771,0.684493,0.140346,1.16937
11438_master,13.9,13+,6,1.066002,0.599531,0.04759,0.444023,-0.363453,-0.275664,-0.669964,0.990484,-0.102301
11443_master,13.8,13+,6,0.533583,0.179123,0.410767,0.163274,0.395062,0.22178,-0.189219,0.276548,0.138343
11444_master,13.3,13,3,0.622519,-0.278286,0.747044,-0.328969,0.280323,-0.305662,-0.361421,0.066798,1.426286
11445_master,13.7,13+,6,0.515736,-0.024825,0.246972,-0.005026,0.19114,-0.316336,0.066586,0.022102,0.020686
11446_expert,13.0,13,7,1.066792,-0.012101,-0.760692,-0.137373,-0.797042,-0.478424,-0.18456,-0.842312,0.359147
11446_master,14.5,14,1,0.825737,1.641353,-0.358043,1.464125,-0.142087,-0.261925,-0.582789,-0.589626,-0.422637
11447_master,13.8,13+,0,0.586633,-1.025916,-0.495701,-0.950074,-0.96879,-0.11794,0.295667,0.490987,0.351709
11449_master,13.3,13,0,0.321974,-0.932626,-0.280541,-0.867387,-0.390987,0.007403,0.332822,0.190495,0.0235
11451_master,13.5,13,0,1.388489,-1.441634,0.425772,-1.278452,-0.002453,-0.410152,0.558907,1.378536,-0.322805
11452_master,13.1,13,3,0.86214,-0.450683,0.284952,-0.328675,-0.07413,0.216929,0.208173,0.519451,0.542898
11453_master,13.8,13+,3,0.481822,-0.019016,0.36007,0.111444,-0.225394,-0.209608,0.154338,0.212939,1.018676
11454_master,14.0,14,1,0.796702,1.145433,0.44753,1.064797,0.159888,-0.515952,-0.489257,0.292348,0.144985
11455_master,13.7,13+,1,0.712667,1.028146,-0.015909,0.988884,-0.125905,0.353099,-0.37579,0.377271,-0.09417
11456_master,13.7,13+,6,0.815176,0.45579,-0.002094,0.41337,-0.470318,-0.348956,-0.308512,0.31163,0.492237
11457_master,14.6,14+,1,0.844542,1.807879,0.87472,1.833875,0.679448,-0.003408,-0.389922,0.485266,0.000229
11458_master,14.4,14,1,1.188579,1.433825,0.988898,1.428446,0.528192,-0.486285,-0.463038,0.15326,0.846928
11459_master,13.7,13+,3,0.68319,-0.139819,0.54637,0.041912,0.210205,-0.317419,0.418535,-0.044956,0.689052
11460_master,13.8,13+,6,0.888421,-0.426661,0.033395,-0.310597,-0.114974,-0.363152,0.427416,0.242139,-0.207114
11461_master,14.4,14,6,1.204998,0.817106,1.027201,0.749334,1.061687,-0.343489,-0.402096,0.356654,-0.136048
11462_master,14.3,14,1,0.975604,1.17076,0.866416,1.27804,0.858914,0.28717,-0.033843,0.381701,-0.114209
11463_master,13.2,13,5,0.985737,-0.77946,0.214662,-0.797623,0.277734,-0.405314,0.125176,-0.263279,0.206261
11464_master,13.4,13,0,0.857853,-1.058014,0.213403,-0.893987,-0.411047,-0.463165,0.46816,0.747711,0.511252
11465_master,13.5,13,4,1.14577,0.135447,0.968489,0.076453,1.251086,-0.579146,-0.127107,-0.248037,-0.136449
11466_master,13.8,13+,6,1.012015,-0.183572,0.77377,-0.08809,0.214812,-0.543088,0.087595,0.860606,0.427515
11467_master,14.0,14,4,0.628761,-0.591205,0.787641,-0.535719,0.608211,-0.510277,0.164084,0.651486,-0.044954
11468_master,13.8,13+,4,0.365081,-0.461653,0.944448,-0.369245,0.998367,-0.410668,0.305307,0.422589,-0.285074
11469_master,14.3,14,1,0.935391,1.216241,-0.073287,1.284022,-0.525565,-0.288942,-0.075075,-0.052627,0.450277
11470_expert,13.2,13,2,1.166274,-0.27121,-0.561316,-0.233073,-0.738997,-0.946589,0.363479,-0.422516,-0.133095
11470_master,14.7,14+,1,1.372528,1.865588,0.214484,1.728186,-0.194235,0.08649,-0.902791,-0.177395,1.078021
11471_master,14.2,14,6,1.251259,0.967302,0.654828,0.853018,0.442529,0.079509,-0.685006,1.074461,-0.19772
11472_master,14.1,14,6,0.697778,0.443717,0.396641,0.403026,0.223279,-0.463627,-0.227411,-0.080107,0.372574
11473_master,13.2,13,3,1.698228,-0.893385,1.053358,-0.610623,0.017383,0.564171,0.29897,0.687597,2.502933
11474_master,13.8,13+,6,1.107558,0.856285,0.337115,0.717247,0.037134,-0.351888,-0.651154,-0.046613,0.729099
11475_master,14.3,14,3,0.798994,-0.022113,0.244198,0.148892,-0.3834,0.264618,0.185761,0.365102,1.144037
11477_master,13.3,13,5,0.728135,-0.459092,-0.377334,-0.588214,-0.056254,-0.05847,-0.134053,-0.495677,-0.188384
11478_master,14.3,14,6,1.018295,0.674475,-0.566289,0.620993,-0.772748,-0.431762,-0.164261,-0.143273,-0.09473
11479_master,14.3,14,6,1.027961,0.826881,-0.465918,0.625295,-0.126615,-0.015043,-0.524684,-0.444906,-0.51263
11481_master,13.1,13,5,0.909097,-0.005196,0.406972,-0.010754,0.575082,0.339911,-0.086089,-0.287141,0.390124
11483_remaster,13.2,13,3,0.681178,-0.685399,0.430709,-0.636922,-0.231436,-0.228923,-0.038096,0.608021,1.127885
11484_master,13.4,13,0,0.833719,-1.207489,-0.328071,-1.111853,-0.214853,0.660106,0.42732,-0.067956,0.19456
11485_remaster,13.3,13,0,0.787768,-1.201836,-0.056327,-1.027594,-0.14723,0.037097,0.66803,-0.151726,0.373249
11486_remaster,13.0,13,3,2.255611,-1.036247,2.536817,-0.807631,1.629938,-0.452461,0.179617,1.514177,1.716153
11487_master,13.0,13,3,1.068029,-0.448553,0.362341,-0.366237,-0.038125,-1.005078,0.301002,-0.022308,0.480411
11488_master,13.5,13,6,0.745874,0.547931,-0.029854,0.41445,0.022986,-0.402291,-0.381887,-0.329599,0.003897
11489_master,14.3,14,1,0.887025,1.089104,0.521733,1.094832,0.760403,0.207572,-0.1689,-0.265519,-0.108265
11490_master,13.7,13+,3,0.9259,0.072367,0.982879,0.258596,0.089765,-0.515845,0.1564,0.848929,1.151596
11491_master,14.0,14,6,0.887238,-0.168156,0.535184,-0.260905,0.58529,-0.08857,-0.304808,0.494526,-0.155383
11494_master,13.0,13,0,0.453266,-0.865149,-0.274042,-0.807416,-0.486696,-0.201372,0.300364,0.156378,0.155098
11495_master,13.0,13,3,1.001096,-0.857066,0.823322,-0.761368,0.489586,-0.028556,0.159218,0.649791,0.663058
11496_master,13.9,13+,1,0.529302,1.242671,0.315826,1.198583,0.244157,-0.32921,-0.322064,0.149689,-0.252676
11498_master,13.6,13+,6,0.962742,0.408128,-0.235431,0.298057,-0.511481,-0.323584,-0.403773,-0.154555,0.514932
11499_master,13.2,13,3,0.89093,-0.519897,0.501776,-0.428447,0.293815,-0.406961,0.273625,0.142992,0.355171
114_master,13.6,13+,4,1.994611,-0.723929,1.121375,-1.142846,1.67421,-1.552982,-0.826695,-0.056325,-0.715927
11500_master,13.0,13,0,0.809519,-0.448528,-0.449057,-0.471192,-0.487077,0.501218,-0.048705,0.28171,0.012597
11501_master,13.3,13,5,0.708056,-0.720127,-0.010688,-0.782669,0.112099,-0.114705,-0.017027,-0.125776,0.041815
11502_master,13.9,13+,1,0.72532,1.343266,0.242242,1.309076,0.285745,-0.233438,-0.266221,0.268936,-0.664526
11503_master,13.7,13+,6,0.729836,0.758959,0.221103,0.802266,0.265842,-0.045671,0.015316,-0.245036,-0.011421
11504_master,13.4,13,4,2.773359,-1.838269,2.585112,-1.287633,2.007346,-0.736667,1.47231,2.561309,-0.601892
11505_master,13.9,13+,3,0.829954,0.235741,0.814283,0.490108,0.172941,-0.257697,0.41332,0.27906,1.061926
11507_master,13.3,13,7,0.840743,-0.4327,-0.651448,-0.492396,-0.67717,0.32227,-0.096642,-0.420408,0.509583
11508_master,13.2,13,7,0.607623,0.049962,-0.904868,-0.259409,-0.708756,0.169247,-0.769155,-0.337217,-0.063116
11509_master,13.9,13+,6,0.531091,0.60996,0.270496,0.521586,0.128182,-0.295752,-0.397081,0.091218,0.197552
11511_master,13.2,13,3,0.690245,-0.743325,0.915735,-0.709271,0.448378,-0.447719,-0.032182,0.312317,1.164686
11512_master,13.7,13+,5,1.355838,-0.496823,0.258012,-0.095763,0.299696,0.0575,1.26501,0.075082,-0.507586
11514_master,13.8,13+,6,0.589729,0.117721,-0.147261,0.012836,0.063119,0.115653,-0.254541,-0.086996,-0.27219
11516_master,14.5,14,1,0.969041,1.902189,0.232625,1.770072,0.486213,-0.349885,-0.54385,-0.643487,-0.290427
11517_master,14.5,14,6,0.76321,0.580371,0.234832,0.655365,0.155568,0.475891,-0.017845,0.052758,0.326782
11518_master,13.2,13,0,0.922698,-0.584106,0.135606,-0.539019,-0.218041,-0.530812,0.170125,0.605135,0.007788
11521_master,13.3,13,3,1.265884,-1.088743,-0.2469,-0.900816,-0.816868,0.282809,0.483381,-0.035259,1.367398
11523_expert,13.2,13,7,0.776855,-0.244118,-0.681449,-0.418205,-0.441558,-0.324534,-0.233135,-0.650898,-0.188144
11523_master,14.6,14+,6,1.046962,0.700379,-0.508122,0.726444,-0.633237,0.526015,-0.090394,0.441512,-0.335588
11524_master,13.7,13+,3,0.924517,-0.595977,0.422819,-0.417457,0.283345,0.331037,0.441287,0.105211,0.558392
11525_master,13.8,13+,3,1.28534,0.416292,0.972282,0.708126,0.455304,-0.636537,0.601955,-0.00516,0.797079
11527_master,13.8,13+,4,0.926982,-1.045715,1.779799,-0.845963,1.62385,-0.373664,0.493059,0.706191,0.425656
11528_master,13.9,13+,6,0.65018,0.025533,0.176512,0.030384,0.084708,0.374826,-0.128469,0.217084,0.339437
11529_master,13.9,13+,6,0.90105,-0.007831,0.07187,0.277281,-0.192143,0.340918,0.692301,0.37352,0.043619
11530_master,14.8,14+,1,0.800911,1.882775,0.412779,1.820675,0.545277,-0.050527,-0.463414,-0.477227,0.024973
11533_master,13.7,13+,6,0.407911,0.259107,0.189836,0.166492,0.054143,-0.048951,-0.392743,0.371128,0.10903
11534_master,14.0,14,6,0.802679,-0.108048,0.490714,-0.032388,0.264115,0.236474,0.036457,0.846233,0.03166
11535_master,13.9,13+,6,1.732344,1.042945,-0.862043,0.770182,-0.948312,0.543132,-0.983583,0.793869,-0.587623
11536_master,13.9,13+,1,0.759435,1.104474,0.155828,1.15025,-0.260304,0.045988,-0.212369,0.535479,0.198578
11537_master,14.8,14+,1,1.679822,2.061542,1.037854,2.323618,0.018404,-0.210195,-0.012316,0.964412,0.94317
11538_master,13.3,13,5,0.761387,-0.70678,0.159201,-0.60162,0.163568,-0.138986,0.427912,0.126272,-0.128405
11539_master,13.6,13+,3,0.805098,-0.45088,0.442094,-0.285179,0.217916,-0.162339,0.444538,0.079766,0.446048
11540_master,13.5,13,2,0.802668,-0.192174,-0.41788,-0.258501,-0.233618,-0.314464,0.024299,-0.540943,-0.190866
11541_master,13.6,13+,3,1.201865,-0.569268,0.607728,-0.383722,-0.033452,-0.923517,0.487812,0.65365,0.420876
11542_master,13.8,13+,6,0.67531,0.424163,-0.157435,0.403601,-0.291947,-0.552376,-0.038528,0.074023,-0.303517
11543_master,13.7,13+,6,1.135785,-0.26825,0.292104,-0.340334,0.089028,-0.923746,-0.123962,0.008984,0.207866
11544_master,14.6,14+,1,0.678846,1.27706,0.128054,1.15073,-0.095421,0.05436,-0.685458,0.452994,0.060757
11545_master,13.5,13,0,0.937237,-0.312444,-0.44132,-0.291708,-0.885808,-0.201392,0.043916,0.2975,0.369966
11546_master,14.3,14,1,0.84003,0.847126,0.438099,0.91224,0.539702,0.161745,0.01748,-0.007386,-0.17026
11547_master,13.8,13+,6,1.012202,0.91737,0.298472,1.026813,-0.239362,-0.192015,-0.016505,0.24708,0.64581
11548_master,14.6,14+,1,0.717262,0.905336,0.382771,0.966528,0.242843,0.246338,-0.106123,0.218844,0.176722
11549_master,14.3,14,1,0.411126,1.684355,-0.039118,1.694702,-0.24005,0.116092,-0.303676,0.029111,0.051611
11550_master,14.4,14,6,0.850989,0.691733,0.152819,0.886817,-0.21792,0.113516,0.305728,0.148566,0.389216
11552_master,13.3,13,3,0.885012,-0.918409,0.631558,-0.810858,0.256295,-0.434596,0.292117,-0.396377,1.42841
11553_master,13.8,13+,3,0.509676,-0.392826,0.796525,-0.362731,0.318626,-0.220522,-0.123877,0.44715,1.049835
11554_expert,13.0,13,2,0.773938,0.026711,-0.138775,-0.080002,0.075885,-0.396055,-0.148197,-0.711921,0.040261
11554_master,14.7,14+,1,1.290507,1.059181,0.814434,1.296589,0.218185,0.048336,0.20052,0.236103,1.027138
11555_master,13.4,13,6,0.992102,0.474253,0.174655,0.376362,-0.14329,-1.000988,-0.318241,0.143813,0.069455
11556_master,13.8,13+,6,0.686611,0.53582,0.36901,0.556448,0.20973,-0.13721,-0.108958,-0.128209,0.467634
11557_master,13.0,13,4,0.632533,-0.53554,0.618972,-0.612036,0.955567,-0.015697,-0.119524,0.128161,-0.283547
11558_remaster,13.3,13,0,1.010713,-0.161161,-0.432524,-0.073549,-0.731597,0.147551,0.217217,0.696436,-0.281762
11559_master,13.5,13,3,1.11254,-0.897747,0.690906,-0.610911,0.510146,-0.122558,0.847252,-0.072383,0.593687
11560_master,13.2,13,4,0.489642,-0.695009,0.655516,-0.659774,0.621215,-0.426461,0.177519,0.465825,-0.159824
11561_remaster,13.7,13+,0,0.793549,-0.668006,-0.6389,-0.693542,-0.957292,0.056892,-0.019147,0.162092,0.431287
11562_remaster,13.5,13,6,0.792445,-0.318744,0.146933,-0.233162,-0.206158,-0.408394,0.228889,0.425257,0.145645
11564_master,13.7,13+,7,1.274024,-0.065193,-1.041777,-0.312545,-1.263212,-0.338261,-0.606615,-0.534839,0.611916
11566_master,13.8,13+,3,0.645114,-0.005299,0.132423,0.01648,-0.15303,-0.118656,-0.044708,-0.050546,0.683505
11567_master,13.2,13,6,0.933683,-0.425634,0.035292,-0.506382,0.045803,-0.414044,-0.103125,0.212386,-0.257872
11568_master,13.5,13,0,1.155657,-0.557131,-0.201191,-0.54372,-0.597726,-0.939492,0.187257,0.35969,-0.07992
11570_master,13.0,13,0,0.700997,-0.889721,-0.624734,-0.808507,-0.509245,0.021969,0.515522,-0.222308,-0.321939
11571_master,13.2,13,6,0.87742,0.307872,-0.280984,0.333433,-0.350767,0.520268,-0.048344,0.609731,-0.399923
11573_master,13.8,13+,6,0.605072,0.390121,-0.204911,0.407322,-0.452192,0.093441,-0.08651,0.120519,0.263624
11574_master,13.0,13,6,0.462431,0.097363,-0.047775,0.100306,0.063489,0.028671,0.041488,-0.042157,-0.255666
11575_master,14.0,14,1,1.289388,1.444238,-1.091545,1.31447,-1.10004,0.368975,-0.505634,-0.130534,-0.422293
11576_master,14.2,14,7,0.492336,0.253586,-0.643121,0.202451,-0.482647,0.200518,-0.070278,-0.570872,-0.034401
11578_master,14.4,14,1,1.376621,0.837769,0.927516,0.927516,1.14993,-0.241221,0.145504,-0.065983,-0.399621
11583_master,13.4,13,7,0.794778,0.040482,-0.400563,-0.043817,-0.617699,-0.045429,-0.277386,0.046779,0.308695
11584_master,13.6,13+,5,0.818971,-0.072854,0.474572,-0.099801,0.726897,-0.08474,-0.032069,-0.198349,-0.088183
11585_master,13.5,13,4,0.819506,-0.976954,0.970007,-0.755536,0.663673,-0.141882,0.574935,0.946537,0.135919
11586_master,13.3,13,5,1.07165,-1.146777,-0.045558,-1.068443,0.187278,1.125816,0.274894,0.110525,0.234757
11587_master,13.7,13+,7,1.093984,0.320449,-0.727287,0.397053,-0.934876,-0.466447,0.315718,-0.348417,-0.129909
11588_master,13.8,13+,1,1.335838,1.009105,-0.695781,0.939716,-1.060332,-0.136941,-0.362668,-0.114754,0.304805
11589_master,13.2,13,4,0.48742,-0.861992,0.71487,-0.827482,0.77327,-0.070697,0.153482,0.392715,0.017659
11590_master,13.8,13+,6,0.8943,-0.247791,0.517115,-0.160097,0.494147,-0.047267,0.220219,-0.1015,0.362062
11591_master,14.0,14,1,0.827297,1.182477,-0.003651,1.067006,0.085335,0.668151,-0.619418,0.169231,-0.040573
11593_master,13.2,13,3,0.924117,-0.844055,0.255546,-0.616376,-0.002827,-0.049301,0.683008,0.015052,0.550054
11594_master,14.2,14,6,1.096337,0.128197,0.037339,0.406898,-0.185381,0.245504,0.689679,-0.244656,0.466896
11596_master,14.0,14,6,1.573707,0.705523,1.352129,0.632887,1.484595,-0.47633,-0.388597,0.204891,-0.063112
11597_master,13.1,13,4,2.374886,-1.065074,1.118521,-0.476662,1.169434,-1.567149,2.111536,-0.414807,-0.75753
11598_master,13.2,13,7,0.626122,-0.034876,-0.545855,-0.189143,-0.4876,0.042891,-0.369688,-0.448661,0.274671
115_master,13.8,13+,7,1.505802,0.683617,-1.015609,0.22787,-0.029159,0.589181,-1.065778,-1.245067,-0.685824
115_remaster,13.8,13+,6,0.902363,0.725426,-0.474224,0.627852,-0.585295,0.149154,-0.396515,0.439187,-0.40236
11600_master,13.1,13,0,0.803028,-0.624157,-0.466375,-0.636658,-0.481348,0.194593,0.077445,-0.214241,0.273895
11601_master,13.2,13,3,1.845321,-1.720643,1.054135,-1.447324,-0.034853,-0.626005,0.604489,0.334707,2.40882
11604_master,13.7,13+,2,1.543399,0.480913,-1.028819,0.356261,-1.208526,-1.34943,-0.087798,-0.669432,-0.358746
11605_master,13.3,13,6,0.714812,-0.17738,-0.183701,-0.225281,-0.283428,-0.345078,-0.060512,0.193136,-0.186304
11607_master,13.7,13+,7,0.564096,-0.326989,-0.737378,-0.354901,-0.693371,0.188781,0.058577,-0.00789,-0.293572
11608_master,13.4,13,6,0.76967,-0.098209,0.259541,-0.128372,0.474379,-0.12179,-0.009034,0.05259,-0.401739
11609_master,13.2,13,5,0.474,-0.555978,0.153582,-0.632652,0.389377,0.189792,-0.126561,-0.117062,0.05759
11610_master,14.0,14,3,0.731033,-0.0604,0.331238,0.081877,-0.11184,0.160642,0.184433,0.387587,0.731847
11611_master,14.3,14,1,2.090734,0.88415,1.856881,0.923965,1.801804,-0.686108,-0.185144,-0.076229,0.600101
11612_master,14.9,14+,1,0.882743,1.848215,0.602497,1.918077,0.403239,0.269927,-0.279311,-0.093647,0.532401
11613_master,13.5,13,4,1.223544,-0.729485,0.674226,-0.337984,0.41413,0.249707,1.044929,0.524617,0.197753
11615_master,13.5,13,4,0.829532,-0.59249,0.974851,-0.481571,1.037505,0.182263,0.256114,0.145245,0.396691
11616_master,13.7,13+,6,0.793103,0.275617,0.554626,0.397352,0.383631,0.371102,0.102872,0.210447,0.506608
11617_master,13.8,13+,5,1.78782,0.481249,0.824921,0.404849,1.167057,1.202213,-0.541816,0.09831,0.423862
11618_master,14.4,14,1,0.796126,0.902066,0.06806,0.967232,-0.067854,0.386596,-0.071499,0.004243,0.280447
11619_master,14.7,14+,1,1.433594,2.546497,0.693773,2.651802,0.799659,0.202988,-0.148004,-0.140742,-0.352767
11620_master,13.8,13+,6,0.783654,-0.120341,0.015173,-0.150521,-0.280587,-0.020881,-0.190394,0.259734,0.499582
11621_master,13.7,13+,6,0.973585,-0.493714,0.234479,-0.563553,0.09446,-0.237021,-0.185484,0.579793,-0.039981
11622_master,13.2,13,0,0.723862,-0.951195,0.066575,-0.927241,-0.193265,-0.379891,0.173142,0.371537,0.212827
11623_master,13.4,13,0,1.004982,-0.78208,0.131103,-0.885366,0.070182,-0.033848,-0.240943,0.51154,0.04553
11624_master,14.3,14,1,0.904023,0.925026,0.266665,1.052017,-0.039436,0.096197,0.073206,-0.055454,0.55742
11625_master,14.4,14,1,0.835699,0.974732,0.408227,0.980171,0.297368,0.444553,-0.31772,0.459314,0.087329
11627_master,14.2,14,6,0.521785,-0.012015,-0.111447,0.047292,-0.314962,-0.056075,0.132555,0.139885,0.131232
11628_master,14.0,14,6,1.046167,0.802322,-0.128625,0.789532,-0.591007,0.175788,-0.350014,0.370771,0.557802
11629_remaster,13.9,13+,3,1.202597,-0.026693,0.10826,0.030686,-0.904505,-0.450941,-0.149949,0.307032,1.722233
11630_master,13.4,13,0,1.501497,-1.407625,-0.384535,-1.183214,-1.292215,-0.44392,0.688194,1.518179,0.021168
11631_master,13.7,13+,4,1.037775,-0.395884,0.936296,-0.227482,0.69128,-1.142076,0.559543,0.443789,-0.248437
11633_master,13.8,13+,7,0.876144,0.258,-0.342985,0.201654,-0.380183,0.550863,-0.28234,-0.146961,0.422694
11634_remaster,13.8,13+,6,0.863275,-0.11281,-0.255758,-0.186912,-0.379748,-0.504936,-0.118076,-0.09136,0.034264
11635_master,13.4,13,0,1.549852,-1.114261,-0.855878,-0.973313,-1.395109,0.414758,0.425442,-0.158569,1.218312
11637_remaster,13.8,13+,6,0.550718,0.651276,-0.139301,0.702482,-0.260708,-0.095812,0.059141,0.07928,-0.195803
11638_master,13.8,13+,0,1.412008,-0.887718,-0.345275,-0.504838,-1.066482,-0.509363,1.169368,-0.070056,0.791823
11640_master,13.4,13,0,0.716588,-0.492462,-0.37557,-0.394405,-0.655653,0.012037,0.316377,0.039175,0.352515
11641_master,13.4,13,3,0.773861,-0.282805,0.242597,-0.194699,0.093579,-0.23023,0.256303,-0.217775,0.489859
11642_master,13.8,13+,7,0.666925,0.494784,-0.798356,0.35351,-0.851451,0.004314,-0.397964,-0.131296,-0.124692
11643_master,14.4,14,1,0.977831,0.952211,0.901414,0.997493,0.814091,-0.001044,-0.173269,0.271744,0.167681
11645_master,13.6,13+,6,0.864125,-0.372993,0.538466,-0.219384,0.231753,-0.411978,0.401135,0.37908,0.225541
11646_master,14.6,14+,1,1.437297,2.474183,0.653786,2.642663,0.013684,-0.180273,-0.156337,0.178895,0.69166
11647_master,13.9,13+,3,1.095979,-0.418295,0.462301,-0.232992,-0.179286,-0.855851,0.474237,0.532346,0.463548
11648_master,13.7,13+,6,1.405317,0.788259,1.226948,0.8949,1.145077,-0.488627,0.084138,-0.072054,0.317876
11650_master,13.1,13,3,6.685686,-0.987725,3.174715,-0.297912,0.163199,-0.980074,0.731504,-0.32426,7.75689
11652_master,13.8,13+,3,2.224936,0.794078,0.352603,0.811098,0.015934,-1.094356,-0.042439,-1.540539,1.603928
11653_master,13.5,13,6,1.012938,-0.011879,-0.160071,0.256914,-0.576808,0.184639,0.65005,0.302716,0.251058
11654_master,13.3,13,4,0.731341,-0.461804,0.773585,-0.509581,0.745235,-0.172471,-0.176885,0.65198,-0.042194
11656_master,13.6,13+,6,0.739254,0.287536,0.42278,0.257469,0.493736,0.01038,-0.17645,-0.210483,0.29301
11657_master,13.8,13+,6,0.917488,0.47532,0.062263,0.426291,0.03361,-0.340932,-0.174195,-0.522132,0.367403
11661_expert,13.0,13,2,0.858266,0.536003,0.140654,0.378752,0.516968,-0.879036,-0.256511,-0.656721,-0.590418
11661_master,14.7,14+,1,1.384492,2.492279,0.589931,2.65465,0.322427,-0.337145,0.015575,0.334039,-0.473081
11662_expert,13.7,13+,2,1.203695,0.554892,0.526464,0.541244,0.533462,-1.070888,0.012174,-0.407426,-0.115287
11662_master,14.9,14+,1,0.827364,2.105355,0.375948,2.139607,0.10333,-0.401921,-0.278099,0.250885,-0.244827
11663_expert,13.8,13+,4,0.60484,-0.406192,0.972403,-0.403488,0.915237,-0.479189,-0.010736,0.684555,-0.188722
11663_master,14.7,14+,1,1.055386,1.990862,0.633442,1.865432,0.246387,-0.479418,-0.824913,0.112544,0.559023
11665_master,13.0,13,5,0.916296,-0.672335,0.133532,-0.731761,0.288412,0.805165,-0.206466,0.492444,0.028777
11668_master,13.7,13+,6,0.799676,0.163326,-0.460609,0.217448,-0.564909,-0.170257,0.211393,0.150758,-0.438259
11669_master,13.6,13+,3,0.541368,-0.835754,0.363616,-0.709452,-0.12845,-0.088132,0.269377,0.252926,1.056681
11670_master,13.1,13,6,0.68976,-0.158692,-0.021632,-0.227452,-0.091755,0.205302,-0.251165,0.455496,-0.022617
11671_master,13.9,13+,6,0.767336,0.198621,0.454284,0.200936,0.35334,-0.119696,-0.111654,-0.149918,0.532969
11672_master,14.4,14,1,1.310796,0.94505,0.683369,0.867036,0.977108,0.691442,-0.503744,0.228965,-0.141
11673_master,14.6,14+,1,1.478858,2.834671,0.542147,2.935748,0.170235,0.009016,-0.326579,0.2121,0.111645
11674_master,13.5,13,7,0.672242,-0.394382,-0.547568,-0.355878,-0.468427,0.245429,0.24334,-0.071006,-0.248027
11675_master,14.2,14,1,0.961662,1.24908,0.420836,1.195869,-0.085988,-0.125389,-0.578885,0.762115,0.352937
11676_master,13.8,13+,6,0.763597,0.350771,0.329575,0.38223,0.412775,0.562265,-0.086035,0.125425,0.120056
11677_master,14.5,14,1,0.435231,1.571028,0.063785,1.585178,-0.096573,-0.311396,-0.189539,0.002201,-0.217363
11678_master,13.9,13+,6,0.494152,0.655243,0.395942,0.650791,0.363254,-0.122192,-0.156243,0.230196,-0.153874
11679_master,13.7,13+,4,0.971373,-0.671778,0.405475,-0.617203,0.225109,-0.199699,0.167986,0.336456,0.27287
11680_master,13.3,13,5,0.414587,-0.487351,-0.14891,-0.469172,0.127485,0.656666,0.124198,-0.201575,0.004133
11681_master,14.3,14,1,0.745697,0.954951,0.331879,0.971395,0.37618,0.221921,-0.162518,0.30749,-0.329372
11682_master,13.7,13+,3,0.84237,-0.576299,0.621644,-0.392879,0.36753,0.221611,0.399626,0.327697,0.634967
11683_master,13.5,13,3,0.909961,-0.226342,-0.003089,-0.127632,-0.480459,-0.568851,0.26026,0.098597,0.522166
11684_master,14.5,14,1,0.820288,1.046919,0.087437,1.090223,-0.253744,0.200593,-0.201359,0.62907,0.009273
11685_master,14.8,14+,1,0.795426,0.97392,-0.342398,0.954805,-0.3262,-0.082053,-0.118187,-0.061221,-0.455183
11686_expert,13.2,13,5,0.727529,-0.764383,0.264129,-0.841984,0.567085,-0.182146,-0.015157,-0.117497,-0.226481
11686_master,14.6,14+,1,0.883094,1.649679,0.699336,1.574225,0.687995,0.253948,-0.628806,0.526821,-0.19932
11687_master,14.5,14,1,0.599459,1.273436,0.461993,1.205767,0.561611,-0.074078,-0.406483,0.033129,-0.240542
11688_master,13.5,13,6,0.911037,-0.15377,-0.454982,-0.118979,-0.735423,-0.140196,0.120309,0.298639,-0.04337
11689_master,13.7,13+,4,0.919305,-0.348142,0.720285,-0.375613,0.832665,0.006914,-0.107572,0.004587,0.314381
11690_master,13.8,13+,3,1.013529,-0.070239,0.697317,0.004047,-0.140292,0.067931,-0.216445,0.970553,1.334623
11691_master,14.0,14,6,0.853263,0.74659,0.490492,0.83966,0.518881,-0.272514,0.167972,-0.00953,-0.277875
11692_remaster,13.8,13+,3,1.024187,-0.437883,0.257699,-0.223328,-0.604974,0.142139,0.310347,0.821894,1.186166
11693_master,13.0,13,5,0.755744,-0.480384,0.260335,-0.428361,0.330306,-0.08234,0.233071,0.319522,-0.347244
11696_remaster,13.1,13,5,0.998034,-0.990215,0.139623,-1.11217,0.235689,0.369882,-0.290846,0.339274,0.21484
11697_remaster,13.3,13,0,0.772916,-0.886011,-1.006258,-0.961411,-0.990616,0.297131,0.001343,-0.041092,-0.068071
11698_remaster,13.2,13,4,0.693712,-1.15573,0.802421,-1.00726,0.628733,-0.638957,0.553515,0.454763,0.054029
11699_master,13.6,13+,6,0.84137,0.334525,-0.378867,0.134942,-0.221948,0.312568,-0.596739,0.286023,-0.436663
11700_master,13.3,13,0,2.573601,-2.007497,-0.623538,-1.709792,-1.753664,0.967304,0.655273,0.99924,1.899643
11701_master,13.0,13,4,1.17659,-1.405422,1.051862,-1.199661,0.966394,0.422512,0.548845,1.047005,0.082859
11702_master,13.7,13+,4,1.149702,0.114662,1.102988,0.202142,1.360435,-0.0792,0.192422,-0.176421,0.033729
11704_master,13.6,13+,5,0.385582,-0.448686,0.039292,-0.522816,0.27209,0.281573,-0.134561,-0.026397,-0.06743
11705_master,13.4,13,6,0.738908,-0.063517,0.721531,0.001926,0.572454,-0.374131,0.113145,0.397971,0.043956
11706_master,13.9,13+,1,0.737962,1.175412,0.536932,1.212867,0.269559,-0.2555,-0.187723,0.598051,-0.183757
11707_master,14.5,14,1,1.566961,2.948674,0.256746,2.96805,0.307281,0.30943,-0.442988,-0.268898,-0.251549
11708_master,13.4,13,3,0.702969,-0.316392,0.452116,-0.332445,0.232261,0.242478,-0.216768,-0.183129,1.245503
11709_master,13.3,13,0,0.84156,-0.688028,0.162216,-0.678255,-0.068636,-0.34058,0.081446,0.457111,0.10066
11710_master,13.7,13+,6,1.048754,0.005242,0.88882,0.289092,0.638916,0.291058,0.572692,0.610246,0.238342
11713_expert,13.0,13,2,1.060538,-0.432146,0.250088,-0.371455,0.194144,-0.742309,0.331813,-0.429246,0.230841
11713_master,14.5,14,6,0.654216,0.657227,0.128146,0.724519,-0.079561,0.040612,0.000982,-0.051679,0.36691
11715_master,13.1,13,5,0.783702,-0.645234,-0.279917,-0.654765,-0.185862,0.695759,0.004469,0.158531,0.093269
11716_master,13.6,13+,7,1.148876,-0.219868,-0.448771,-0.050907,-0.766871,0.196224,0.451593,-0.305364,0.685506
11718_master,13.3,13,4,1.433372,-1.281227,1.539935,-1.00638,0.856465,-0.990733,0.710563,0.87068,0.86035
11720_master,14.7,14+,1,1.219609,1.962221,-0.62197,1.83685,-0.46953,-0.285852,-0.449958,-0.933382,-0.269426
11721_expert,13.0,13,2,1.174422,0.047758,-0.044008,-0.265293,0.77493,-0.025352,-0.635174,-1.030369,-0.402797
11721_master,14.0,14,1,0.636334,1.141287,-0.234,1.042123,-0.038897,0.208698,-0.392618,-0.102166,-0.478884
11722_master,13.4,13,3,0.94897,-0.807686,0.065503,-0.600597,-0.664958,0.07795,0.433661,0.460891,1.189121
11723_master,13.6,13+,2,0.963838,-0.420047,-0.355069,-0.42459,-0.307236,-0.411273,0.202094,-0.395199,-0.09165
11724_master,13.6,13+,7,0.538379,-0.034917,-0.4757,-0.06404,-0.497524,0.003294,-0.018082,-0.105389,-0.076247
11725_master,14.2,14,6,0.694319,0.333852,0.127387,0.384075,0.179576,0.544862,-4e-06,0.399549,-0.249146
11726_master,13.6,13+,3,0.951341,-0.795242,0.667445,-0.670267,0.375848,0.429314,0.187744,0.478926,0.887138
11727_master,13.2,13,6,0.933442,-0.023794,0.023303,-0.034524,2.8e-05,-0.157039,-0.014688,-0.460508,0.454748
11728_master,13.1,13,7,1.040112,-0.283311,-0.494153,-0.297495,-0.561655,0.779717,-0.110836,-0.135263,0.609327
11730_master,13.8,13+,6,0.780194,-0.406045,-0.0414,-0.299933,-0.126978,-0.006475,0.358189,0.188339,-0.093688
11731_master,13.1,13,5,1.128402,-1.258187,0.595484,-1.140043,0.622445,0.442934,0.366451,0.196648,0.524877
11733_master,13.7,13+,7,1.029158,-0.264563,-0.414473,-0.504068,-0.515515,-0.086248,-0.652181,0.198371,0.179078
11734_master,13.7,13+,7,0.350546,0.100056,-0.750644,0.019938,-0.694901,0.027855,-0.124465,-0.259798,-0.203092
11736_master,13.0,13,3,1.47489,-1.438212,0.621029,-1.136834,-0.118532,0.516521,0.629557,0.467991,1.844338
11737_master,13.5,13,3,0.940511,-0.525811,0.791418,-0.302352,0.573131,-0.316156,0.608703,-0.036838,0.586823
11738_master,13.8,13+,3,0.795813,-0.631691,0.786258,-0.56481,0.374273,0.074221,-0.007495,0.637778,0.894273
11739_master,14.1,14,7,1.259555,0.562994,-0.525346,0.435516,-0.900375,0.239055,-0.584663,0.065144,0.711434
11740_master,13.7,13+,5,0.710126,-0.444988,0.558113,-0.421165,0.658027,0.057091,0.075001,0.069035,0.152136
11741_expert,13.0,13,4,1.325767,-0.493148,1.357184,-0.670217,1.979143,-0.487843,-0.345639,-0.23675,-0.28594
11741_master,14.7,14+,6,1.160538,0.635779,0.769078,0.909741,0.545289,0.237885,0.495492,0.782959,-0.250014
11742_master,13.4,13,0,0.520189,-1.11166,0.100806,-0.971563,-0.173743,0.101014,0.444236,0.524515,0.286218
11743_master,13.8,13+,6,0.884315,-0.305069,0.606604,-0.141978,0.256905,-0.492687,0.408727,0.367726,0.292245
11744_master,14.4,14,6,0.633888,0.699085,0.116816,0.734994,-0.067813,0.26803,-0.131162,0.55912,-0.121085
11745_expert,13.4,13,6,0.72605,0.065938,0.338368,0.030209,0.214189,-0.68396,-0.083507,0.07982,-0.001721
11745_master,14.8,14+,1,1.098281,1.036884,-0.25437,0.989811,0.018851,0.969785,-0.336974,0.047378,-0.372566
11746_master,14.8,14+,1,1.142321,2.031163,-0.028203,2.18547,-0.155734,0.803811,-0.023981,-0.078914,0.136805
11747_master,13.6,13+,5,0.761216,-0.294279,0.463569,-0.261691,0.644996,0.288539,0.07861,-0.268117,0.350331
11748_master,13.2,13,3,0.857544,-0.987244,0.2377,-0.824473,-0.208952,0.258852,0.371274,0.331418,1.005339
11749_master,14.4,14,6,1.204657,0.466159,1.240026,0.696991,0.608601,-0.379428,0.27428,0.928464,0.539355
11750_master,13.9,13+,6,0.944447,-0.006828,0.876129,-0.022125,0.593272,-0.436229,-0.205418,0.774781,0.14369
11751_master,13.8,13+,6,0.537872,0.769901,-0.002255,0.774574,-0.036933,0.093212,-0.125312,0.175494,-0.237727
11752_expert,13.5,13,2,0.869938,0.632488,-0.563449,0.4309,-0.280575,-0.606638,-0.387406,-0.864057,-0.36404
11752_master,14.7,14+,1,0.961587,1.416358,0.605559,1.57954,-0.014914,-0.17534,-0.007059,0.367586,0.702489
11753_expert,13.5,13,6,0.998134,0.072149,0.937868,0.09545,0.843785,-0.399604,-0.045525,0.098158,0.371711
11753_master,14.9,14+,1,1.434859,1.662234,1.434391,1.808776,0.806536,-0.290417,-0.200342,1.026655,0.447873
11754_master,14.0,14,1,0.863554,1.097658,-0.338484,0.987698,-0.441426,0.076679,-0.491392,0.38437,-0.404066
11755_master,14.2,14,6,1.155879,0.826165,0.481775,0.896287,-0.236261,-0.239364,-0.213287,0.633366,0.840988
11756_master,13.7,13+,6,1.113567,0.005446,0.919593,0.024291,0.598393,-0.899819,-0.031784,0.617075,0.049326
11757_master,13.4,13,3,0.757513,-0.206776,0.090096,-0.347537,-0.128197,-0.057841,-0.494371,-0.130649,0.940234
11758_master,13.7,13+,3,1.068209,0.441174,0.361692,0.521579,-0.010402,0.418361,-0.106675,0.201835,0.922646
11759_master,14.1,14,6,0.964829,0.533992,0.109952,0.601384,-0.232226,0.295385,-0.074936,1.029636,-0.228508
11760_remaster,13.2,13,6,0.629111,0.512193,0.245996,0.359901,0.256894,-0.103279,-0.553929,-0.001253,0.178431
11761_master,13.9,13+,3,0.870611,-1.153375,0.674481,-0.910476,0.025822,-0.092471,0.561839,0.480285,1.267613
11763_remaster,13.5,13,7,0.463705,-0.09864,-0.50706,-0.20363,-0.262595,0.240971,-0.180411,-0.352487,-0.164269
11764_remaster,13.4,13,3,1.430215,-0.807449,0.259191,-0.688174,-0.74994,-0.010262,0.037242,0.265955,2.239906
11765_master,13.1,13,5,0.77279,-0.743386,-0.073845,-0.797803,-0.037333,0.33519,-0.101318,0.283365,0.08291
11767_master,13.0,13,6,0.738675,-0.178493,0.11857,-0.306606,0.231493,0.044471,-0.349076,0.200585,-0.109317
11769_master,13.8,13+,3,1.09224,0.124201,1.352791,0.364741,0.504429,-0.291414,0.223494,0.278859,1.9038
11770_master,13.7,13+,5,0.616675,-0.134613,0.335561,-0.131249,0.583094,0.444574,-0.014649,0.140273,-0.185059
11771_master,14.2,14,6,0.746187,0.052012,0.392588,0.120137,0.565423,-0.018989,0.212245,0.062404,-0.361578
11772_master,13.7,13+,3,0.88738,-0.546411,0.83255,-0.530348,0.325126,-0.424841,-0.118758,0.748338,0.75871
11773_master,13.1,13,0,0.887886,-1.3102,0.236902,-1.270687,0.074047,-0.279672,0.263482,0.469365,0.124631
11774_master,13.0,13,7,0.554773,0.090523,-0.442863,0.033961,-0.3539,0.030903,-0.086692,-0.138445,-0.248447
11775_master,13.2,13,5,0.528728,-0.809387,0.185937,-0.760675,0.305773,0.363007,0.2089,0.108924,0.092671
11776_master,13.7,13+,7,0.373222,-0.000902,-0.667048,-0.079765,-0.527104,0.434308,-0.167598,-0.125628,-0.187416
11777_master,13.2,13,4,2.020867,-1.918172,1.382565,-1.585102,0.863573,-0.141477,0.908072,2.072853,-0.205913
11778_remaster,14.0,14,6,0.712531,0.725884,-0.089235,0.648439,0.029665,0.428151,-0.363758,0.154526,-0.256788
11779_remaster,13.7,13+,0,0.95909,-0.652397,0.051241,-0.724605,-0.019338,-0.245979,-0.114972,0.130986,0.179631
11781_master,13.0,13,5,0.693387,-0.948572,0.048675,-0.906028,0.204642,0.159291,0.284407,-0.275357,0.222877
11782_master,13.4,13,5,0.322272,-0.532142,-0.08984,-0.463937,0.216673,0.59777,0.299599,-0.08583,-0.257573
11783_master,13.7,13+,5,0.86691,-0.472373,-0.083723,-0.293697,-0.11772,0.551543,0.505412,0.32717,-0.107873
11784_master,13.8,13+,3,0.884475,-0.671002,0.16881,-0.523637,-0.519491,0.185381,0.206588,0.123196,1.633599
11785_master,13.1,13,7,0.538062,-0.239221,-0.786193,-0.45011,-0.433533,0.458173,-0.442569,-0.49826,-0.085015
11786_master,13.7,13+,5,0.635025,-0.860992,0.022465,-0.805627,0.105494,0.050897,0.311476,0.082617,-0.103349
11787_master,13.7,13+,6,0.766621,0.21934,0.17302,0.075419,0.389853,0.249895,-0.461501,0.325469,-0.380776
11788_master,13.9,13+,1,0.465375,1.315979,-0.016216,1.267336,-0.14479,0.03264,-0.391821,-0.137891,0.20017
11789_master,14.4,14,6,0.754277,0.722845,0.449521,0.798268,0.368521,0.389529,-0.051443,0.392649,0.022782
11790_master,14.2,14,6,1.100225,0.771434,0.337285,0.874409,0.245966,0.628903,-0.012219,-0.038009,0.519259
11792_master,13.8,13+,1,1.040013,0.884201,0.027319,0.876559,0.365725,-0.040335,-0.013865,-0.624078,-0.373634
11793_master,13.2,13,7,0.619144,-0.205316,-0.475408,-0.314357,-0.222549,-0.018321,-0.12695,-0.375167,-0.282174
11794_master,13.4,13,7,0.741349,-0.417074,-0.715022,-0.412357,-0.545745,0.689603,0.11618,-0.010105,-0.263196
11796_master,13.8,13+,5,0.980622,-0.325094,-0.042968,-0.346117,-0.066855,0.678197,-0.154889,0.516861,0.075915
11797_master,13.7,13+,3,0.963358,-0.778107,0.240886,-0.714001,-0.053364,-0.717401,0.29472,-0.091323,0.534662
11798_master,13.2,13,5,0.738883,-0.61374,0.250089,-0.671156,0.347118,-0.178322,-0.054772,-0.01134,0.068065
11799_master,13.2,13,0,0.88389,-1.097378,-0.003498,-1.146946,-0.095224,0.020974,-0.036582,0.144858,0.435464
117_master,13.7,13+,2,2.313149,-1.593413,-0.169726,-1.375752,-0.371367,-1.872399,1.220156,-0.014524,-0.835018
11800_master,13.8,13+,6,1.080264,0.044492,0.84055,0.322033,0.704451,-0.106286,0.676872,-0.003317,0.300736
11802_master,13.0,13,4,0.717974,-0.891731,0.497796,-0.836495,0.627242,-0.087076,0.284414,-0.041676,0.122793
11803_master,13.7,13+,5,0.781654,-0.736084,0.410673,-0.511538,0.419297,0.260693,0.678868,0.198414,0.023859
11804_master,13.8,13+,6,0.526923,0.187275,0.639722,0.218757,0.493856,-0.170136,-0.053883,0.353618,0.160916
11805_master,13.2,13,3,0.839155,-0.232743,0.207621,-0.165266,-0.397646,-0.195347,0.008752,0.656538,0.686337
11806_master,13.7,13+,0,0.605027,-1.199056,0.037921,-1.094436,-0.362014,0.027556,0.323528,0.652692,0.439803
11807_master,13.8,13+,6,0.741262,-0.20429,0.052152,-0.152946,-0.101847,0.310001,0.058421,0.624089,-0.068084
11808_master,13.8,13+,1,1.043093,1.085609,0.929831,1.11806,0.564027,-0.236944,-0.299822,0.279927,0.654119
11809_master,14.6,14+,1,1.431701,1.690176,1.342086,1.956014,1.213659,-0.131737,0.337395,0.142735,0.03124
11810_master,14.7,14+,1,0.976939,1.077474,0.539688,1.077232,0.284752,-0.106869,-0.313026,0.861447,-0.292528
11811_master,13.7,13+,5,0.559543,-0.368542,-0.01678,-0.409602,0.086743,0.222891,-0.073601,0.172767,-0.117221
11812_master,13.8,13+,3,1.484915,-0.788281,1.697996,-0.340834,1.10629,-0.315656,1.037623,0.051765,1.62409
11813_master,14.2,14,6,0.758949,0.521092,-0.321212,0.577954,-0.519034,0.336495,0.008294,0.400782,-0.142564
11814_master,14.8,14+,1,0.886952,1.396682,0.746152,1.375027,0.296374,-0.24786,-0.510112,0.458047,0.558435
11815_master,14.1,14,6,0.996758,-0.024431,0.731235,0.028967,0.345119,0.231518,-0.146242,0.76105,0.649906
11816_master,14.0,14,6,0.744044,0.400798,0.7734,0.435435,0.626824,-0.332108,-0.065138,0.129248,0.305217
11817_master,13.9,13+,4,0.765463,-0.100542,1.113542,0.00623,1.008109,-0.554403,0.236979,0.487567,-0.086992
11818_expert,13.1,13,2,1.576271,0.217453,0.680329,-0.056789,1.260258,-0.202348,-0.713907,-0.69502,0.033495
11818_master,14.9,14+,1,1.301025,1.987742,1.116606,2.241388,0.583667,-0.015317,0.113647,0.776443,0.213358
11820_expert,13.7,13+,2,0.925845,0.219588,-0.163613,-0.034247,0.340257,-0.120864,-0.562719,-0.706646,-0.276385
11820_master,14.9,14+,1,1.416284,2.615866,0.787623,2.716673,0.731113,-0.066742,-0.195925,-0.008761,-0.242522
11821_master,14.0,14,6,0.88124,-0.115834,0.753691,0.005571,0.593763,-0.118146,0.228098,0.1047,0.48092
11822_master,13.9,13+,6,1.054118,0.682183,0.382133,0.600286,-0.226443,-0.619455,-0.521092,0.752277,0.433348
11823_master,14.3,14,6,0.714685,0.012926,-0.176296,0.11176,-0.21744,0.428669,0.226267,0.013519,0.096714
11824_master,13.7,13+,5,0.845454,-0.446809,0.19217,-0.48039,0.209432,0.005194,-0.060831,0.49853,-0.257913
11825_master,13.8,13+,6,0.675703,0.243691,0.731847,0.370709,0.371245,-0.003295,0.099273,0.699877,0.307163
11826_master,13.7,13+,6,0.603178,-0.238686,0.031269,-0.20063,-0.085566,0.13673,0.073439,0.321006,0.054586
11827_master,13.7,13+,6,0.874953,-0.063099,0.566149,0.001167,0.062043,-0.682264,0.05638,0.598882,0.365281
11828_master,13.8,13+,6,0.928469,0.552609,0.530684,0.684187,0.190423,-0.685911,0.242717,-0.054884,0.359136
11829_master,13.6,13+,6,1.062117,-0.175393,0.354373,0.138287,0.295621,-0.016093,0.909939,-0.00059,-0.124711
11830_master,13.8,13+,0,1.171694,-0.720625,0.219159,-0.61014,0.124847,0.467374,0.281138,1.013482,-0.36129
11832_master,13.8,13+,3,1.233281,-0.624164,1.551868,-0.249048,0.928066,-0.013744,0.743272,0.232566,1.7052
11833_master,13.0,13,6,0.505383,0.015191,0.103837,-0.059789,0.196321,-0.108767,-0.188583,0.131376,-0.239201
11834_master,13.7,13+,5,0.580817,-0.404495,0.154888,-0.351191,0.216629,0.122208,0.194677,-0.107964,0.158051
11835_remaster,13.2,13,7,0.788441,-0.678326,-1.045253,-0.756456,-0.682105,0.622359,0.038666,-0.582362,-0.179933
11836_remaster,13.2,13,4,0.73551,-0.603554,1.038767,-0.581014,0.955344,-0.029132,-0.035118,0.654694,0.263496
11838_remaster,13.8,13+,7,0.780821,-0.035712,-0.372995,-0.007275,-0.537176,0.368077,0.012889,0.149121,0.210967
11840_master,13.3,13,3,0.735719,-0.480615,0.13412,-0.451497,-0.236152,0.265336,-0.064122,0.354251,0.836243
11841_master,13.3,13,4,0.585097,-0.396917,0.711322,-0.337319,0.718545,-0.180918,0.168827,0.569391,-0.277211
11842_master,14.1,14,1,0.772007,1.280038,0.585277,1.202308,0.673643,-0.040743,-0.471585,-0.211756,0.147811
11843_master,13.1,13,0,0.988139,-0.846128,-0.578402,-0.861925,-1.008576,0.016354,-0.010681,0.144748,0.748065
11844_master,13.8,13+,3,0.918448,-0.562478,0.003989,-0.446973,-0.614,-0.5326,0.296318,0.340505,0.689421
11845_master,13.0,13,0,0.960348,-1.564352,-0.52529,-1.300804,-0.751715,0.736777,0.87998,0.769136,-0.120789
11846_master,13.4,13,4,1.135296,-0.37148,1.584419,-0.23418,1.358724,-0.532243,0.23799,0.237252,0.770592
11847_master,13.7,13+,6,0.673172,0.779966,-0.030807,0.760376,0.00186,-0.239161,-0.104987,-0.18343,-0.233493
11848_master,14.1,14,6,0.904743,0.399383,-0.00263,0.242805,0.304478,0.498256,-0.516304,-0.207365,-0.014875
11849_master,14.0,14,1,1.064713,0.921084,0.140582,0.975356,0.46425,0.733054,-0.006009,-0.085895,-0.407349
11850_master,13.2,13,4,0.749661,-1.201959,0.745356,-1.023427,0.928318,0.272492,0.617759,0.282344,-0.060885
11851_master,13.2,13,3,0.939674,-1.282988,0.376569,-1.114465,-0.13435,-0.199915,0.474276,0.15216,1.179216
11853_master,13.3,13,6,0.597229,0.5632,0.261388,0.474375,0.02559,-0.497194,-0.386128,0.186289,0.18998
11854_master,13.9,13+,6,0.516517,0.811514,0.249494,0.809695,0.110498,-0.006388,-0.212452,0.277844,-0.010698
11855_master,14.2,14,6,0.812352,0.760257,0.104329,0.932558,-0.337574,-0.080555,0.247595,0.464363,0.093503
11858_master,13.0,13,0,1.681321,-1.514911,0.232767,-1.561819,-0.408403,0.295754,-0.274676,1.251922,1.020134
11859_master,13.8,13+,3,1.509003,-0.705401,0.775916,-0.399981,0.411697,0.927711,0.58362,0.812466,0.801003
11860_master,14.5,14,1,0.880786,1.301764,0.930936,1.337976,0.8797,0.058123,-0.253129,0.225899,0.115154
11861_master,14.2,14,1,1.334456,0.953439,1.153655,1.06333,1.13142,-0.410054,0.090371,-0.096518,0.164727
11862_master,13.5,13,6,1.449698,-0.300167,0.646214,-0.358242,0.084726,-0.989171,-0.254727,1.109309,0.082734
11863_master,13.0,13,4,0.55975,-1.288893,0.84548,-1.127311,0.858108,-0.263086,0.603424,0.395448,-0.028179
11865_master,13.3,13,6,1.322694,0.114337,0.051909,-0.080703,-0.157246,-1.117325,-0.475161,0.52352,-0.474182
11866_master,13.3,13,0,0.81651,-1.172019,-0.022531,-1.182075,-0.301418,-0.373025,0.108278,0.723024,-0.039239
11867_master,13.0,13,0,0.387066,-1.116575,-0.229312,-1.018633,-0.592995,0.017179,0.349644,0.476799,0.3529
11867_remaster,13.7,13+,7,0.761793,-0.414352,-0.785624,-0.500206,-0.481102,-0.152311,0.070448,-0.526379,-0.515229
11868_master,13.3,13,3,1.230676,-1.259535,1.144262,-1.078955,0.774912,-0.089214,0.42185,0.540946,0.975749
11869_master,13.6,13+,3,0.87658,-0.651831,0.630734,-0.452788,0.449261,-0.148581,0.558277,-0.021644,0.571087
11870_master,13.8,13+,5,0.611757,-0.281443,0.222763,-0.21504,0.264384,0.177927,0.189634,0.180557,-0.061615
11872_master,13.2,13,5,0.601647,-0.471345,0.31828,-0.492738,0.761232,0.276599,0.066928,-0.488636,0.001029
11873_master,13.0,13,4,0.523223,-0.697278,1.301848,-0.594998,1.540409,-0.169477,0.335587,0.341181,-0.206858
11874_master,13.9,13+,6,0.47338,0.028146,0.398437,0.182489,0.179807,-0.049778,0.330707,0.341395,0.114007
11875_master,13.8,13+,6,0.8427,0.527704,0.344579,0.691435,-0.245212,-0.021693,0.14708,0.823609,0.332629
11876_expert,13.0,13,7,1.071115,-0.604651,-0.859527,-0.918861,-0.750652,-0.143573,-0.668496,-0.124841,-0.085796
11876_master,14.4,14,1,0.883849,1.084123,0.303557,1.179017,0.130246,0.006665,0.015247,-0.358724,0.531623
11877_master,13.8,13+,1,0.93903,1.032076,0.024247,0.973217,-0.031127,-0.209841,-0.314271,-0.530161,0.378581
11878_master,13.1,13,0,0.88047,-1.033403,-0.118682,-0.979698,-0.365416,-0.480661,0.334928,0.746695,-0.409044
11879_expert,13.7,13+,6,1.087267,0.678735,-0.089551,0.67074,0.250381,-0.099315,0.044956,-0.688006,-0.371549
11879_master,14.9,14+,1,2.327147,3.280209,1.311681,3.525667,0.982666,-0.132946,-0.021486,0.54077,-0.292569
11880_master,13.7,13+,6,0.533957,-0.148777,-0.010344,-0.097214,-0.131499,0.091275,0.115223,0.180568,0.10652
11881_master,13.8,13+,6,0.943761,0.715216,0.617103,0.640255,0.633777,-0.600256,-0.302055,-0.050897,-0.06796
11899_master,13.8,13+,1,0.660586,1.320019,0.56373,1.463133,0.237992,-0.063938,0.048786,0.528482,-0.041164
11900_master,14.2,14,2,0.989415,-0.190432,-0.23408,-0.371041,-0.29711,-0.756538,-0.361353,-0.040775,-0.121065
11906_remaster,14.0,14,7,1.385711,0.427466,-1.407014,0.34503,-1.785309,-0.044658,-0.227206,0.237883,-0.229964
11907_master,13.0,13,5,0.939659,-0.698932,0.191537,-0.728943,0.281714,-0.467414,0.105727,-0.145268,-0.033717
11908_master,13.3,13,4,1.213235,-0.85013,1.252546,-0.897374,1.13481,-0.993265,-0.071905,0.029831,0.638297
11909_master,13.6,13+,0,1.056179,-1.704595,0.211626,-1.37105,-0.391186,0.180679,0.95898,0.911332,0.611491
11911_master,13.0,13,0,1.088463,-1.808285,0.032028,-1.61654,-0.140777,-0.118723,0.800123,0.80433,-0.33468
11912_master,13.4,13,3,0.716598,-0.614238,0.477647,-0.6061,0.238098,0.277533,-0.118459,-0.043365,1.223856
11913_remaster,13.4,13,4,0.591329,-0.710072,0.570655,-0.626108,0.523303,-0.160917,0.282828,0.377161,0.011053
11914_remaster,13.7,13+,0,0.665602,-0.469899,-0.660255,-0.467221,-0.836075,0.163983,0.079445,0.283643,-0.061458
11916_master,13.1,13,5,0.684494,-0.199278,-0.346785,-0.257466,-0.096813,0.246539,-0.048432,-0.478231,0.001889
11917_master,14.1,14,6,0.979795,0.787255,0.46275,0.99318,0.267717,-0.37882,0.44749,0.285057,-0.340766
11918_master,14.3,14,6,0.84845,0.611207,0.18106,0.66116,-0.118657,-0.347621,-0.01343,-0.192978,0.536291
11951_master,13.0,13,4,0.822893,-0.406241,0.444591,-0.38455,0.363358,-0.43668,0.110668,0.25831,-0.026749
119_master,13.4,13,2,1.016995,-0.541435,0.064409,-0.717538,0.868393,-0.707146,-0.017854,-1.18955,-0.673909
1235_master,14.5,14,1,0.338355,1.507547,-0.153756,1.462329,-0.1269,0.052346,-0.327151,-0.06919,-0.35685
125_master,13.4,13,2,0.771787,-0.193529,-0.651799,-0.466666,-0.453263,-0.606193,-0.507082,-0.507702,-0.259163
1301_master,13.9,13+,6,0.629294,0.404045,0.025071,0.285579,0.044275,-0.406686,-0.331879,0.2616,-0.476458
130_master,13.7,13+,7,1.209177,0.648552,-0.836599,0.573092,-0.269685,0.100133,0.009193,-1.154395,-0.633651
131_remaster,13.5,13,0,0.900494,-0.983312,-0.025901,-0.782529,0.029942,0.668373,0.6491,0.41662,-0.201516
132_expert,13.1,13,2,1.495562,0.066415,0.198472,-0.307375,0.887698,-1.904452,-0.535766,-1.355357,-0.789985
132_master,13.7,13+,2,0.866626,-0.319046,0.13952,-0.494673,0.828067,-0.600413,-0.124727,-0.813081,-0.726606
133_master,13.7,13+,2,1.515836,0.820453,-0.031194,0.504225,0.81652,0.022017,-0.752891,-0.89031,-0.761652
133_remaster,13.9,13+,6,0.818611,0.742608,0.002696,0.619334,0.239999,0.430404,-0.475225,0.06945,-0.317032
134_master,13.2,13,4,1.850105,-1.300317,0.646721,-1.155608,1.222824,-1.252916,1.002413,-0.842419,-0.839135
134_remaster,13.4,13,0,1.032331,-0.52405,-0.135927,-0.296401,-0.429566,-0.275825,0.738699,0.695482,-0.533561
135_master,13.2,13,5,1.32149,-1.157193,-0.506424,-1.005242,-0.087179,-0.155751,0.90565,-0.663073,-0.676285
136_master,13.7,13+,5,1.026686,-0.941472,-0.305335,-0.71534,0.027201,0.310715,0.944964,-0.165585,-0.718434
137_master,13.4,13,2,1.36863,-0.566709,-0.572275,-0.409322,-0.012374,-0.530381,0.977098,-1.275556,-0.830957
138_master,13.4,13,7,0.811693,-0.344633,-1.137567,-0.470576,-0.964954,-0.295113,-0.029454,-0.511529,-0.487813
139_master,13.4,13,2,1.947643,0.375509,-1.604597,-0.095816,-1.541031,-1.728939,-0.871857,-0.995562,-0.609209
140_master,13.3,13,5,1.656283,-1.279865,-0.341159,-1.007483,0.204906,-0.11745,1.306452,-0.963522,-0.704897
141_master,14.1,14,2,1.573839,1.206156,-1.198657,0.896846,-0.661114,-0.584572,-0.602979,-1.3595,-0.797486
142_expert,13.0,13,2,1.811382,-0.585133,-0.980264,-1.102057,-0.428936,-2.139726,-0.702078,-1.535909,-0.771055
142_master,13.3,13,2,1.186781,-0.93247,-0.83783,-1.071189,-0.175798,-0.049534,0.108839,-0.94064,-0.6726
143_master,14.2,14,1,3.280295,3.713819,-1.018303,2.855406,-0.755474,0.656116,-3.018294,0.451999,-0.786061
143_remaster,14.6,14+,6,1.667764,0.082009,0.252404,0.517292,-0.413079,0.417086,0.943309,1.380763,-0.151839
144_master,13.3,13,2,0.950214,0.25954,-0.743289,-0.147126,-0.440817,-1.103381,-0.822855,-0.477621,-0.817813
144_remaster,13.7,13+,7,0.897818,0.433317,-0.66262,0.21833,-0.481821,-0.370911,-0.46817,-0.256604,-0.574523
146_master,13.0,13,2,1.329854,-0.940882,-1.266113,-1.155277,-0.609937,-0.232573,-0.021381,-1.303501,-0.55078
146_remaster,13.4,13,0,0.684373,-1.158266,-0.439389,-1.080601,-0.550706,-0.277097,0.488226,0.453011,-0.494138
152_master,13.2,13,5,1.333087,-1.25282,-0.556279,-1.352563,0.237253,0.001019,0.269346,-1.107031,-0.585484
153_master,13.2,13,5,1.166405,-1.19399,-0.055958,-1.075007,0.503552,0.002771,0.759336,-0.867105,-0.348204
154_expert,13.2,13,4,2.9742,0.068209,1.824576,-0.280703,3.165919,-0.827494,-0.6781,-1.230968,-0.750578
154_master,13.7,13+,2,1.581586,0.456088,0.354039,0.31514,1.279975,-0.161623,-0.158916,-1.12562,-0.786166
155_master,13.2,13,5,1.293889,-1.449293,-0.348099,-1.309284,0.064018,-0.078984,0.867289,-0.53596,-0.546783
1736_master,13.2,13,0,1.063711,-1.029925,-0.575666,-0.997892,-0.414284,-0.469409,0.494097,-0.315557,-0.518442
1819_master,14.2,14,6,1.241021,-0.043238,0.086275,-0.036,-0.302507,-0.223897,-0.085192,1.27532,-0.48992
187_master,13.2,13,5,0.866478,-0.976571,-0.261993,-0.842694,0.322386,0.47478,0.723116,-0.681159,-0.483696
188_master,13.3,13,5,1.313732,-1.271303,0.18432,-1.133546,1.038224,0.782661,0.749818,-0.728817,-0.513172
191_master,14.1,14,2,2.190699,0.810267,1.07375,0.507698,1.461146,-2.206715,-0.616677,-0.620417,-0.802536
193_master,13.3,13,5,1.383868,-0.153753,-0.707004,-0.533911,0.382099,0.863667,-0.778919,-1.114007,-0.596623
194_master,13.3,13,5,1.232262,-1.093047,-0.727579,-1.069881,0.054346,0.329907,0.580675,-1.031626,-0.760863
198_master,13.2,13,2,0.981914,-0.776019,-0.560568,-0.801003,-0.373776,-0.951937,0.387444,-0.527364,-0.647969
198_remaster,14.1,14,7,0.946101,0.219453,-0.600131,0.197139,-0.9106,-0.239659,-0.076549,0.236694,-0.067112
199_master,13.3,13,2,0.935673,-0.764802,-0.62671,-0.898351,0.111755,-0.509592,0.18828,-1.294946,-0.720359
200_remaster,13.3,13,0,0.748001,-0.549986,-0.362917,-0.481118,-0.283125,0.115936,0.356616,0.079296,-0.386338
201_master,13.3,13,2,0.973434,0.02961,-1.176922,-0.172974,-0.59136,-0.221895,-0.16542,-1.121835,-0.772455
202_master,13.4,13,7,0.970708,0.021563,-1.172325,-0.179924,-0.407283,0.399411,-0.216805,-1.212485,-0.6773
204_master,13.3,13,7,1.792549,0.637673,-2.45094,0.109495,-1.780212,0.316334,-1.122435,-1.365906,-0.764925
204_remaster,14.4,14,1,1.596186,1.568649,-1.3876,1.259808,-0.970169,0.52336,-0.890833,-0.765238,-0.585244
205_master,13.2,13,5,0.829127,-0.618225,0.189584,-0.693376,0.9072,0.13894,0.08127,-0.545946,-0.627122
209_master,13.8,13+,2,0.412344,-0.016308,-0.752279,-0.243912,-0.307866,-0.790333,-0.244347,-1.022294,-0.613294
213_master,13.4,13,2,0.802493,-0.427309,-0.095042,-0.479161,0.344937,-0.430229,0.176723,-0.469407,-0.702674
214_master,13.2,13,2,1.528573,-0.938281,0.077031,-1.106387,0.543637,-1.925192,0.173439,-1.143779,-0.659514
216_master,13.3,13,4,2.790936,-2.598081,0.341464,-1.994292,0.627265,-0.870936,2.452158,-0.511258,-0.856193
218_master,13.4,13,2,1.716637,-0.472151,-0.836277,-0.706672,-0.666486,-2.272913,0.002265,-1.192299,-0.723761
219_master,13.6,13+,2,2.013523,0.371301,-0.571009,0.023555,-0.521719,-2.696257,-0.469158,-1.182877,-0.600908
219_remaster,14.3,14,2,1.001424,0.477763,-0.348905,0.253928,0.210008,-0.06549,-0.46799,-0.895772,-0.403167
220_master,13.0,13,7,0.725079,-0.184884,-1.124792,-0.407719,-0.565501,0.126114,-0.283555,-0.711293,-0.775469
223_master,13.8,13+,5,1.217029,-0.435512,-0.066921,-0.549544,0.994521,0.535026,0.030363,-1.085395,-0.75307
224_master,14.0,14,2,2.51727,0.867533,-0.961532,0.462441,-0.988002,-2.909702,-0.639722,-1.246186,-0.775067
225_master,13.4,13,7,1.091211,-0.834484,-1.033689,-0.913432,-0.454203,0.31584,0.203384,-0.839784,-0.580337
226_master,13.4,13,2,0.941329,-0.408926,-0.865285,-0.777089,-0.307863,-1.360356,-0.442981,-1.288239,-0.730046
226_remaster,13.4,13,2,0.575509,0.212973,-0.110698,0.098005,0.316013,-0.651088,-0.067373,-0.7247,-0.628087
227_expert,13.1,13,7,0.905934,0.04414,-1.500251,-0.225426,-1.267481,-0.219939,-0.460199,-0.798008,-0.37199
227_master,14.2,14,7,1.224728,0.681328,-1.17536,0.563907,-0.717737,1.292403,-0.35082,-0.538011,-0.352212
227_remaster,14.8,14+,6,0.746247,0.904323,-0.038512,0.9415,-0.216809,0.021555,-0.079719,0.414331,-0.303716
22_remaster,14.8,14+,1,0.937921,1.994646,0.053333,1.910101,-0.066352,0.035247,-0.599547,0.603724,-0.64199
230_master,13.3,13,0,1.911051,-2.329743,-0.860411,-1.847165,-0.792022,0.958239,1.783339,0.280443,-0.533873
231_master,13.2,13,5,1.071513,-0.498668,-0.626752,-0.730673,0.365301,0.927733,-0.339058,-0.942191,-0.608662
232_master,13.7,13+,7,0.642855,0.113358,-0.857663,-0.122839,-0.361607,0.545121,-0.517252,-0.34623,-0.606299
233_master,14.4,14,1,1.197675,1.232544,0.012427,1.053171,0.349028,0.75814,-0.742082,0.397348,-0.686658
234_master,13.2,13,5,0.653825,-0.940064,0.041858,-1.019233,0.638604,0.724306,-0.026177,-0.158754,-0.349123
235_master,14.1,14,5,1.85833,-0.772412,0.696984,-0.73302,1.855365,1.233475,0.325079,-0.767797,-0.528105
236_master,13.3,13,0,0.94723,-1.440087,-0.840713,-1.285488,-0.65558,0.473594,0.788266,-0.339927,-0.175482
238_master,13.8,13+,2,0.675301,-0.154881,-0.094608,-0.397608,0.583787,-0.455123,-0.350276,-0.879017,-0.613803
239_master,14.4,14,5,1.063876,0.291436,0.310724,0.179208,0.793937,-0.010541,-0.242305,-0.334265,-0.490607
239_remaster,14.0,14,6,1.314469,0.398821,0.734151,0.575759,0.644719,0.21631,0.297569,1.063539,-0.665714
23_remaster,13.7,13+,5,1.337468,-1.191099,0.256335,-0.814815,0.402975,1.047453,1.129726,0.289514,-0.09006
240_master,13.8,13+,5,0.862412,-0.565149,-0.151516,-0.620165,0.437351,-0.141302,0.194034,-0.763043,-0.551396
240_remaster,14.5,14,7,1.091317,0.282094,-0.409385,0.250024,-0.082809,0.88684,-0.120911,0.072027,-0.507792
244_master,13.0,13,4,2.356602,-0.49384,2.039744,-0.72138,3.100725,-0.2415,-0.485355,-0.357547,-0.51662
246_master,13.2,13,7,1.308835,-0.895943,-1.456211,-1.169786,-0.806516,0.238729,-0.276746,-1.154397,-0.401359
247_master,13.4,13,5,1.028559,-0.418826,0.231949,-0.574296,0.712351,1.056757,-0.475969,0.185292,-0.093601
247_remaster,13.7,13+,4,1.010216,-0.645646,0.693487,-0.570929,0.654145,0.364117,0.126743,0.938198,-0.150408
248_remaster,13.3,13,0,0.633561,-1.095415,0.014858,-0.882524,-0.056505,0.184414,0.742569,0.377277,-0.157308
24_remaster,14.0,14,4,1.53214,-0.367164,0.826135,-0.341389,1.71953,0.097944,0.329484,-0.823114,-0.618625
251_master,13.0,13,7,0.876958,-0.463746,-1.029153,-0.575601,-0.545668,0.871264,-0.097153,-0.248132,-0.62145
252_master,13.7,13+,2,0.657248,-0.568584,-0.542966,-0.872962,-0.081914,-0.731786,-0.440195,-0.92561,-0.31745
252_remaster,13.7,13+,0,0.607241,-0.902125,-0.178061,-0.890267,-0.121628,0.171523,0.18174,0.18416,-0.105435
253_master,13.3,13,4,1.277743,-1.104223,1.193489,-1.02871,1.712559,-0.860498,0.574746,-0.458521,-0.43213
254_master,13.3,13,7,0.826206,-0.536338,-1.329368,-0.614895,-0.907792,0.782181,0.053362,-0.665727,-0.3337
255_remaster,13.8,13+,6,1.524594,0.88981,0.784731,1.182471,0.347601,-0.761816,0.63231,0.78572,-0.513258
258_master,13.8,13+,1,1.391239,1.965446,-0.998148,1.609251,-0.642202,-0.085976,-1.054231,-0.602882,-0.799434
259_master,13.3,13,2,0.635337,-0.353627,-0.670509,-0.681533,0.05646,-0.500492,-0.464478,-1.163167,-0.633629
260_master,13.2,13,5,1.120677,-0.437004,0.243383,-0.527772,1.195067,0.542385,0.008995,-0.777887,-0.651874
260_remaster,13.7,13+,6,0.734998,0.558793,-0.182528,0.407391,0.049483,0.221729,-0.464729,0.146636,-0.545293
261_master,13.8,13+,2,1.319281,0.595015,-1.094679,0.333418,-0.892248,-1.419329,-0.34933,-1.074108,-0.729121
261_remaster,14.2,14,1,1.054844,1.472916,-0.510395,1.449043,-0.766233,0.189218,-0.335389,0.540705,-0.472536
262_master,13.7,13+,7,1.122613,-0.370473,-1.232971,-0.534622,-0.442088,1.107163,-0.167529,-0.83438,-0.645818
263_master,13.3,13,5,0.880809,-0.54866,-0.599183,-0.633577,0.221661,0.863443,0.059484,-0.917511,-0.489614
264_master,13.7,13+,5,1.189751,0.029466,0.334251,-0.189245,1.182263,0.432828,-0.481158,-0.510006,-0.608438
265_master,13.3,13,4,2.217599,-1.950622,1.273492,-1.654567,2.026641,-0.835561,1.44445,-0.759398,-0.753419
265_remaster,13.3,13,5,1.35201,-1.542743,-0.169998,-1.408597,0.417178,1.29403,0.626161,-0.357831,-0.069378
268_master,13.8,13+,2,1.517666,-0.155905,-1.672666,-0.732921,-0.888651,-0.375656,-1.099486,-1.363305,-0.737927
269_master,13.9,13+,1,1.361945,1.09326,0.060235,0.83982,0.640799,-0.337121,-0.645409,-0.631245,-0.759677
270_master,14.0,14,7,1.501375,0.23499,-0.946219,-0.067616,0.105423,0.815978,-0.565537,-1.462579,-0.559097
278_master,13.3,13,0,0.964552,-1.221724,-0.770918,-1.231793,-0.41946,0.704847,0.262847,-0.07695,-0.416982
280_master,13.2,13,4,0.960154,-1.417959,0.565222,-1.181708,0.501494,-0.207771,0.8564,0.667179,-0.35185
281_master,13.2,13,5,1.054076,-1.451558,-0.193963,-1.270395,0.163773,0.477198,0.837361,-0.14751,-0.413003
283_master,13.7,13+,7,0.551749,-0.26685,-0.601403,-0.360073,-0.356981,0.349872,-0.125465,-0.11244,-0.370062
285_master,13.7,13+,4,0.788943,-0.273266,0.654971,-0.327789,0.981179,-0.547691,0.009019,0.107045,-0.675463
288_master,13.8,13+,1,1.322829,1.045773,-0.284332,0.727774,0.347361,0.234673,-0.878242,-0.762908,-0.454817
295_master,13.3,13,5,1.174845,-0.097729,0.309225,-0.393196,0.983549,0.056404,-0.684855,-0.158358,-0.672453
295_remaster,13.7,13+,5,2.345545,-2.10394,0.441208,-1.503791,0.876596,1.140818,2.010918,0.080884,-0.510582
299_master,13.6,13+,2,1.089563,0.381068,-0.110252,0.072313,0.506135,-0.082279,-0.725104,-0.682315,-0.455017
299_remaster,14.2,14,5,0.788668,-0.167118,0.358013,-0.130845,0.923862,0.667578,0.166475,-0.24285,-0.418613
301_master,13.7,13+,7,0.353328,-0.062582,-1.093861,-0.226727,-0.731355,0.371076,-0.254792,-0.736409,-0.23478
301_remaster,14.0,14,1,1.38569,1.901159,-1.047639,1.711912,-1.064223,-0.291637,-0.630835,-0.399062,-0.565204
302_master,13.0,13,0,0.886461,-0.683778,-1.001975,-0.724984,-0.945049,-0.057505,0.166572,0.046489,-0.59599
303_master,13.3,13,5,1.043628,-0.503274,-0.337272,-0.745976,0.647119,0.79546,-0.393831,-0.913757,-0.51177
308_master,13.7,13+,4,2.422322,-2.317748,1.365448,-1.61515,1.555892,-0.441492,2.432601,0.37005,-0.843265
310_remaster,13.2,13,0,2.14272,-1.905496,-0.100519,-1.23852,-0.048079,0.021977,2.345528,-0.353376,-0.422666
312_remaster,13.2,13,0,0.872216,-0.757441,0.076531,-0.768299,-0.266059,-0.230234,-0.022054,0.868005,0.01573
313_master,13.2,13,5,0.916507,-0.44583,-0.705668,-0.646141,0.126981,0.910112,-0.295441,-0.765746,-0.542526
314_master,13.9,13+,7,1.046142,-0.876351,-0.913001,-0.877976,-0.591153,0.813128,0.22571,-0.459832,-0.074081
315_master,13.2,13,5,0.989884,-0.915929,-0.391004,-0.973145,0.473024,0.453169,0.26287,-1.001314,-0.60566
318_master,13.2,13,0,0.735261,-1.120682,-0.198115,-1.110819,-0.04021,0.165244,0.251611,0.171601,-0.28727
319_master,14.1,14,7,0.646017,-0.269011,-0.706306,-0.303219,-0.342044,0.17217,0.153671,-0.518372,-0.516541
324_master,14.1,14,7,0.87463,0.493751,-1.47462,0.381527,-1.103976,0.647316,-0.164216,-0.587704,-0.678581
325_master,13.4,13,7,0.725892,0.18907,-1.131614,-0.179469,-0.60146,0.307796,-0.831306,-0.740441,-0.415492
326_master,13.7,13+,5,1.261785,-0.665201,-0.483693,-1.004358,0.256148,0.591223,-0.700549,-0.972406,0.088473
327_master,13.5,13,5,1.120384,-0.564027,0.457162,-0.722824,1.225764,0.039311,-0.184614,-0.445179,-0.627219
328_master,13.4,13,5,0.722129,-0.144773,-0.318974,-0.321585,0.406566,0.425987,-0.271036,-0.578851,-0.684852
328_remaster,13.3,13,4,0.698846,-0.314297,0.541334,-0.362683,0.647885,-0.449339,-0.055113,0.242005,-0.304762
330_master,13.2,13,0,2.024138,-2.490745,0.292978,-1.985215,0.372372,0.233878,1.842555,0.305469,-0.358979
337_master,13.3,13,7,0.854653,-0.625458,-1.046688,-0.648015,-0.702109,0.586586,0.204739,-0.242637,-0.611378
339_master,13.9,13+,1,1.293536,1.598773,-0.54586,1.189805,-0.211802,-0.430233,-1.174083,-0.367359,-0.762329
341_master,13.3,13,5,0.976722,-1.166958,-0.010981,-1.100856,0.240506,-0.251982,0.518772,-0.326264,-0.24475
342_master,13.4,13,5,0.720264,-0.402726,-0.484909,-0.569439,0.206043,0.240043,-0.153541,-0.649003,-0.711853
344_master,13.4,13,2,0.896895,-0.490805,-0.504501,-0.793698,0.14771,-0.135436,-0.49653,-0.823731,-0.463419
345_master,13.6,13+,5,1.234499,-0.008817,-0.649565,-0.417924,0.210685,0.611895,-0.934896,-0.736094,-0.571016
346_master,13.7,13+,5,1.434513,0.197586,-0.288213,-0.029823,0.780805,0.449612,-0.352339,-1.263946,-0.756476
347_master,13.8,13+,4,1.560691,-0.735138,0.586387,-0.58411,0.552133,-1.572633,0.779754,0.090788,-0.771492
348_master,14.5,14,1,1.274747,1.319391,-0.968957,1.252085,-0.595854,0.731618,-0.240391,-0.566485,-0.619069
349_master,13.7,13+,5,1.205287,-0.188433,-0.768354,-0.533173,0.124992,0.51123,-0.661989,-1.074113,-0.505427
351_master,13.2,13,5,0.774557,-1.101937,-0.176995,-1.102183,0.444086,0.887247,0.248444,-0.42928,-0.24439
358_master,13.6,13+,5,0.851181,-0.444815,-0.371447,-0.624378,0.538981,0.711302,-0.213165,-0.657071,-0.796283
359_master,13.2,13,7,1.067054,-0.882711,-1.207842,-0.930001,-0.733614,0.740514,0.208204,-0.667724,-0.371526
35_master,13.3,13,2,2.128943,-0.40914,0.821844,-0.859778,1.96038,-1.040945,-0.800119,-1.331868,-0.65007
360_master,13.4,13,7,0.55234,-0.165137,-0.959137,-0.318402,-0.721383,0.269267,-0.252272,-0.066398,-0.603108
363_master,14.5,14,1,1.198432,2.210191,-0.191681,1.882504,0.078534,-0.402581,-1.101325,-0.603202,-0.42407
364_master,13.8,13+,0,0.879358,-0.511863,-0.202372,-0.408416,-0.27385,0.346267,0.328907,0.668089,-0.445254
364_remaster,13.5,13,0,1.193714,-0.683756,0.469474,-0.433984,0.057021,-0.181093,0.668097,1.113328,-0.241336
365_expert,13.3,13,2,1.085073,-0.079505,-0.124207,-0.324672,-0.026769,-0.848412,-0.507756,0.184228,-0.639849
365_master,14.6,14+,1,0.810991,1.181161,-0.498467,1.029906,-0.414237,-0.07597,-0.50201,-0.096809,-0.505186
365_remaster,14.7,14+,6,0.736408,0.170274,0.419184,0.435704,0.18483,0.063249,0.619433,0.40223,-0.040095
366_master,13.7,13+,5,0.703787,-0.195007,0.099876,-0.331728,0.662934,0.075686,-0.200362,-0.339707,-0.580361
367_master,13.4,13,5,0.699349,-0.988571,-0.381349,-0.971758,0.050837,0.889232,0.243644,-0.178935,-0.240047
367_remaster,14.5,14,5,0.486298,-0.163587,-0.022181,-0.111486,0.269526,0.303347,0.240088,-0.219372,-0.309997
374_master,13.4,13,5,0.891611,0.160898,-0.241866,-0.04104,0.445807,0.437124,-0.421307,-0.592628,-0.56345
376_master,13.7,13+,7,1.241226,0.719028,-1.852792,0.548037,-1.425781,0.693939,-0.304609,-0.865074,-0.689743
378_master,13.2,13,0,3.152219,-2.521537,0.22954,-1.970203,-1.035434,1.566188,1.200457,1.915963,1.923559
378_remaster,13.7,13+,5,0.97309,-0.251511,-0.269111,-0.056775,-0.196795,0.197338,0.665075,-0.037893,-0.418442
379_master,14.3,14,6,0.417471,-0.025135,0.197027,0.057819,-0.027129,-0.239535,0.187684,0.302852,0.04473
380_master,13.7,13+,7,0.795325,0.325948,-1.321677,0.182709,-1.24747,-0.017652,-0.241262,-0.257038,-0.584582
381_master,14.0,14,5,0.842667,-0.275562,-0.630924,-0.445495,-0.077734,0.964693,-0.358188,-0.365272,-0.308849
382_master,13.3,13,2,0.891525,0.083558,-1.017133,-0.348026,-0.44992,-0.450845,-0.861046,-0.969386,-0.578935
384_master,14.7,14+,7,0.501609,0.156206,-0.907741,0.083693,-0.784524,0.48754,-0.14831,-0.044123,-0.393672
385_expert,13.0,13,2,2.180297,0.281625,0.904982,-0.033107,2.074749,-0.402374,-0.611618,-1.366189,-0.603545
385_master,14.5,14,1,1.337265,1.705675,0.513014,1.552642,1.109846,0.384287,-0.633773,-0.258911,-0.730655
386_master,13.8,13+,5,0.864526,-0.125886,0.008613,-0.31358,0.550803,0.877213,-0.522735,-0.268868,-0.054868
387_master,14.5,14,1,3.872988,5.097216,0.914303,5.034781,0.537678,0.274584,-1.256393,1.046056,-0.61905
388_expert,13.3,13,7,1.211753,-0.368144,-1.16177,-0.84741,-0.494176,0.44285,-1.057443,-0.452894,-0.634181
388_master,14.2,14,7,1.064158,0.632945,-1.714781,0.346668,-1.32964,0.172256,-0.578495,-0.787165,-0.726911
389_master,13.9,13+,5,1.207129,-0.207313,0.524217,-0.357752,1.369132,0.655826,-0.31393,-0.329139,-0.570418
389_remaster,14.2,14,1,1.051824,1.387388,0.468595,1.317011,0.851062,0.465486,-0.427668,0.088166,-0.612431
390_master,14.1,14,7,1.061583,0.758119,-1.112956,0.455782,-0.4799,0.219319,-0.654495,-1.018468,-0.671962
400_master,13.8,13+,7,0.625542,-0.32613,-0.845881,-0.538361,-0.377995,0.185626,-0.323904,-0.597507,-0.448396
401_master,13.7,13+,5,0.578892,-0.414936,-0.189302,-0.518844,0.101208,-0.054937,-0.104507,-0.296677,-0.253787
404_master,13.0,13,5,0.758888,-0.96356,-0.396959,-1.06614,0.058024,0.029606,0.058359,-0.408148,-0.458596
408_master,13.3,13,4,1.369141,-1.645888,0.598393,-1.256435,0.87763,0.164622,1.409384,-0.024189,-0.370102
410_master,13.4,13,5,1.147877,-1.038426,-0.179216,-0.894873,0.219484,-0.231989,0.818302,-0.583384,-0.575393
411_master,13.9,13+,1,1.233518,1.147728,-0.950813,0.973616,-0.795371,-0.125698,-0.458064,-0.363134,-0.666341
413_master,13.4,13,7,0.523637,0.024907,-0.543332,-0.10709,-0.482885,0.053578,-0.30773,-0.013677,-0.215506
417_master,13.4,13,7,1.655751,-0.230942,-1.837106,-0.463288,-2.058454,-0.576741,-0.358922,-0.369546,-0.189349
419_master,13.3,13,4,0.921186,-0.442622,0.322126,-0.445579,0.632682,-0.569957,0.239573,-0.301123,-0.485735
420_master,13.4,13,5,1.060016,-0.067134,-0.191116,-0.050208,0.575548,0.390259,0.312249,-0.98483,-0.649855
421_master,14.3,14,1,1.250681,1.726293,-0.968588,1.514791,-0.583854,0.489021,-0.68834,-0.797752,-0.440173
422_master,13.8,13+,7,0.588681,0.099796,-0.615745,0.047657,-0.298032,0.608502,-0.073452,-0.280588,-0.364142
423_master,13.1,13,6,0.735006,0.293937,-0.239214,0.263166,0.03654,0.433576,-0.075697,-0.101675,-0.417983
424_master,13.3,13,4,2.443137,-0.370563,2.62605,-0.492422,3.32531,-0.7659,-0.306168,0.263924,-0.501976
425_master,13.3,13,0,1.178893,-0.699123,0.05067,-0.395138,-0.042524,0.236205,0.944015,0.711937,-0.638733
426_master,13.4,13,0,0.797951,-0.82431,-0.657379,-0.620264,-0.604323,0.357764,0.798058,0.120559,-0.537049
427_master,13.9,13+,7,0.543799,0.415302,-0.673728,0.26607,-0.408965,0.469045,-0.400078,-0.35048,-0.219656
431_expert,13.0,13,7,0.841246,0.166134,-1.11636,-0.128395,-0.775008,0.8844,-0.792287,-0.241834,-0.201094
431_master,14.4,14,7,0.703159,0.52698,-0.717879,0.528976,-0.699946,0.362139,-0.021153,-0.254221,-0.11758
432_master,14.0,14,7,1.557351,-0.766559,-1.457376,-0.514963,-1.386168,0.397213,1.056171,-0.800878,-0.200826
438_master,13.4,13,5,1.041377,-0.027114,-0.471021,-0.167324,-0.040423,1.096183,-0.400034,0.07362,-0.393941
439_master,13.9,13+,7,0.658937,-0.269562,-1.325577,-0.325212,-1.062636,0.63809,0.051028,-0.664393,-0.164852
440_master,13.0,13,2,1.049524,-0.065855,-0.042274,-0.3303,0.170504,-0.719188,-0.562623,0.115725,-0.673277
446_master,13.9,13+,1,1.064156,1.022097,-0.615253,0.875663,-0.584772,0.233372,-0.527511,0.248408,-0.562805
447_master,13.4,13,7,0.777159,-0.493504,-0.717661,-0.566475,-0.581635,0.507945,-0.086085,0.143672,-0.319499
448_master,13.6,13+,6,0.699296,-0.002495,-0.32558,-0.071093,-0.203662,0.156849,-0.138766,0.215621,-0.485185
451_master,13.8,13+,6,0.877069,0.048944,-0.333971,-0.115857,-0.55023,-0.234027,-0.49466,0.392521,-0.00106
453_master,13.5,13,7,0.772397,0.267142,-0.962443,-0.054338,-0.468632,0.548749,-0.785023,-0.300091,-0.60911
454_master,13.7,13+,5,1.044478,0.270128,-0.076406,-0.013681,0.373862,0.312454,-0.780972,-0.166945,-0.318871
456_expert,13.2,13,7,0.585452,0.120524,-1.346363,-0.167033,-1.012883,0.146504,-0.583138,-0.565767,-0.491203
456_master,14.8,14+,1,1.662022,2.269919,-1.328551,1.992043,-1.087796,0.257418,-0.918937,-0.513659,-0.799267
459_master,13.3,13,5,0.639802,-0.663601,-0.399968,-0.730715,0.048357,0.025056,0.123093,-0.468355,-0.520312
460_master,13.9,13+,1,0.960204,2.276328,-0.02195,2.16527,-0.064305,0.041993,-0.6813,0.317068,-0.599841
461_master,13.7,13+,5,0.60004,-0.473975,-0.415559,-0.498847,-0.155957,0.632184,0.030818,-0.272093,0.001417
462_master,14.4,14,6,1.033379,0.561391,0.156822,0.519484,0.321908,0.782027,-0.321759,0.488506,-0.331245
463_master,13.6,13+,6,0.938983,0.440813,-0.258741,0.210426,0.15796,0.318713,-0.626667,-0.191476,-0.454243
463_remaster,13.9,13+,6,0.982965,0.558284,0.632807,0.751895,0.624844,0.367457,0.33909,0.430948,-0.240343
464_master,13.8,13+,6,0.943125,0.677079,-0.213299,0.531863,0.160187,-0.076233,-0.345235,-0.459719,-0.517381
464_remaster,14.4,14,6,0.730901,0.79117,0.300229,0.762511,0.402362,-0.216477,-0.162756,0.019352,-0.37032
465_master,13.8,13+,0,1.022566,-1.074195,-0.766101,-0.865526,-1.4722,-0.045045,0.647017,0.690072,0.369029
466_master,13.3,13,0,0.80788,-1.295049,-0.1324,-1.193102,0.035836,0.235127,0.53677,0.011739,-0.168226
467_master,13.8,13+,7,1.103998,0.559671,-1.46747,0.478252,-1.371707,0.853378,-0.228614,-0.139761,-0.418024
471_master,13.3,13,5,0.682212,-0.620152,-0.630156,-0.638228,-0.174213,0.532692,0.206485,-0.217471,-0.684723
472_master,13.5,13,5,1.439672,-0.411974,0.45745,-0.580191,1.132259,1.298043,-0.522339,0.313581,-0.356462
472_remaster,14.0,14,7,1.126642,0.247596,-0.647415,0.068909,-0.130674,1.198678,-0.518351,-0.351197,-0.208354
477_master,13.8,13+,6,1.243587,0.30988,-0.233328,0.446401,-0.44882,0.455761,0.242081,0.987752,-0.64125
47_remaster,14.6,14+,6,0.722614,0.590863,-0.075282,0.685939,-0.428153,-0.166634,0.117618,0.565957,-0.216545
480_master,13.2,13,5,0.588892,-0.804107,0.201571,-0.86705,0.642802,0.489979,-0.033623,0.12752,-0.398109
482_master,13.7,13+,6,0.603358,0.480271,-0.042963,0.361811,-0.058587,0.248609,-0.477313,0.457676,-0.215107
488_expert,13.2,13,5,0.883168,-0.275569,0.478924,-0.29154,1.053744,0.123633,0.114062,-0.497083,-0.35953
488_master,14.1,14,1,1.069666,1.737353,-0.311719,1.596869,0.179368,0.030465,-0.442487,-0.873267,-0.634029
490_master,13.8,13+,6,0.708453,0.354626,-0.372432,0.259559,-0.302319,-0.295658,-0.195617,-0.257287,-0.263353
492_master,14.0,14,1,0.898345,1.506477,-0.4097,1.224838,-0.059808,-0.038891,-0.866285,-0.453677,-0.549669
493_master,13.4,13,0,0.477043,-1.258091,-0.099958,-1.00418,-0.450171,0.087218,0.817682,0.373987,0.333046
494_master,14.5,14,1,0.842741,1.465487,-0.027695,1.650338,-0.16077,0.391708,0.234407,0.300771,-0.420914
495_expert,13.2,13,2,1.169067,-0.920886,-0.451875,-0.835199,-0.229071,-0.509564,0.65414,-0.560623,-0.478339
495_master,13.9,13+,1,0.618175,1.266876,-0.134966,1.170081,0.092475,0.035233,-0.37115,-0.149065,-0.597649
496_expert,13.6,13+,7,1.02535,0.316696,-0.501172,0.069578,0.138492,0.386931,-0.551248,-0.83093,-0.367984
496_master,14.7,14+,1,0.816168,1.100135,-0.346039,1.149565,-0.159564,0.372812,0.048467,-0.328477,-0.420245
496_remaster,14.5,14,1,1.018022,1.198817,0.012554,1.274052,0.330754,0.646433,0.050887,-0.588095,-0.125236
506_master,13.3,13,0,1.513991,-1.199637,-1.426851,-1.032942,-1.246689,1.330626,0.711724,-0.088689,-0.284201
507_master,13.0,13,2,0.708645,0.165116,-0.70583,0.010834,-0.221372,-0.288992,-0.137872,-0.964689,-0.565045
510_master,13.1,13,0,0.872862,-0.959035,-0.303482,-0.964673,-0.652606,-0.687046,0.168699,0.247844,0.162493
511_master,13.4,13,7,1.296452,-0.61665,-1.473477,-0.755642,-1.205922,1.221493,-0.243302,-0.026231,-0.299438
515_master,13.4,13,7,0.716821,-0.151408,-0.396346,-0.325044,-0.139598,-0.073649,-0.332701,-0.372884,-0.189873
518_master,13.3,13,0,0.847587,-0.889782,-0.926236,-0.762755,-0.835687,0.125298,0.673081,-0.294447,-0.381672
519_master,13.6,13+,5,0.807529,-0.276774,-0.651492,-0.486798,-0.101415,0.713091,-0.429061,-0.513434,-0.266866
520_master,13.6,13+,7,0.810746,-0.582521,-1.009612,-0.653693,-1.017554,0.406772,-0.058979,0.04814,-0.115485
521_master,13.5,13,0,1.085669,-0.97498,-0.620361,-0.957745,-1.159193,-0.594576,0.196438,0.156236,0.531023
522_master,13.2,13,5,0.57849,-0.441912,-0.256805,-0.510354,0.048979,0.492021,-0.081974,0.188663,-0.507869
525_remaster,13.4,13,7,0.475729,0.34923,-0.797097,0.217101,-0.590702,0.053139,-0.25729,-0.364777,-0.436265
526_master,13.3,13,5,0.489768,-0.610871,-0.281118,-0.609962,-0.033331,0.292958,0.174454,0.027516,-0.428861
527_master,13.4,13,5,0.867888,-0.626502,-0.388839,-0.587183,-0.135207,-0.176702,0.405677,-0.455468,-0.392503
528_master,13.0,13,7,0.749238,-0.354468,-0.875124,-0.559108,-0.795899,0.236268,-0.452038,0.129747,-0.272124
529_master,13.2,13,7,0.707915,-0.084295,-0.725607,-0.245754,-0.393129,0.826483,-0.402521,-0.144959,-0.232173
530_master,13.8,13+,6,1.203361,-0.120455,-0.248262,-0.080528,-0.747676,-0.010722,-0.009694,1.061551,-0.111664
531_master,14.6,14+,1,1.147389,1.430811,-0.589984,1.43905,-0.64316,0.647246,-0.230842,0.429579,-0.614406
533_master,13.0,13,7,1.010503,-0.35113,-0.934404,-0.577878,-0.42678,1.093275,-0.517458,-0.369591,-0.186709
534_master,14.0,14,2,1.872822,1.504782,-0.885056,1.045053,0.020284,-0.208727,-1.087642,-1.540425,-0.852909
536_master,13.2,13,0,0.835723,-1.177016,-0.321094,-0.984245,-0.255501,0.625298,0.71279,0.49331,-0.451089
537_master,13.4,13,5,1.346654,0.368524,-0.322303,0.013107,0.503384,0.795248,-0.927061,-0.703886,-0.381295
538_master,13.3,13,7,0.470525,-0.299644,-1.051004,-0.437027,-0.812633,0.134886,-0.144354,-0.323594,-0.48213
539_master,13.7,13+,7,0.713455,-0.316551,-1.010791,-0.548312,-0.517012,0.583919,-0.426726,-0.303154,-0.612109
542_master,14.1,14,1,1.132264,1.244121,-0.857765,1.049645,-0.695677,0.387875,-0.647923,-0.003286,-0.635936
547_master,13.4,13,4,0.84913,-0.40255,0.533971,-0.507395,0.867415,0.153458,-0.245236,0.364984,-0.442633
548_master,13.8,13+,5,0.683342,-0.691517,-0.652355,-0.694782,-0.265506,0.574483,0.229089,-0.245599,-0.487091
551_master,13.3,13,7,0.846761,0.066529,-0.911949,0.111681,-0.898141,0.641918,0.152543,0.162214,-0.41759
552_master,13.2,13,5,0.613542,-0.832135,-0.477817,-0.865916,0.155501,0.598967,0.218296,-0.575813,-0.515957
553_master,13.3,13,4,1.203042,-0.949356,0.866553,-0.974613,1.548902,0.471317,0.092351,-0.28846,-0.164838
555_master,13.4,13,6,1.22037,0.132067,-0.219611,0.187561,-0.564704,0.256185,0.006267,1.151596,-0.454437
556_expert,13.1,13,7,1.094114,-0.640854,-1.024004,-0.554865,-0.65067,0.169176,0.627806,-0.830962,-0.52072
556_master,14.0,14,6,1.143442,0.803646,-0.505586,0.877807,-0.825226,-0.042117,0.080344,0.512794,-0.440365
557_master,13.8,13+,5,0.856286,0.033018,0.216695,-0.109327,0.796092,0.698498,-0.387612,-0.198361,-0.319494
558_master,13.7,13+,7,1.071402,0.214314,-0.985814,0.368909,-0.732109,0.745941,0.549575,-0.427964,-0.567996
559_master,13.7,13+,5,0.877422,0.289588,-0.083433,0.224414,0.417983,0.561934,-0.144449,-0.470369,-0.328877
560_master,13.3,13,7,0.968582,0.779618,-1.163306,0.536417,-0.832027,0.790855,-0.699802,-0.362953,-0.384675
561_master,13.7,13+,7,1.113901,-0.185335,-0.918463,-0.101796,-0.45112,1.123864,0.386099,-0.40752,-0.57373
565_master,13.3,13,7,0.782646,-0.049455,-0.767745,-0.120316,-0.347673,0.983061,-0.121382,-0.387936,-0.266826
566_expert,13.3,13,7,0.869742,-0.563225,-0.912113,-0.707115,-0.437429,0.866031,-0.20483,-0.486698,-0.212345
566_master,14.0,14,7,0.91449,0.555308,-0.461748,0.605493,-0.305343,0.211537,0.166203,-0.427846,-0.29307
567_master,14.3,14,1,1.204581,1.01489,-0.46404,0.973609,-0.691106,-0.557424,-0.170833,0.228979,-0.552428
568_master,14.0,14,1,0.783052,1.415506,-0.484437,1.231052,-0.210434,0.144002,-0.608865,-0.224007,-0.665762
56_master,13.4,13,2,1.315624,-0.39816,-0.159698,-0.931224,0.542642,-0.504733,-1.177054,-0.91193,-0.172935
571_expert,13.0,13,0,1.146233,-1.15449,-1.098454,-1.107743,-0.741412,0.664562,0.486786,-0.564485,-0.272964
571_master,14.8,14+,1,1.022175,0.971039,0.032598,1.09877,-0.295107,-0.286883,0.181362,0.564301,-0.43701
572_master,13.9,13+,7,0.639548,0.116117,-0.888091,0.125899,-0.683274,0.039246,0.225274,-0.679556,-0.351611
573_master,13.9,13+,0,1.290761,-0.687423,-0.745792,-0.438608,-0.809528,0.780458,0.8029,0.751951,-0.785023
574_master,13.8,13+,0,0.778872,-1.641105,-0.497969,-1.397697,-0.801672,0.464979,0.845874,0.420654,0.29982
578_master,13.2,13,4,0.887648,-0.541834,0.646505,-0.588564,1.209862,0.077736,0.036447,-0.323241,-0.319941
580_master,13.8,13+,4,0.940382,-0.779306,0.958908,-0.564347,0.501736,-0.462849,0.533976,0.972275,0.199143
581_expert,13.0,13,7,1.129669,0.18363,-1.0735,-0.119534,-1.026992,-0.693472,-0.626617,-0.376894,-0.402241
581_master,14.5,14,1,0.915304,1.495545,-0.44078,1.43985,-0.619752,0.110241,-0.401277,0.453032,-0.526207
582_master,13.3,13,0,0.598453,-1.109002,-0.751313,-0.976356,-0.914341,-0.167009,0.653466,0.027395,-0.161394
584_master,13.3,13,5,0.983242,-0.078006,-0.218004,0.016347,0.067001,0.893783,0.270506,0.257151,-0.593141
585_master,13.4,13,6,0.849548,0.250132,-0.068283,0.072999,0.215857,0.197168,-0.491503,0.277908,-0.62655
587_master,13.4,13,4,0.600469,-0.991535,1.277443,-0.807155,1.266984,-0.665166,0.636452,0.64126,-0.34093
589_master,14.4,14,6,0.947317,0.061237,-0.282712,0.196781,-0.574328,0.372412,0.265863,0.679564,-0.172928
589_remaster,14.3,14,6,1.359829,0.532317,0.242957,0.644017,-0.298958,-1.030061,0.228125,0.885069,-0.498047
58_master,13.0,13,4,1.421567,-1.474912,0.289839,-1.33801,0.795236,-0.589257,0.898981,-0.632593,-0.604565
58_remaster,13.4,13,4,0.756941,-1.304713,0.556879,-1.227403,0.554358,-0.247839,0.384147,0.367831,0.009692
592_master,13.9,13+,6,0.671444,0.612394,-0.17724,0.447426,0.029277,-0.003883,-0.480708,-0.039631,-0.436269
593_master,14.2,14,4,1.476388,0.28908,1.276969,0.329617,1.639516,0.423452,-0.061595,0.149091,-0.063826
598_master,13.7,13+,6,0.687175,0.366152,-0.419881,0.272379,-0.245454,0.296127,-0.261739,0.024174,-0.428696
602_master,13.4,13,7,0.428163,0.035387,-1.244507,-0.058135,-0.938565,0.397795,-0.05489,-0.637667,-0.418547
606_expert,13.3,13,0,1.462865,-1.511525,-0.866122,-1.249245,-1.090735,1.12999,0.837489,-0.021024,0.721821
606_master,14.0,14,6,1.412558,-0.21639,0.210206,-0.152973,-0.145941,-1.267962,0.309955,0.427238,-0.377836
610_master,13.8,13+,6,0.735905,0.539864,-0.414088,0.481438,-0.496347,0.047099,-0.228146,0.368822,-0.446929
612_master,13.9,13+,6,0.842991,0.867752,-0.359117,0.77013,-0.261494,0.25656,-0.375901,0.142365,-0.47911
613_master,13.3,13,5,0.67824,-0.171358,-0.082339,-0.301048,0.239028,0.355832,-0.302206,0.196435,-0.503994
614_master,13.7,13+,7,0.577397,0.253202,-0.727827,0.059584,-0.32951,0.519286,-0.461015,-0.319558,-0.448155
615_master,13.2,13,5,0.699746,-0.785738,0.012105,-0.725893,0.303637,0.971891,0.212605,0.086106,-0.005654
61_remaster,14.2,14,6,0.888453,0.030961,0.353022,0.28621,-0.102046,-0.030458,0.552987,0.872214,-0.056094
621_master,13.3,13,0,0.987349,-0.890344,-0.953129,-0.767937,-0.763994,0.457122,0.633655,-0.495089,-0.192908
622_master,13.4,13,0,0.723709,-0.742065,-0.968109,-0.729277,-0.93631,0.283195,0.254044,-0.134472,-0.177234
624_master,13.4,13,5,0.934114,-0.841788,-0.340492,-0.65366,-0.10437,0.109601,0.820997,-0.298335,-0.478698
625_master,14.0,14,2,1.129244,0.839148,-0.50601,0.645477,-0.438089,-0.912838,-0.423674,-0.64695,-0.319786
626_master,13.5,13,5,0.841873,0.007444,-0.067511,-0.120561,0.180417,0.512484,-0.385229,0.289758,-0.361138
627_master,13.4,13,5,0.839922,-0.59416,-0.668008,-0.500907,-0.372799,0.603486,0.471457,-0.236076,-0.456052
628_master,13.7,13+,5,0.667982,-0.724961,0.058825,-0.571982,0.432942,0.914589,0.525287,-0.130228,-0.155538
629_master,13.4,13,4,0.879537,-0.167099,0.62248,-0.22627,0.601714,-0.608175,-0.139005,0.458863,-0.305036
629_remaster,13.7,13+,6,1.03435,0.646579,0.408576,0.533375,0.793333,0.193786,-0.389717,-0.032126,-0.458645
62_remaster,13.1,13,5,1.15053,-1.062261,0.299489,-1.073092,0.630507,1.091099,-0.016646,0.478252,-0.053933
630_master,13.4,13,5,0.683506,-0.284505,-0.236565,-0.327055,0.073978,0.878949,-0.105467,0.114128,-0.25247
631_master,13.9,13+,7,0.925929,0.569447,-1.251234,0.291054,-0.662746,0.788735,-0.664774,-0.889755,-0.393004
632_master,14.0,14,1,0.66969,1.398706,0.254439,1.483663,0.257156,0.062354,0.013127,0.276517,-0.579862
636_master,13.3,13,5,1.75479,-0.914744,-1.045165,-0.7699,-0.647479,1.785013,0.536082,-0.288095,-0.08323
640_master,13.3,13,5,0.774982,-0.540804,0.186047,-0.624636,0.324433,-0.271775,-0.10092,-0.097882,-0.017618
641_master,14.2,14,1,0.904726,1.786382,-0.579179,1.628847,-0.266955,0.150339,-0.552718,-0.626827,-0.536608
642_master,14.0,14,5,1.080196,0.388807,-0.053863,0.446024,0.296016,0.827131,0.100112,-0.173785,-0.306394
643_expert,13.0,13,5,0.577272,-0.660171,-0.543413,-0.695861,-0.146328,0.388788,0.147383,-0.490439,-0.274562
643_master,14.8,14+,6,0.958429,0.814862,-0.174131,0.85885,-0.425378,0.472495,-0.143839,0.595991,-0.087448
648_master,13.3,13,0,0.801978,-0.932108,-0.792591,-0.815051,-0.682224,0.775107,0.505069,-0.009304,-0.171479
649_master,13.7,13+,5,0.96047,-0.246568,0.277378,-0.241198,0.615508,0.867856,-0.030057,0.49057,-0.478492
654_master,13.4,13,0,1.028865,-0.772568,-0.74068,-0.585329,-0.516292,0.652074,0.758071,-0.280329,-0.367226
657_master,13.7,13+,5,0.765291,-0.510418,-0.744184,-0.68172,-0.231713,0.383387,-0.208959,-0.356494,-0.622322
658_expert,13.2,13,5,0.921196,-0.868344,0.097988,-1.096213,0.548236,0.230512,-0.461616,-0.341473,0.105713
658_master,14.0,14,6,0.815675,0.61268,-0.428431,0.643624,-0.454336,0.299384,0.008336,0.239689,-0.450659
659_master,13.7,13+,7,0.898056,-0.184092,-1.205773,-0.153861,-1.373934,0.090481,0.226548,-0.080708,-0.211157
663_master,13.4,13,5,0.653493,-0.402457,-0.073606,-0.47973,0.462494,0.993288,-0.156126,-0.092511,-0.303807
664_expert,13.1,13,0,0.851732,-1.214433,-0.807174,-0.98943,-1.090301,0.733347,0.733032,0.459704,0.125095
664_master,14.4,14,7,0.956018,-0.026407,-0.945083,0.144165,-1.011893,0.147556,0.618495,-0.49333,-0.098151
665_master,13.4,13,4,0.891428,-0.427581,0.518261,-0.375664,0.465044,0.035702,0.113993,0.760093,-0.283284
666_master,13.9,13+,0,0.65097,-0.714791,-0.28587,-0.621329,-0.208385,0.192746,0.426146,0.054113,-0.255073
66_master,13.0,13,5,1.420984,-0.871206,-0.671884,-1.338192,0.009323,0.297438,-0.991008,-0.254911,-0.556896
66_remaster,13.3,13,5,0.638817,-0.412027,-0.362875,-0.370554,-0.097243,0.445157,0.26055,0.06127,-0.56916
670_master,13.6,13+,7,1.270213,-0.351063,-1.605032,-0.468067,-1.225775,1.382356,-0.184388,-0.540484,-0.112263
672_master,13.8,13+,6,1.160184,0.273655,0.282793,0.50545,-0.250965,-0.160794,0.455626,1.17569,-0.33499
673_master,13.5,13,0,0.627355,-0.555796,-0.096719,-0.442094,-0.378078,-0.134326,0.361928,0.537317,-0.087457
674_master,13.3,13,0,1.21314,-1.434727,0.082436,-1.503148,-0.279046,-0.45706,-0.064404,0.997924,0.043334
678_master,13.3,13,5,0.792696,-0.731545,-0.659504,-0.751593,-0.386565,0.678716,0.118683,-0.098644,-0.268027
680_master,13.8,13+,4,0.765008,-0.553948,0.31658,-0.658201,0.626577,-0.335234,-0.099661,0.05118,-0.49435
681_master,13.5,13,2,0.577073,-0.034117,0.148189,-0.195958,0.384561,-1.182157,-0.185665,-0.630791,-0.339203
682_master,13.8,13+,6,0.690436,0.205846,-0.263159,0.259965,-0.106071,0.151344,0.211177,-0.069537,-0.495737
683_master,13.0,13,0,1.12537,-1.605529,0.053688,-1.44517,0.180695,0.69593,0.621351,0.228443,0.114376
684_master,14.0,14,1,1.169936,1.287417,-0.192854,1.201272,-0.48817,-0.365387,-0.45261,0.761388,-0.633841
687_master,13.2,13,5,0.840756,-0.783834,0.150889,-0.582548,0.14817,-0.024486,0.708738,0.098086,-0.149368
688_expert,13.0,13,5,0.944349,-0.75049,0.370716,-0.731897,1.029478,1.004057,0.162709,-0.081177,-0.389542
688_master,14.1,14,6,1.462284,0.734556,1.122347,0.728136,1.361963,-0.221777,-0.160836,0.246728,-0.441177
689_expert,13.3,13,2,2.571589,-0.707934,1.072167,-0.805756,1.373919,-2.880445,0.327537,-0.775705,-0.852622
689_master,14.6,14+,1,1.267988,1.386684,-0.074434,1.444383,0.031329,-0.763114,0.187065,-0.481437,-0.759097
690_master,13.3,13,0,0.792869,-1.471488,-0.894158,-1.257155,-1.075018,0.416141,0.853427,0.136071,0.031287
692_master,13.4,13,0,1.462855,-1.090866,-1.213078,-1.082009,-1.443039,-0.856261,0.456499,-0.247945,-0.275309
693_master,13.1,13,0,0.614011,-0.865077,-0.262669,-0.905217,-0.322642,-0.174362,0.055167,0.294339,-0.155303
694_master,13.4,13,0,1.140703,-1.546445,-0.843269,-1.263901,-1.425629,-0.285592,1.049365,0.445852,0.117769
695_master,13.1,13,0,0.96618,-0.373588,-0.532225,-0.441818,-0.892776,-0.288252,-0.15204,0.575783,-0.061791
696_master,13.4,13,4,0.64953,-0.971746,0.422614,-0.942047,0.757992,0.077613,0.279642,0.073385,-0.347319
700_master,13.7,13+,7,0.67658,0.529636,-1.145507,0.353175,-0.878106,0.079913,-0.344779,-0.506141,-0.603896
701_master,13.8,13+,5,0.678876,-0.492323,-0.652479,-0.65891,-0.016541,0.674674,-0.22302,-0.530309,-0.492987
704_master,13.3,13,0,0.953622,-0.834655,-0.44132,-0.82444,-0.642048,0.75588,-0.010982,0.37099,0.520022
704_remaster,13.4,13,4,0.67108,-0.575,0.339784,-0.577528,0.494329,-0.206642,0.123898,0.138072,-0.281226
705_master,13.9,13+,6,0.893152,-0.11556,0.263736,0.150558,0.189209,0.076327,0.747159,0.249726,-0.273335
709_master,13.3,13,5,0.540945,-0.158657,-0.262275,-0.174087,0.242762,0.46503,0.120828,-0.545331,-0.405067
70_master,14.4,14,7,1.248155,0.881401,-1.346341,0.718017,-0.977344,-0.139295,-0.241287,-1.064908,-0.653286
70_remaster,14.2,14,1,1.615224,1.361867,-0.331491,1.744594,-0.598951,-0.301212,0.987104,-0.30731,-0.440685
710_master,13.7,13+,5,0.608206,-0.451056,0.21868,-0.419611,0.437137,-0.135681,0.239204,-0.120228,-0.281057
711_master,13.8,13+,7,1.211215,0.5689,-1.156128,0.460863,-0.574148,1.258246,-0.254962,-0.839852,-0.333072
717_master,13.2,13,5,0.591508,-0.879369,-0.031969,-0.964057,0.298567,0.344959,-0.066703,0.164432,-0.36468
719_master,14.3,14,1,1.032169,1.321022,-0.853007,1.205779,-0.616606,0.370777,-0.386632,-0.419186,-0.54373
71_remaster,13.3,13,5,0.820604,-0.726976,-0.46409,-0.772255,0.032158,-0.038171,0.239513,-0.699485,-0.498697
720_master,13.6,13+,0,1.056167,-0.870206,-0.916719,-0.710329,-1.487957,-0.27117,0.592687,0.65694,-0.127557
721_master,13.2,13,6,0.990707,-0.392568,0.069776,-0.29045,0.049322,0.235565,0.306968,0.648901,-0.479262
723_master,13.4,13,5,0.938726,-0.044336,0.525075,-0.128791,0.804835,0.077056,-0.238643,0.265064,-0.396386
725_master,13.3,13,5,0.638123,-0.874332,0.282191,-0.862371,0.641153,-0.007221,0.258855,-0.157666,-0.306278
726_master,13.3,13,5,0.647809,-0.491292,0.374806,-0.42289,0.58423,0.16301,0.272019,0.264915,-0.405026
728_remaster,13.7,13+,6,0.861976,0.821033,0.431517,0.7477,0.567713,-0.029129,-0.347288,0.298379,-0.460888
731_remaster,13.2,13,0,0.963977,-0.967925,-0.50022,-1.106999,-0.480896,-0.486455,-0.101988,0.094601,-0.305145
734_expert,13.0,13,7,1.344088,-0.801121,-1.750767,-1.137829,-1.359361,0.611032,-0.610909,-0.671696,-0.14265
734_master,13.9,13+,6,0.408713,0.547586,0.1756,0.473215,0.09624,-0.103573,-0.341067,0.412069,-0.211718
736_master,14.3,14,6,0.721348,0.789365,0.0601,0.738746,0.23698,0.224928,-0.250521,0.073109,-0.413627
737_master,13.4,13,4,1.097753,-1.034311,1.391685,-0.761056,1.210645,0.214098,0.654582,1.248123,-0.03389
738_master,13.4,13,0,1.246381,-0.2577,-0.806353,-0.171302,-1.184032,0.23796,0.239336,0.918264,-0.467398
739_master,13.7,13+,0,2.009652,-1.118649,-0.617563,-0.496431,-0.537088,1.152508,1.961427,-0.384361,-0.139146
740_master,13.9,13+,5,0.872159,-0.45335,-0.234134,-0.354337,-0.127019,0.802911,0.288426,0.374229,-0.28222
741_remaster,13.7,13+,6,0.878662,0.419532,0.151343,0.357192,0.541961,0.260223,-0.17324,-0.260928,-0.379516
743_remaster,13.3,13,5,0.710954,-0.367555,-0.049743,-0.228225,-0.034363,0.486792,0.395775,0.138512,-0.015581
745_master,13.9,13+,6,0.790937,0.86429,-0.267151,0.832514,-0.342888,0.225111,-0.249791,0.328571,-0.336241
746_master,14.8,14+,1,0.594769,1.449498,-0.088642,1.551908,-0.122476,0.132927,0.08373,0.035505,-0.454827
748_master,13.2,13,0,0.909954,-1.205381,-0.209394,-1.09387,-0.185708,-0.418902,0.642125,0.149441,-0.497136
749_master,13.1,13,2,1.003958,-0.839109,-0.401085,-0.950168,-0.281027,-1.342612,0.158155,-0.645924,-0.379746
750_master,14.5,14,6,1.17494,0.322276,-0.210414,0.288805,-0.36546,0.132507,-0.194581,1.035264,-0.758376
751_master,13.2,13,0,0.769861,-1.30772,-0.267117,-1.297251,-0.268508,0.540406,0.153936,0.552731,-0.048005
753_master,13.8,13+,4,1.993645,-2.432696,0.278695,-2.359798,0.434005,-1.003333,0.789843,0.14328,-0.5179
756_remaster,13.8,13+,7,1.401572,0.922602,-1.222375,0.677481,-0.98156,1.011356,-0.793343,0.126301,-0.592415
757_master,14.3,14,1,1.635905,2.14528,-1.283362,2.042832,-1.083103,0.548546,-0.447738,-0.74106,-0.506015
759_remaster,13.3,13,7,1.082583,0.164262,-1.233949,0.022179,-1.47466,-0.150512,-0.324771,0.174936,-0.287078
75_master,13.4,13,2,1.613069,-0.402663,-1.7782,-0.867391,-1.175834,-1.043165,-0.642207,-1.601998,-0.707925
760_master,14.1,14,1,1.322496,0.791203,0.435188,0.896023,0.707148,0.873444,0.07323,0.219989,-0.372248
762_master,13.4,13,7,0.637611,0.150116,-0.847644,-0.099411,-0.465925,-0.101768,-0.482676,-0.746502,-0.349352
763_remaster,13.2,13,4,0.473891,-0.817915,0.59493,-0.725977,0.604946,-0.174527,0.34459,0.397991,-0.123842
764_master,13.3,13,0,0.596725,-0.607959,-0.645754,-0.504574,-0.721095,0.393195,0.397735,0.095176,-0.070875
766_master,13.9,13+,6,0.785609,0.108789,-0.384742,-0.043064,-0.155627,0.186981,-0.364383,0.113758,-0.53906
767_master,13.6,13+,7,0.583363,-0.060856,-0.392525,-0.0716,-0.25657,0.108655,0.068811,-0.301067,-0.146167
769_master,13.7,13+,6,0.615648,0.172301,0.050144,0.085905,0.236786,-0.22844,-0.176491,-0.047255,-0.411194
770_master,13.3,13,0,0.580744,-0.975737,-0.576495,-0.860197,-0.498672,0.161976,0.582417,-0.127778,-0.241061
771_master,13.9,13+,6,1.076223,0.608478,-0.427914,0.522967,-0.224593,0.850449,-0.369305,0.162091,-0.342851
772_master,14.1,14,7,1.037217,0.285331,-1.381479,0.380069,-1.324502,0.451699,0.399847,-0.507607,-0.390292
773_master,14.8,14+,1,0.349406,1.394161,-0.045741,1.4025,-0.087743,0.053243,-0.19062,0.096102,-0.356645
775_master,13.3,13,0,1.077268,-0.944332,-1.017578,-0.886652,-1.541387,-0.089494,0.288761,0.763193,-0.099975
776_master,13.8,13+,4,0.95237,-0.537199,0.457235,-0.280515,0.510099,-0.256309,0.862678,-0.061551,-0.236501
777_master,14.3,14,6,0.719249,0.247701,0.04206,0.381437,0.021044,0.355243,0.291855,0.452345,-0.427506
777_remaster,13.8,13+,4,2.14472,-1.768361,1.527589,-1.380883,1.144908,-1.5412,1.364676,1.437583,-0.856193
779_expert,13.3,13,7,0.644178,-0.180159,-0.743451,-0.224806,-0.384081,0.081285,0.131343,-0.550658,-0.561576
779_master,14.8,14+,6,0.873683,0.773686,-0.559362,0.678744,-0.466963,0.20421,-0.314946,-0.018955,-0.442143
781_master,13.3,13,4,1.064103,-0.679729,0.812998,-0.896844,1.230729,0.147095,-0.560652,0.350125,-0.202698
786_master,13.8,13+,0,2.196188,-2.278357,-1.168828,-1.713719,-1.621862,0.750861,1.916377,0.969639,-0.497177
792_remaster,13.2,13,2,1.111836,-1.052651,-0.110664,-1.038603,0.073537,-0.670031,0.415508,-0.50256,-0.194859
793_remaster,13.3,13,7,0.627935,-0.266316,-0.716974,-0.220213,-0.543726,0.534983,0.253979,-0.163593,-0.327253
794_master,13.2,13,5,0.795142,-1.118903,0.278412,-1.11433,0.430352,0.159782,0.155815,0.03448,0.164013
796_master,14.4,14,1,0.757869,0.997224,-0.272468,0.907578,-0.226225,-0.190383,-0.316713,-0.249191,-0.254178
797_master,14.2,14,1,1.050768,1.836174,0.562757,1.794431,0.907343,0.008518,-0.344696,-0.398039,-0.43896
798_master,13.9,13+,6,0.598862,0.02937,-0.214521,0.06559,-0.278001,0.159655,0.086943,0.386133,-0.336231
799_expert,13.0,13,2,0.734598,0.370251,-0.554657,0.122037,-0.186702,-0.400192,-0.50101,-0.661164,-0.481898
799_master,14.8,14+,1,1.048881,1.618245,-0.268897,1.662401,-0.613747,-0.339062,-0.114749,0.487936,-0.566141
799_remaster,14.9,14+,1,0.984048,1.85121,0.150518,1.960474,-0.291106,-0.437022,-0.034038,0.527175,-0.353534
800_master,13.5,13,5,0.358019,-0.392708,0.076915,-0.364227,0.366602,0.272805,0.188362,-0.334141,-0.051802
801_master,13.4,13,4,0.554124,-0.453051,1.267397,-0.307634,1.303549,-0.10471,0.346186,0.526692,-0.033894
802_master,13.3,13,0,1.700137,-1.911365,0.097973,-1.488087,-0.864603,0.479016,1.081011,1.417039,0.970744
803_master,14.3,14,1,0.952011,1.259339,-0.326736,1.11827,-0.410691,0.182989,-0.624194,0.545587,-0.523212
803_remaster,14.9,14+,1,1.477351,1.7729,1.115014,1.79023,1.097747,0.154339,-0.407211,0.918191,-0.577439
804_master,13.4,13,4,1.450005,-0.413584,1.192946,-0.374742,0.820549,-0.49578,-0.049083,1.671397,-0.390816
805_master,13.2,13,4,0.52556,-0.5368,0.84904,-0.493092,0.835247,-0.682403,0.208194,0.219139,-0.063378
807_master,13.2,13,5,0.840939,-0.782902,0.07491,-0.789343,0.085305,0.068305,0.072997,0.476309,-0.208975
809_remaster,13.3,13,4,0.951266,-0.840748,1.036186,-0.91396,1.396701,0.30895,-0.186284,0.574506,-0.246468
811_master,13.1,13,0,0.692167,-1.108077,-0.385967,-0.987819,-0.38584,0.746186,0.437851,0.233724,0.108056
812_master,14.4,14,1,0.858228,1.024338,0.038258,0.960319,0.105256,0.562417,-0.43138,0.388961,-0.302574
812_remaster,14.8,14+,1,0.495236,1.326493,-0.161685,1.311539,-0.171708,0.158625,-0.241907,0.160969,-0.442425
815_master,13.3,13,5,1.133048,-1.145571,0.334387,-0.866678,0.490732,0.922859,0.841834,0.376172,-0.088494
816_remaster,13.3,13,0,0.999152,-0.967611,-0.840141,-1.11349,-0.733135,0.694275,-0.272071,0.224851,-0.045926
817_master,13.4,13,0,0.819902,-0.536514,-0.397395,-0.633974,-0.40778,-0.136887,-0.133279,0.27238,-0.294993
818_remaster,13.4,13,5,0.536416,-0.593046,0.279885,-0.576715,0.62455,0.069301,0.212763,-0.026452,-0.43428
819_master,13.4,13,5,0.842682,-0.52782,-0.600083,-0.509894,-0.263264,0.057044,0.34509,-0.561577,-0.440981
81_remaster,13.2,13,7,1.065765,-0.605649,-1.123513,-0.44771,-1.037398,0.363203,0.709095,-0.338264,-0.410358
820_master,14.0,14,4,0.918517,-0.391269,0.726042,-0.128668,0.658742,0.144616,0.692499,0.572001,-0.212158
820_remaster,14.5,14,1,1.56363,0.854282,0.960072,1.133785,1.065978,0.773642,0.470613,0.361427,-0.175218
821_master,13.6,13+,5,0.635968,-0.178089,-0.347097,-0.264639,-0.044741,0.073682,-0.080879,-0.325673,-0.350551
823_master,13.8,13+,7,0.863938,-0.289773,-0.421081,-0.3587,-0.480852,0.079955,-0.140009,0.349962,-0.236423
825_master,14.6,14+,1,0.684264,1.54922,-0.306342,1.37154,7.6e-05,0.352326,-0.665712,-0.301429,-0.457476
825_remaster,14.8,14+,1,0.601184,1.882176,0.241138,1.84736,0.243699,0.098277,-0.42804,0.259629,-0.471862
828_master,13.5,13,4,2.880887,-2.396932,1.867941,-1.593137,2.06356,0.658891,2.45863,1.205217,-0.800871
829_master,13.4,13,7,0.40206,-0.060261,-1.016714,-0.182941,-0.910563,-0.034537,-0.157932,-0.413105,-0.260355
82_master,13.9,13+,7,1.446678,-0.549253,-2.132182,-0.795605,-1.537417,0.613376,-0.231894,-1.304246,-0.417573
830_remaster,13.8,13+,5,1.128396,0.313419,-0.131232,0.012009,0.527758,0.243902,-0.737986,-0.575291,-0.451607
831_remaster,13.0,13,0,1.11016,-0.910948,-1.358104,-1.009478,-1.495728,-0.010034,-0.008047,0.002774,-0.134869
833_expert,13.4,13,2,0.830018,0.35139,-0.258877,0.232046,0.067393,-0.285934,-0.1899,-0.585504,-0.409061
833_master,14.8,14+,1,1.249847,1.700071,0.248548,1.532291,0.405154,-0.95206,-0.542399,-0.488042,-0.508602
833_remaster,14.9,14+,1,1.144298,1.212093,0.283629,1.306885,-0.22262,-0.752095,0.029694,0.673649,-0.297453
834_expert,13.9,13+,5,0.893361,0.258829,-0.349816,0.175247,0.056877,0.419681,-0.160373,-0.196208,-0.608901
834_master,14.9,14+,1,1.554537,2.650294,0.302257,2.887784,-0.098402,-0.203012,0.18868,0.247383,-0.324586
835_master,13.4,13,5,3.166926,-2.753224,0.053345,-2.070072,0.814532,1.820923,2.409758,-0.208115,-0.729373
836_master,13.9,13+,6,0.836719,0.318543,0.011857,0.520599,-0.186906,-0.38275,0.572463,0.133828,-0.334341
837_master,13.7,13+,4,1.874457,-1.303532,0.796375,-1.18992,0.171484,-1.060388,0.384008,1.741851,-0.396969
838_remaster,13.7,13+,7,1.026805,0.067933,-0.688626,0.223316,-0.733163,0.156515,0.529259,0.078308,-0.566197
839_master,13.8,13+,5,0.477563,-0.301919,-0.089415,-0.379952,0.310837,0.122098,-0.050734,-0.485539,-0.207516
83_master,13.4,13,2,1.098484,-0.48251,-0.051338,-0.590823,0.738154,-0.985602,0.249359,-1.425981,-0.784119
840_master,13.8,13+,1,0.879891,1.380611,-0.656709,1.195053,-0.56033,0.124453,-0.645458,-0.055205,-0.532435
841_master,13.7,13+,6,0.666302,-0.182985,-0.087948,-0.268106,-0.060311,-0.214748,-0.165305,0.129624,-0.209331
843_master,13.8,13+,4,1.246491,-0.469892,0.581294,-0.314279,0.254128,-0.135319,0.356703,1.211481,-0.339722
844_master,14.7,14+,1,1.251268,1.916987,-0.752429,1.671654,-0.205061,0.634921,-0.816783,-0.62092,-0.760036
848_master,14.0,14,1,0.919803,1.054687,-0.376608,0.994651,-0.413617,0.373938,-0.359923,0.391371,-0.459212
849_expert,13.2,13,2,0.801769,-0.564682,-0.551812,-0.661577,-0.298312,-0.419905,0.053988,-0.532141,-0.370662
849_master,13.7,13+,0,0.684711,-1.279449,-0.654303,-1.156487,-0.515084,0.513793,0.614451,-0.035187,-0.225227
850_master,14.2,14,1,2.963702,3.989369,-0.803764,4.04626,-1.21835,-0.429327,-0.341997,-0.48548,-0.421339
852_expert,13.1,13,7,0.573919,-0.460706,-1.059085,-0.600098,-0.710623,0.589001,-0.175853,-0.457554,-0.25803
852_master,14.6,14+,1,1.510622,1.962064,-0.785232,2.02084,-0.999181,-0.537863,0.049491,-0.488987,-0.439646
853_master,13.0,13,7,0.749795,-0.172627,-0.983895,-0.239117,-0.415049,0.634418,0.070895,-0.862003,-0.474947
85_master,13.7,13+,4,1.374337,-0.607212,0.538636,-0.810978,1.439782,-0.210164,-0.227479,-0.656824,-0.753763
85_remaster,14.0,14,2,1.1275,0.184004,0.385414,0.055335,0.963326,-0.41243,-0.171612,-0.542721,-0.669502
